"date","NDVI","pv","green_mean","green"
1987-09-09,26.456164301774,62.9545454545455,NA,NA
1987-09-25,48.6918095151436,52.3195266272189,NA,NA
1987-11-12,NA,NA,NA,NA
1987-11-28,NA,25.7396449704142,NA,NA
1987-12-05,NA,NA,NA,NA
1987-12-14,45.7671038132995,52.9704142011834,NA,NA
1987-12-21,NA,NA,NA,NA
1987-12-30,47.5020344354438,56.7041420118343,NA,NA
1988-01-01,NA,NA,53.324506620035,NA
1988-01-06,NA,NA,53.324506620035,NA
1988-01-15,NA,NA,53.324506620035,NA
1988-01-31,50.261636162861,56.6331360946746,53.324506620035,NA
1988-02-01,NA,NA,53.324506620035,NA
1988-02-16,51.5486791467382,56.7692307692308,53.324506620035,NA
1988-03-01,NA,NA,53.324506620035,NA
1988-03-03,NA,NA,53.324506620035,NA
1988-03-19,50.8275203060012,55.1065088757396,53.324506620035,NA
1988-04-01,NA,NA,53.324506620035,NA
1988-04-20,NA,NA,53.324506620035,NA
1988-05-01,NA,NA,53.324506620035,NA
1988-05-06,26.433022130639,NA,53.324506620035,NA
1988-06-01,NA,NA,53.324506620035,NA
1988-06-07,NA,NA,53.324506620035,NA
1988-06-23,55.3003352974173,72.0591715976331,53.324506620035,NA
1988-07-01,NA,NA,53.324506620035,NA
1988-07-09,NA,NA,53.324506620035,NA
1988-07-25,30.3205138795129,NA,53.324506620035,NA
1988-08-01,NA,NA,53.324506620035,NA
1988-08-26,NA,NA,53.324506620035,NA
1988-09-01,NA,NA,53.324506620035,NA
1988-09-11,51.307288450572,51.8269230769231,53.324506620035,NA
1988-09-27,45.2783695519082,47.9879518072289,53.324506620035,NA
1988-10-01,NA,NA,53.324506620035,NA
1988-10-13,NA,44,53.324506620035,NA
1988-10-20,NA,NA,53.324506620035,NA
1988-10-29,51.9934425820009,58.5917159763314,53.324506620035,NA
1988-11-01,NA,NA,53.324506620035,NA
1988-11-30,42.2918966882173,48.4260355029586,53.324506620035,NA
1988-12-01,NA,NA,53.324506620035,NA
1988-12-16,45.8526982867553,52.8270676691729,53.324506620035,NA
1989-01-01,27.6673541569943,45.5625,70.5986003499125,NA
1989-01-17,56.0493882892156,65.9881656804734,70.5986003499125,NA
1989-01-24,NA,NA,70.5986003499125,NA
1989-02-01,NA,NA,70.5986003499125,NA
1989-02-02,57.8756144620707,64.2248520710059,70.5986003499125,NA
1989-02-18,57.2664960726385,63.4674556213018,70.5986003499125,NA
1989-03-01,NA,NA,70.5986003499125,NA
1989-03-06,55.0071838709181,60.4674556213018,70.5986003499125,NA
1989-04-01,NA,NA,70.5986003499125,NA
1989-05-01,NA,NA,70.5986003499125,NA
1989-05-25,NA,NA,70.5986003499125,NA
1989-06-01,NA,NA,70.5986003499125,NA
1989-06-26,56.7894703608586,71.0295857988166,70.5986003499125,NA
1989-07-01,NA,NA,70.5986003499125,NA
1989-08-01,NA,NA,70.5986003499125,NA
1989-08-13,55.2768895637758,62.7751479289941,70.5986003499125,NA
1989-08-29,NA,NA,70.5986003499125,NA
1989-09-01,NA,NA,70.5986003499125,NA
1989-09-14,55.407205848233,60.3550295857988,70.5986003499125,NA
1989-09-21,NA,NA,70.5986003499125,NA
1989-09-30,51.5385966055226,56.1775147928994,70.5986003499125,NA
1989-10-01,NA,NA,64.6740088105727,NA
1989-11-01,55.0621494576007,59.8994082840237,64.6740088105727,NA
1989-11-17,NA,NA,64.6740088105727,NA
1989-11-24,NA,NA,64.6740088105727,NA
1989-12-01,NA,NA,64.6740088105727,NA
1989-12-03,48.2483565355499,54.2899408284024,64.6740088105727,NA
1989-12-10,NA,NA,64.6740088105727,NA
1989-12-19,53.2276753968902,61.8579881656805,64.6740088105727,NA
1990-01-01,NA,NA,64.6740088105727,NA
1990-02-01,NA,NA,64.6740088105727,NA
1990-02-21,NA,NA,64.6740088105727,NA
1990-03-01,NA,NA,64.6740088105727,NA
1990-03-09,56.2835710621568,61.7633136094675,64.6740088105727,NA
1990-03-25,55.0466974220593,62.2426035502959,64.6740088105727,NA
1990-04-01,NA,NA,68.0724094881398,NA
1990-05-01,NA,NA,68.0724094881398,NA
1990-05-12,57.6204685656986,67.8343195266272,68.0724094881398,NA
1990-05-28,56.1771341431361,70.5562130177515,68.0724094881398,NA
1990-06-01,NA,NA,68.0724094881398,NA
1990-06-13,54.5549482347036,65.8,68.0724094881398,NA
1990-06-29,NA,NA,68.0724094881398,NA
1990-07-01,NA,NA,68.0724094881398,NA
1990-07-15,NA,42.7396449704142,68.0724094881398,NA
1990-07-31,NA,NA,68.0724094881398,NA
1990-08-01,NA,NA,68.0724094881398,NA
1990-08-16,NA,NA,68.0724094881398,NA
1990-09-01,55.7597435562067,62.7988165680473,68.0724094881398,NA
1990-09-17,55.1023801644596,57.6213017751479,68.0724094881398,NA
1990-10-01,NA,NA,63.3935532233883,NA
1990-10-03,54.8215060108119,59.4082840236686,63.3935532233883,NA
1990-10-19,NA,NA,63.3935532233883,NA
1990-11-01,NA,NA,63.3935532233883,NA
1990-11-04,55.7593568856316,60.9289940828402,63.3935532233883,NA
1990-11-20,NA,NA,63.3935532233883,NA
1990-12-01,NA,NA,63.3935532233883,NA
1990-12-06,51.3810534947481,56.8224852071006,63.3935532233883,NA
1990-12-22,54.0121053200727,60.2899408284024,63.3935532233883,NA
1991-01-01,NA,NA,62.6073481629593,NA
1991-01-07,53.7790151111364,58.9763313609467,62.6073481629593,NA
1991-01-23,50.6708191720765,NA,62.6073481629593,NA
1991-02-01,NA,NA,62.6073481629593,NA
1991-02-08,53.7188364369057,59.3609467455621,62.6073481629593,NA
1991-02-24,55.1494562117162,61.4023668639053,62.6073481629593,NA
1991-03-01,NA,NA,62.6073481629593,NA
1991-03-12,53.8775939622515,58.0414201183432,62.6073481629593,NA
1991-03-28,NA,NA,62.6073481629593,NA
1991-04-01,NA,NA,64.0190047511878,NA
1991-04-13,NA,NA,64.0190047511878,NA
1991-04-29,NA,NA,64.0190047511878,NA
1991-05-01,NA,NA,64.0190047511878,NA
1991-05-15,52.9181629188819,59.7159763313609,64.0190047511878,NA
1991-05-31,56.0596196174212,72.1775147928994,64.0190047511878,NA
1991-06-01,NA,NA,64.0190047511878,NA
1991-06-16,52.5485667698782,67.1360946745562,64.0190047511878,NA
1991-07-01,NA,NA,67.7654413603401,NA
1991-07-02,54.2475530785271,67.8698224852071,67.7654413603401,NA
1991-07-18,55.2616568136425,68.2189349112426,67.7654413603401,NA
1991-08-01,NA,NA,67.7654413603401,NA
1991-08-03,52.1589492294545,59.4615384615385,67.7654413603401,NA
1991-08-19,53.3430886071288,54.9526627218935,67.7654413603401,NA
1991-09-01,NA,NA,67.7654413603401,NA
1991-09-04,49.0440172021446,52.1656804733728,67.7654413603401,NA
1991-09-20,48.3641686033073,53.3491124260355,67.7654413603401,NA
1991-10-01,NA,NA,50.0716783216783,NA
1991-10-06,45.9686047634222,52.8757396449704,50.0716783216783,NA
1991-10-22,40.9393761016521,47.508875739645,50.0716783216783,NA
1991-11-01,NA,NA,50.0716783216783,NA
1991-11-07,42.9060205695584,47.4023668639053,50.0716783216783,NA
1991-11-23,37.6803207619661,44.4615384615385,50.0716783216783,NA
1991-12-01,NA,NA,50.0716783216783,NA
1991-12-09,NA,23.2662721893491,50.0716783216783,NA
1991-12-25,34.7802712168098,40.05,50.0716783216783,NA
1992-01-01,NA,NA,50.0716783216783,NA
1992-01-10,43.7456966115142,49.7988165680473,50.0716783216783,NA
1992-01-26,45.1397391741904,49.9349112426035,50.0716783216783,NA
1992-02-01,NA,NA,50.0716783216783,NA
1992-02-11,33.4745806424186,59.601226993865,50.0716783216783,NA
1992-02-27,NA,42.1142857142857,50.0716783216783,NA
1992-03-01,NA,NA,50.0716783216783,NA
1992-03-30,52.2849861582996,60.6804733727811,50.0716783216783,NA
1992-04-01,NA,NA,50.0716783216783,NA
1992-04-15,NA,NA,50.0716783216783,NA
1992-05-01,NA,NA,50.0716783216783,NA
1992-05-17,48.1768379957047,57.6923076923077,50.0716783216783,NA
1992-06-01,NA,NA,50.0716783216783,NA
1992-06-02,NA,NA,50.0716783216783,NA
1992-06-18,NA,NA,50.0716783216783,NA
1992-07-01,NA,NA,61.0447052947053,NA
1992-07-04,49.3268222000144,67.2130177514793,61.0447052947053,NA
1992-07-20,44.7448789909055,56.1656804733728,61.0447052947053,NA
1992-08-01,NA,NA,61.0447052947053,NA
1992-08-21,46.6991325411339,51.5739644970414,61.0447052947053,NA
1992-09-01,NA,NA,61.0447052947053,NA
1992-09-06,48.1153889176172,53.0118343195266,61.0447052947053,NA
1992-09-22,45.8429561741529,51.5798816568047,61.0447052947053,NA
1992-10-01,NA,NA,54.0019990004998,NA
1992-10-24,46.6758408473689,52.9289940828402,54.0019990004998,NA
1992-11-01,NA,NA,54.0019990004998,NA
1992-11-09,22.1133392794789,NA,54.0019990004998,NA
1992-11-25,46.0822732022685,52.810650887574,54.0019990004998,NA
1992-12-01,NA,NA,54.0019990004998,NA
1992-12-11,44.2640990314536,51.3431952662722,54.0019990004998,NA
1992-12-27,40.2339930260861,48.3313609467456,54.0019990004998,NA
1993-01-01,NA,NA,64.8586413586414,NA
1993-01-12,52.0718835582172,60.0236686390533,64.8586413586414,NA
1993-01-28,58.1007865724486,66.4970414201184,64.8586413586414,NA
1993-02-01,NA,NA,64.8586413586414,NA
1993-02-13,58.3803245523469,67.1538461538462,64.8586413586414,NA
1993-03-01,56.6210419929523,65.7692307692308,64.8586413586414,NA
1993-03-17,59.9089568124378,68.3905325443787,64.8586413586414,NA
1993-04-01,NA,NA,72.6738261738262,NA
1993-04-02,55.0082678060009,58.6745562130178,72.6738261738262,NA
1993-04-18,59.0761171099074,68.2958579881657,72.6738261738262,NA
1993-05-01,NA,NA,72.6738261738262,NA
1993-05-04,57.4912578522807,65.1420118343195,72.6738261738262,NA
1993-05-20,56.9379996985373,68.6804733727811,72.6738261738262,NA
1993-06-01,NA,NA,72.6738261738262,NA
1993-06-05,57.1331651112582,74.1656804733728,72.6738261738262,NA
1993-06-21,NA,73.7159763313609,72.6738261738262,NA
1993-07-01,NA,NA,76.0052460654509,NA
1993-07-23,33.560472003863,61.3076923076923,76.0052460654509,NA
1993-08-01,NA,NA,76.0052460654509,NA
1993-08-08,53.429857492926,70.7826086956522,76.0052460654509,NA
1993-08-15,NA,NA,76.0052460654509,NA
1993-08-24,51.8964323350353,58.5562130177515,76.0052460654509,NA
1993-08-31,NA,NA,76.0052460654509,NA
1993-09-01,NA,NA,76.0052460654509,NA
1993-09-09,57.2255308876554,68.2426035502959,76.0052460654509,NA
1993-09-25,55.644568927035,61.3431952662722,76.0052460654509,NA
1993-10-01,NA,NA,67.6860639360639,NA
1993-10-11,56.5152087715987,61.0769230769231,67.6860639360639,NA
1993-10-18,NA,NA,67.6860639360639,NA
1993-10-27,NA,NA,67.6860639360639,NA
1993-11-01,NA,NA,67.6860639360639,NA
1993-11-03,NA,NA,67.6860639360639,NA
1993-11-12,NA,NA,67.6860639360639,NA
1993-11-28,53.5733326954019,59.698224852071,67.6860639360639,NA
1993-12-01,NA,NA,67.6860639360639,NA
1993-12-14,NA,NA,67.6860639360639,NA
1993-12-30,56.3091797543919,63.7514792899408,67.6860639360639,NA
1994-01-01,NA,NA,67.6860639360639,NA
1994-01-06,NA,NA,67.6860639360639,NA
1994-01-15,NA,44.3136094674556,67.6860639360639,NA
1994-01-22,NA,NA,67.6860639360639,NA
1994-01-31,50.8933459142859,59.0532544378698,67.6860639360639,NA
1994-02-01,NA,NA,67.6860639360639,NA
1994-02-07,NA,NA,67.6860639360639,NA
1994-02-23,NA,NA,67.6860639360639,NA
1994-03-01,NA,NA,67.6860639360639,NA
1994-03-04,54.0754231572736,60.3254437869822,67.6860639360639,NA
1994-03-20,55.6377544887324,61.4556213017751,67.6860639360639,NA
1994-04-01,NA,NA,64.8035982008995,NA
1994-04-05,NA,NA,64.8035982008995,NA
1994-04-12,NA,NA,64.8035982008995,NA
1994-04-21,56.2066079679302,62.1952662721894,64.8035982008995,NA
1994-05-01,NA,NA,64.8035982008995,NA
1994-05-07,50.8750220535813,57.7869822485207,64.8035982008995,NA
1994-05-23,54.2902014820916,62.1065088757396,64.8035982008995,NA
1994-06-01,NA,NA,64.8035982008995,NA
1994-06-08,54.1832819475587,70.1479289940828,64.8035982008995,NA
1994-06-24,NA,NA,64.8035982008995,NA
1994-07-01,NA,NA,62.0704471646265,NA
1994-07-10,34.3973914300066,84.3617021276596,62.0704471646265,NA
1994-07-26,53.6354033583021,59.396449704142,62.0704471646265,NA
1994-08-01,NA,NA,62.0704471646265,NA
1994-08-02,NA,NA,62.0704471646265,NA
1994-08-11,NA,NA,62.0704471646265,NA
1994-08-18,NA,NA,62.0704471646265,NA
1994-08-27,49.5030514000382,53.0177514792899,62.0704471646265,NA
1994-09-01,NA,NA,62.0704471646265,NA
1994-09-03,NA,NA,62.0704471646265,NA
1994-09-12,48.3403002326342,51.9881656804734,62.0704471646265,NA
1994-09-19,NA,NA,62.0704471646265,NA
1994-09-28,NA,NA,62.0704471646265,NA
1994-10-01,NA,NA,62.0704471646265,NA
1994-10-14,44.8821906270672,49.2011834319527,62.0704471646265,NA
1994-10-21,NA,NA,62.0704471646265,NA
1994-10-30,NA,NA,62.0704471646265,NA
1994-11-01,NA,NA,62.0704471646265,NA
1994-11-15,NA,NA,62.0704471646265,NA
1994-11-22,42.6909550412229,45.3431952662722,62.0704471646265,NA
1994-12-01,41.2715771352142,46.5207100591716,62.0704471646265,NA
1994-12-17,40.4053111162527,45.9467455621302,62.0704471646265,NA
1994-12-24,NA,NA,62.0704471646265,NA
1995-01-01,NA,NA,50.0831668331668,NA
1995-01-02,NA,NA,50.0831668331668,NA
1995-01-09,NA,NA,50.0831668331668,NA
1995-01-25,NA,NA,50.0831668331668,NA
1995-02-01,NA,NA,50.0831668331668,NA
1995-02-03,50.3706392608712,56.3313609467456,50.0831668331668,NA
1995-02-10,50.2482397037409,58.0588235294118,50.0831668331668,NA
1995-02-19,52.299220787724,58.0769230769231,50.0831668331668,NA
1995-02-26,54.897527519271,62.905325443787,50.0831668331668,NA
1995-03-01,NA,NA,50.0831668331668,NA
1995-03-07,54.7931360539441,61.3491124260355,50.0831668331668,NA
1995-03-14,57.9360635107903,62,50.0831668331668,NA
1995-03-23,NA,NA,50.0831668331668,NA
1995-03-30,57.0929441667019,63.3550295857988,50.0831668331668,NA
1995-04-01,NA,NA,50.0831668331668,NA
1995-04-15,NA,NA,50.0831668331668,NA
1995-04-24,NA,NA,50.0831668331668,NA
1995-05-01,NA,NA,50.0831668331668,NA
1995-05-10,NA,NA,50.0831668331668,NA
1995-05-17,NA,NA,50.0831668331668,NA
1995-06-01,NA,NA,50.0831668331668,NA
1995-06-02,54.8886219915276,77.491124260355,50.0831668331668,NA
1995-06-27,55.6059346358136,70.1715976331361,50.0831668331668,NA
1995-07-01,NA,NA,50.0831668331668,NA
1995-07-04,NA,NA,50.0831668331668,NA
1995-07-13,NA,NA,50.0831668331668,NA
1995-07-20,29.8997767419455,NA,50.0831668331668,NA
1995-08-01,NA,NA,50.0831668331668,NA
1995-08-05,NA,NA,50.0831668331668,NA
1995-08-14,55.1248502428532,59.0236686390533,50.0831668331668,NA
1995-08-30,NA,NA,50.0831668331668,NA
1995-09-01,NA,NA,50.0831668331668,NA
1995-09-06,NA,NA,50.0831668331668,NA
1995-09-22,NA,NA,50.0831668331668,NA
1995-10-01,NA,NA,50.0831668331668,NA
1995-10-08,NA,NA,50.0831668331668,NA
1995-10-17,NA,NA,50.0831668331668,NA
1995-10-24,NA,NA,50.0831668331668,NA
1995-11-01,NA,NA,50.0831668331668,NA
1995-11-18,NA,NA,50.0831668331668,NA
1995-12-01,NA,NA,50.0831668331668,NA
1995-12-04,NA,NA,50.0831668331668,NA
1995-12-20,47.1747864265349,52.585798816568,50.0831668331668,NA
1996-01-01,NA,NA,48.5697151424288,NA
1996-01-05,43.9466235924178,48.1428571428571,48.5697151424288,NA
1996-01-21,45.4526073939445,50.6745562130178,48.5697151424288,NA
1996-02-01,NA,NA,48.5697151424288,NA
1996-02-06,38.2297581630349,42.5147928994083,48.5697151424288,NA
1996-02-22,NA,NA,48.5697151424288,NA
1996-03-01,NA,NA,48.5697151424288,NA
1996-03-09,36.3014644595512,44.7333333333333,48.5697151424288,NA
1996-03-25,48.2557623157983,55.3195266272189,48.5697151424288,NA
1996-04-01,NA,NA,48.5697151424288,NA
1996-04-10,NA,NA,48.5697151424288,NA
1996-04-26,49.8895367316699,55.3136094674556,48.5697151424288,NA
1996-05-01,NA,NA,48.5697151424288,NA
1996-05-12,NA,NA,48.5697151424288,NA
1996-05-28,NA,48.5325443786982,48.5697151424288,NA
1996-06-01,NA,NA,48.5697151424288,NA
1996-06-13,48.4891440225449,61.8402366863905,48.5697151424288,NA
1996-07-01,NA,NA,48.5697151424288,NA
1996-07-15,52.3024327350913,67.4082840236686,48.5697151424288,NA
1996-07-31,NA,NA,48.5697151424288,NA
1996-08-01,NA,NA,48.5697151424288,NA
1996-08-16,NA,NA,48.5697151424288,NA
1996-09-01,49.5370669639374,51.8402366863905,48.5697151424288,NA
1996-09-17,43.3702823005495,47.8165680473373,48.5697151424288,NA
1996-10-01,NA,NA,48.6450162378216,NA
1996-10-03,41.5913888122648,46.2485207100592,48.6450162378216,NA
1996-10-19,49.6991320117943,54.1005917159763,48.6450162378216,NA
1996-11-01,NA,NA,48.6450162378216,NA
1996-11-20,41.9845347985177,47.4733727810651,48.6450162378216,NA
1996-12-01,NA,NA,48.6450162378216,NA
1996-12-22,NA,NA,48.6450162378216,NA
1997-01-01,NA,NA,48.6450162378216,NA
1997-01-07,54.0756169248803,58.2307692307692,48.6450162378216,NA
1997-01-23,NA,NA,48.6450162378216,NA
1997-02-01,NA,NA,48.6450162378216,NA
1997-02-24,56.7772955520519,62.189349112426,48.6450162378216,NA
1997-03-01,NA,NA,48.6450162378216,NA
1997-03-12,55.0031932078098,57.0118343195266,48.6450162378216,NA
1997-03-28,56.2232638936361,59.2011834319527,48.6450162378216,NA
1997-04-01,NA,NA,65.775612193903,NA
1997-04-13,53.6310105497189,61.0177514792899,65.775612193903,NA
1997-04-29,NA,NA,65.775612193903,NA
1997-05-01,NA,NA,65.775612193903,NA
1997-05-31,59.6319851856528,66.7041420118343,65.775612193903,NA
1997-06-01,NA,NA,65.775612193903,NA
1997-06-16,59.9607297807001,76.792899408284,65.775612193903,NA
1997-07-01,NA,NA,71.647088227943,NA
1997-07-02,59.009679094443,71.9526627218935,71.647088227943,NA
1997-07-18,57.5919191144726,64.2366863905325,71.647088227943,NA
1997-08-01,NA,NA,71.647088227943,NA
1997-08-03,NA,NA,71.647088227943,NA
1997-08-19,NA,NA,71.647088227943,NA
1997-09-01,NA,NA,71.647088227943,NA
1997-09-04,NA,NA,71.647088227943,NA
1997-09-20,28.2814495208305,42,71.647088227943,NA
1997-10-01,NA,NA,46.2518111416438,NA
1997-10-22,48.8519015758854,51.6213017751479,46.2518111416438,NA
1997-11-01,NA,NA,46.2518111416438,NA
1997-11-07,44.4282266231738,50.6390532544379,46.2518111416438,NA
1997-11-23,44.5433503821336,49.2248520710059,46.2518111416438,NA
1997-12-01,NA,NA,46.2518111416438,NA
1997-12-09,41.3511534785112,46.8698224852071,46.2518111416438,NA
1997-12-25,43.0819495320633,49.0532544378698,46.2518111416438,NA
1998-01-01,NA,NA,43.9250187453137,NA
1998-01-10,NA,NA,43.9250187453137,NA
1998-01-26,26.5019925960403,NA,43.9250187453137,NA
1998-02-01,NA,NA,43.9250187453137,NA
1998-02-11,44.9409828101777,51.1656804733728,43.9250187453137,NA
1998-02-27,43.2208937882855,49.8934911242604,43.9250187453137,NA
1998-03-01,NA,NA,43.9250187453137,NA
1998-03-15,19.9490450761493,26,43.9250187453137,NA
1998-03-31,45.889778022181,47.6331360946746,43.9250187453137,NA
1998-04-01,NA,NA,56.6075886170744,NA
1998-04-07,NA,NA,56.6075886170744,NA
1998-04-16,47.3958790784992,54.5502958579882,56.6075886170744,NA
1998-04-23,NA,NA,56.6075886170744,NA
1998-05-01,NA,NA,56.6075886170744,NA
1998-05-02,27.6917729547389,32.56,56.6075886170744,NA
1998-05-09,NA,NA,56.6075886170744,NA
1998-05-18,49.653034088859,60.0414201183432,56.6075886170744,NA
1998-06-01,NA,NA,56.6075886170744,NA
1998-06-03,50.8478584884227,60.6508875739645,56.6075886170744,NA
1998-06-19,NA,NA,56.6075886170744,NA
1998-07-01,NA,NA,56.6075886170744,NA
1998-07-21,NA,NA,56.6075886170744,NA
1998-08-01,NA,NA,56.6075886170744,NA
1998-08-13,NA,NA,56.6075886170744,NA
1998-08-22,53.3202477260289,61.8343195266272,56.6075886170744,NA
1998-09-01,NA,NA,56.6075886170744,NA
1998-09-07,49.4120545710175,54.7514792899408,56.6075886170744,NA
1998-10-01,NA,NA,56.6075886170744,NA
1998-10-09,53.3142386931648,64.3254437869822,56.6075886170744,NA
1998-10-16,NA,NA,56.6075886170744,NA
1998-11-01,NA,NA,56.6075886170744,NA
1998-11-10,NA,NA,56.6075886170744,NA
1998-11-26,NA,NA,56.6075886170744,NA
1998-12-01,NA,NA,56.6075886170744,NA
1998-12-03,NA,NA,56.6075886170744,NA
1998-12-12,54.8486191982299,65.8698224852071,56.6075886170744,NA
1998-12-28,40.2206041042995,45.2189349112426,56.6075886170744,NA
1999-01-01,NA,NA,56.6075886170744,NA
1999-01-13,50.2538624004124,58.1710526315789,56.6075886170744,NA
1999-02-01,NA,NA,56.6075886170744,NA
1999-02-14,59.3919093008948,66.698224852071,56.6075886170744,NA
1999-03-01,NA,NA,56.6075886170744,NA
1999-03-02,61.3077123102571,69.5739644970414,56.6075886170744,NA
1999-04-01,NA,NA,76.5887056471764,NA
1999-04-03,55.6848923401283,76.6331360946746,76.5887056471764,NA
1999-04-19,64.1397810350223,70.7633136094675,76.5887056471764,NA
1999-05-01,NA,NA,76.5887056471764,NA
1999-05-05,60.9015597819984,74.0473372781065,76.5887056471764,NA
1999-05-21,62.220612036397,77.3313609467456,76.5887056471764,NA
1999-05-28,NA,NA,76.5887056471764,NA
1999-06-01,NA,NA,76.5887056471764,NA
1999-06-06,NA,NA,76.5887056471764,NA
1999-06-22,60.1000619358744,80.4201183431953,76.5887056471764,NA
1999-07-01,NA,NA,76.1054472763618,NA
1999-07-08,58.7942518191197,76.1715976331361,76.1054472763618,NA
1999-07-15,NA,NA,76.1054472763618,NA
1999-07-24,60.2815778684596,72.0059171597633,76.1054472763618,NA
1999-08-01,NA,NA,76.1054472763618,NA
1999-08-09,13.4797613247977,22.0762711864407,76.1054472763618,NA
1999-08-17,62.6706002619271,69.1775147928994,76.1054472763618,NA
1999-08-25,NA,NA,76.1054472763618,NA
1999-09-01,NA,NA,76.1054472763618,NA
1999-09-02,58.4275431498331,64.1360946745562,76.1054472763618,NA
1999-09-10,57.9211264062521,64.7455621301775,76.1054472763618,NA
1999-09-17,NA,NA,76.1054472763618,NA
1999-09-18,57.9922004155378,63.508875739645,76.1054472763618,NA
1999-10-01,NA,NA,65.5322338830585,NA
1999-10-20,58.752343699351,64.3136094674556,65.5322338830585,NA
1999-10-28,56.505150848755,61.9467455621302,65.5322338830585,NA
1999-11-01,NA,NA,65.5322338830585,NA
1999-11-13,55.822163029429,63.2248520710059,65.5322338830585,NA
1999-11-21,NA,NA,65.5322338830585,NA
1999-11-29,54.378279782238,62.3136094674556,65.5322338830585,NA
1999-12-01,NA,NA,65.5322338830585,NA
1999-12-07,33.1398413637743,45.6496815286624,65.5322338830585,NA
1999-12-23,NA,NA,65.5322338830585,NA
2000-01-01,NA,NA,65.5322338830585,NA
2000-01-08,54.245831034433,61.6508875739645,65.5322338830585,NA
2000-02-01,NA,NA,65.5322338830585,NA
2000-02-09,53.8101608519902,60.2426035502959,65.5322338830585,NA
2000-02-25,28.3332166583635,60.3145161290323,65.5322338830585,NA
2000-03-01,NA,NA,65.5322338830585,NA
2000-03-03,NA,NA,65.5322338830585,NA
2000-03-12,NA,NA,65.5322338830585,NA
2000-03-28,55.2215881741561,62.0236686390533,65.5322338830585,NA
2000-04-01,NA,NA,66.6452266396556,NA
2000-04-20,NA,NA,66.6452266396556,NA
2000-04-29,57.8280331333686,65.9408284023669,66.6452266396556,NA
2000-05-01,NA,NA,66.6452266396556,NA
2000-05-15,57.4221636205727,67.7988165680473,66.6452266396556,NA
2000-05-22,NA,NA,66.6452266396556,NA
2000-06-01,NA,NA,66.6452266396556,NA
2000-06-07,NA,NA,66.6452266396556,NA
2000-06-16,NA,NA,66.6452266396556,NA
2000-07-01,NA,NA,66.6452266396556,NA
2000-07-02,56.6021448883331,69.1538461538462,66.6452266396556,NA
2000-08-01,NA,NA,66.6452266396556,NA
2000-08-03,54.689175938506,65.4378698224852,66.6452266396556,NA
2000-08-10,NA,NA,66.6452266396556,NA
2000-08-19,33.3810245623693,41.75,66.6452266396556,NA
2000-09-01,NA,NA,66.6452266396556,NA
2000-09-04,54.4919514256599,59.15625,66.6452266396556,NA
2000-09-11,NA,NA,66.6452266396556,NA
2000-09-20,31.9525517582907,33.88,66.6452266396556,NA
2000-10-01,NA,NA,54.8664169787765,NA
2000-10-06,50.5026657564737,56.5325443786982,54.8664169787765,NA
2000-10-22,NA,NA,54.8664169787765,NA
2000-11-01,NA,NA,54.8664169787765,NA
2000-11-07,51.6059659992956,57.3668639053254,54.8664169787765,NA
2000-11-23,50.7953456268543,58.8224852071006,54.8664169787765,NA
2000-12-01,NA,NA,54.8664169787765,NA
2000-12-09,54.9225662590222,61.8224852071006,54.8664169787765,NA
2000-12-25,58.8903249701653,65.1834319526627,54.8664169787765,NA
2001-01-01,NA,NA,69.3354145854146,NA
2001-01-10,60.2504124295849,65.9289940828402,69.3354145854146,NA
2001-01-26,51.0790723292203,75.1090909090909,69.3354145854146,NA
2001-02-01,NA,NA,69.3354145854146,NA
2001-02-11,58.6078618721565,66.6568047337278,69.3354145854146,NA
2001-02-27,59.9265619251259,69.4497041420118,69.3354145854146,NA
2001-03-01,NA,NA,69.3354145854146,NA
2001-03-15,51.7017971345662,54.4852071005917,69.3354145854146,NA
2001-03-31,62.716208880301,68.6745562130178,69.3354145854146,NA
2001-04-01,NA,NA,72.5753561609598,NA
2001-04-07,NA,NA,72.5753561609598,NA
2001-04-16,62.4630955366526,66.5739644970414,72.5753561609598,NA
2001-05-01,NA,NA,72.5753561609598,NA
2001-05-18,63.315573820744,72.8579881656805,72.5753561609598,NA
2001-06-01,NA,NA,72.5753561609598,NA
2001-06-03,60.9055002349627,71.094674556213,72.5753561609598,NA
2001-06-19,61.5023949383743,74.9881656804734,72.5753561609598,NA
2001-06-26,NA,NA,72.5753561609598,NA
2001-07-01,NA,NA,67.6850649350649,NA
2001-07-05,50.6407434883274,58.4497041420118,67.6850649350649,NA
2001-07-21,60.5074386970733,70.8402366863905,67.6850649350649,NA
2001-08-01,NA,NA,67.6850649350649,NA
2001-08-06,60.7883722462035,65.7159763313609,67.6850649350649,NA
2001-08-13,NA,NA,67.6850649350649,NA
2001-08-22,60.9929447814491,63.1538461538462,67.6850649350649,NA
2001-09-01,NA,NA,67.6850649350649,NA
2001-09-07,NA,NA,67.6850649350649,NA
2001-09-23,NA,NA,67.6850649350649,NA
2001-10-01,NA,NA,67.6850649350649,NA
2001-10-25,NA,43,67.6850649350649,NA
2001-11-01,NA,NA,67.6850649350649,NA
2001-11-10,53.5928916292702,57.2899408284024,67.6850649350649,NA
2001-11-26,51.0006886880984,55.5443786982249,67.6850649350649,NA
2001-12-01,NA,NA,67.6850649350649,NA
2001-12-28,30.0634637907505,29.1715976331361,67.6850649350649,NA
2002-01-01,NA,NA,26.5761738261738,NA
2002-01-13,25.3005206962542,25.2248520710059,26.5761738261738,NA
2002-01-29,28.6296571744459,29.2603550295858,26.5761738261738,NA
2002-02-01,NA,NA,26.5761738261738,NA
2002-02-14,NA,NA,26.5761738261738,NA
2002-03-01,NA,NA,26.5761738261738,NA
2002-03-02,42.9037932261392,42.9112426035503,26.5761738261738,NA
2002-03-18,48.0512531277513,50.0828402366864,26.5761738261738,NA
2002-04-01,NA,NA,53.690963554668,NA
2002-04-03,43.1827639014484,45.6331360946746,53.690963554668,NA
2002-04-19,55.9753318799736,56.7337278106509,53.690963554668,NA
2002-05-01,NA,NA,53.690963554668,NA
2002-05-05,56.7933880213432,57.8402366863905,53.690963554668,NA
2002-06-01,NA,NA,53.690963554668,NA
2002-06-06,NA,NA,53.690963554668,NA
2002-07-01,NA,NA,64.1747815230961,NA
2002-07-08,58.7033684476457,62.2248520710059,64.1747815230961,NA
2002-07-24,59.2398679850592,62.4201183431953,64.1747815230961,NA
2002-08-01,NA,NA,64.1747815230961,NA
2002-08-25,56.6492562352876,54.7810650887574,64.1747815230961,NA
2002-09-01,NA,NA,64.1747815230961,NA
2002-09-10,55.4735761329759,52.7278106508876,64.1747815230961,NA
2002-09-26,NA,NA,64.1747815230961,NA
2002-10-01,NA,NA,47.0464767616192,NA
2002-10-28,49.5402870995704,48.3786982248521,47.0464767616192,NA
2002-11-01,NA,NA,47.0464767616192,NA
2002-11-13,40.9520895877616,43.1715976331361,47.0464767616192,NA
2002-11-29,17.1239879803261,NA,47.0464767616192,NA
2002-12-01,NA,NA,47.0464767616192,NA
2002-12-15,42.5000305146972,44.698224852071,47.0464767616192,NA
2003-01-01,NA,NA,42.7272727272727,NA
2003-01-16,42.1135498446412,44.2899408284024,42.7272727272727,NA
2003-02-01,40.0608612362869,45.1360946745562,42.7272727272727,NA
2003-02-17,NA,NA,42.7272727272727,NA
2003-03-01,NA,NA,42.7272727272727,NA
2003-03-05,51.3854396912032,51.1360946745562,42.7272727272727,NA
2003-03-21,54.6979084784024,51.6804733727811,42.7272727272727,NA
2003-04-01,NA,NA,57.3512365725706,NA
2003-04-06,56.6547354359449,56.112426035503,57.3512365725706,NA
2003-04-22,56.1279580255497,55.207100591716,57.3512365725706,NA
2003-05-01,NA,NA,57.3512365725706,NA
2003-05-08,41.1931833408951,41.4023668639053,57.3512365725706,NA
2003-05-24,57.1418198379869,60.112426035503,57.3512365725706,NA
2003-06-01,NA,NA,57.3512365725706,NA
2003-07-01,NA,NA,63.8277583624563,NA
2003-07-03,55.8663082305368,68.1952662721893,63.8277583624563,NA
2003-07-19,52.174867097105,55.189349112426,63.8277583624563,NA
2003-07-27,NA,38.5,63.8277583624563,NA
2003-08-01,NA,NA,63.8277583624563,NA
2003-08-20,NA,NA,63.8277583624563,NA
2003-08-28,56.1198928527355,59.0887573964497,63.8277583624563,NA
2003-09-01,NA,NA,63.8277583624563,NA
2003-09-05,NA,NA,63.8277583624563,NA
2003-09-21,47.0591494245866,47.887573964497,63.8277583624563,NA
2003-09-29,52.9827512247123,50.2485207100592,63.8277583624563,NA
2003-10-01,NA,NA,49.083645443196,NA
2003-10-07,50.7460923766171,52.9171597633136,49.083645443196,NA
2003-10-14,NA,NA,49.083645443196,NA
2003-10-15,50.8287625611948,51.6508875739645,49.083645443196,NA
2003-10-23,48.3793934616675,49.9467455621302,49.083645443196,NA
2003-10-31,NA,NA,49.083645443196,NA
2003-11-01,NA,NA,49.083645443196,NA
2003-11-08,45.1312038176428,48.792899408284,49.083645443196,NA
2003-11-16,47.3634111116272,48.189349112426,49.083645443196,NA
2003-11-24,46.3304637844489,49.2189349112426,49.083645443196,NA
2003-12-01,NA,NA,49.083645443196,NA
2003-12-10,NA,NA,49.083645443196,NA
2003-12-18,46.4767119171487,49.4733727810651,49.083645443196,NA
2003-12-26,48.4642914330909,50.9408284023669,49.083645443196,NA
2004-01-01,NA,NA,53.8459425717853,NA
2004-01-03,46.8833435880387,50.7115384615385,53.8459425717853,NA
2004-01-11,43.7780344664277,49.2130177514793,53.8459425717853,NA
2004-01-18,NA,NA,53.8459425717853,NA
2004-01-19,NA,NA,53.8459425717853,NA
2004-01-27,51.027158474852,53.6627218934911,53.8459425717853,NA
2004-02-01,NA,NA,53.8459425717853,NA
2004-02-03,NA,NA,53.8459425717853,NA
2004-02-04,51.695262593461,57.2958579881657,53.8459425717853,NA
2004-02-12,40.3701348451096,55.5917159763314,53.8459425717853,NA
2004-02-19,NA,NA,53.8459425717853,NA
2004-02-20,52.8052960560367,56.8461538461538,53.8459425717853,NA
2004-02-28,51.0847054775438,53.9467455621302,53.8459425717853,NA
2004-03-01,NA,NA,53.8459425717853,NA
2004-03-06,NA,NA,53.8459425717853,NA
2004-03-07,55.1698343214762,59.0689655172414,53.8459425717853,NA
2004-03-15,52.3761431434524,54.7396449704142,53.8459425717853,NA
2004-03-22,NA,NA,53.8459425717853,NA
2004-03-23,56.7545869463867,55.9763313609467,53.8459425717853,NA
2004-03-31,NA,35,53.8459425717853,NA
2004-04-01,NA,NA,62.5724275724276,NA
2004-04-08,54.5259829740898,57.3269230769231,62.5724275724276,NA
2004-04-16,52.9556041135352,57.8047337278106,62.5724275724276,NA
2004-04-24,56.8797858570628,57.2781065088757,62.5724275724276,NA
2004-05-01,NA,NA,62.5724275724276,NA
2004-05-02,56.6433033569304,59.207100591716,62.5724275724276,NA
2004-05-09,NA,NA,62.5724275724276,NA
2004-05-10,57.4225349487787,59.1715976331361,62.5724275724276,NA
2004-05-18,57.7725573577299,64.5562130177515,62.5724275724276,NA
2004-05-25,NA,NA,62.5724275724276,NA
2004-05-26,41.7376379748209,48.4177215189873,62.5724275724276,NA
2004-06-01,NA,NA,62.5724275724276,NA
2004-06-03,58.8373312721229,71.7159763313609,62.5724275724276,NA
2004-06-11,NA,NA,62.5724275724276,NA
2004-06-19,NA,NA,62.5724275724276,NA
2004-06-27,60.7649122544904,70.9349112426035,62.5724275724276,NA
2004-07-01,NA,NA,69.6295278541094,NA
2004-07-05,59.2902253716636,64.7218934911243,69.6295278541094,NA
2004-07-13,60.7217077056504,65.6449704142012,69.6295278541094,NA
2004-07-21,57.1331827146274,63.6153846153846,69.6295278541094,NA
2004-07-29,60.3922082557024,62,69.6295278541094,NA
2004-08-01,NA,NA,69.6295278541094,NA
2004-08-14,25.8764370090065,NA,69.6295278541094,NA
2004-08-22,54.630759510901,56.2485207100592,69.6295278541094,NA
2004-08-30,58.0419523513116,63.2248520710059,69.6295278541094,NA
2004-09-01,NA,NA,69.6295278541094,NA
2004-09-07,26.823155343077,32.9090909090909,69.6295278541094,NA
2004-09-15,55.7695998768268,54.4674556213018,69.6295278541094,NA
2004-09-23,52.9789233929073,53.9881656804734,69.6295278541094,NA
2004-10-01,55.4555581982215,57.8639053254438,53.7157132150887,NA
2004-10-09,53.5334429729118,53.7278106508876,53.7157132150887,NA
2004-10-16,NA,NA,53.7157132150887,NA
2004-10-17,53.3342311988244,54.0059171597633,53.7157132150887,NA
2004-10-25,49.8701567435328,50.5976331360947,53.7157132150887,NA
2004-11-01,NA,NA,53.7157132150887,NA
2004-11-02,53.5744475590887,53.5029585798817,53.7157132150887,NA
2004-11-10,NA,NA,53.7157132150887,NA
2004-11-17,NA,NA,53.7157132150887,NA
2004-11-18,NA,NA,53.7157132150887,NA
2004-11-26,47.7170212479181,48.5384615384615,53.7157132150887,NA
2004-12-01,NA,NA,53.7157132150887,NA
2004-12-04,NA,44.2,53.7157132150887,NA
2004-12-12,46.1508998016467,48.4201183431953,53.7157132150887,NA
2004-12-20,49.0865829744097,49.5487804878049,53.7157132150887,NA
2004-12-28,48.5125323372589,48.905325443787,53.7157132150887,NA
2005-01-01,NA,NA,54.5594405594406,NA
2005-01-04,NA,NA,54.5594405594406,NA
2005-01-05,52.7379072469217,53.3136094674556,54.5594405594406,NA
2005-01-13,48.3054421965089,50.2721893491124,54.5594405594406,NA
2005-01-20,NA,NA,54.5594405594406,NA
2005-01-21,50.4208641962407,50.0532544378698,54.5594405594406,NA
2005-01-29,49.1635382990464,53.9289940828402,54.5594405594406,NA
2005-02-01,NA,NA,54.5594405594406,NA
2005-02-05,NA,NA,54.5594405594406,NA
2005-02-06,56.8429878009777,56.0532544378698,54.5594405594406,NA
2005-02-14,53.1160893855983,54.9289940828402,54.5594405594406,NA
2005-02-21,NA,NA,54.5594405594406,NA
2005-02-22,56.6445007031025,58.7218934911243,54.5594405594406,NA
2005-03-01,NA,NA,54.5594405594406,NA
2005-03-02,51.9377401652162,55.6153846153846,54.5594405594406,NA
2005-03-10,56.0191157229875,57.3846153846154,54.5594405594406,NA
2005-03-18,55.3024128916245,56.7455621301775,54.5594405594406,NA
2005-03-26,54.0711291126098,53.3609467455621,54.5594405594406,NA
2005-04-01,NA,NA,65.32125,NA
2005-04-03,51.4597892665514,58.8165680473373,65.32125,NA
2005-04-10,NA,NA,65.32125,NA
2005-04-11,NA,NA,65.32125,NA
2005-04-18,NA,NA,65.32125,NA
2005-04-19,54.6496487329691,57.0473372781065,65.32125,NA
2005-04-26,NA,NA,65.32125,NA
2005-04-27,58.0869334537156,61.9822485207101,65.32125,NA
2005-05-01,NA,NA,65.32125,NA
2005-05-05,52.7996256007497,58.8461538461538,65.32125,NA
2005-05-12,NA,NA,65.32125,NA
2005-05-13,59.0026212435973,67,65.32125,NA
2005-05-21,58.0994380403318,63.0710059171598,65.32125,NA
2005-05-28,NA,NA,65.32125,NA
2005-05-29,58.684199767437,65.9585798816568,65.32125,NA
2005-06-01,NA,NA,65.32125,NA
2005-06-06,NA,NA,65.32125,NA
2005-06-13,NA,NA,65.32125,NA
2005-06-14,59.2687699996551,69.5976331360947,65.32125,NA
2005-06-21,NA,NA,65.32125,NA
2005-07-01,NA,NA,66.2247191011236,NA
2005-07-15,NA,NA,66.2247191011236,NA
2005-07-16,NA,NA,66.2247191011236,NA
2005-07-24,49.688435519852,53.0532544378698,66.2247191011236,NA
2005-08-01,58.048934722913,62.0532544378698,66.2247191011236,NA
2005-08-09,NA,NA,66.2247191011236,NA
2005-08-17,58.861107049628,61.3668639053254,66.2247191011236,NA
2005-08-25,57.6337777360694,59.3136094674556,66.2247191011236,NA
2005-09-01,NA,NA,66.2247191011236,NA
2005-09-02,NA,NA,66.2247191011236,NA
2005-09-09,NA,NA,66.2247191011236,NA
2005-09-10,54.2706534197451,60.0414201183432,66.2247191011236,NA
2005-09-18,54.5434845810829,58.8224852071006,66.2247191011236,NA
2005-09-26,55.0057374392437,59.2189349112426,66.2247191011236,NA
2005-10-01,NA,NA,59.8249250749251,NA
2005-10-12,52.0085391390875,55.6745562130178,59.8249250749251,NA
2005-10-20,55.0971714584826,59.41875,59.8249250749251,NA
2005-10-28,NA,NA,59.8249250749251,NA
2005-11-01,NA,NA,59.8249250749251,NA
2005-11-05,55.0901344507557,57.4674556213018,59.8249250749251,NA
2005-11-13,52.3762153467029,55.7810650887574,59.8249250749251,NA
2005-11-21,52.9700533588211,55.8284023668639,59.8249250749251,NA
2005-12-01,NA,NA,59.8249250749251,NA
2005-12-07,57.2941496944838,57.4378698224852,59.8249250749251,NA
2005-12-23,NA,NA,59.8249250749251,NA
2006-01-01,NA,NA,68.1815684315684,NA
2006-01-08,58.9712555232426,62.0769230769231,68.1815684315684,NA
2006-01-23,NA,NA,68.1815684315684,NA
2006-01-24,58.7687600379668,64.625,68.1815684315684,NA
2006-02-01,58.080162532377,63.3136094674556,68.1815684315684,NA
2006-02-08,NA,NA,68.1815684315684,NA
2006-02-09,62.6603826269691,62.9171597633136,68.1815684315684,NA
2006-02-17,NA,NA,68.1815684315684,NA
2006-02-24,NA,NA,68.1815684315684,NA
2006-02-25,NA,NA,68.1815684315684,NA
2006-03-01,NA,NA,68.1815684315684,NA
2006-03-05,61.4880844482109,65.7692307692308,68.1815684315684,NA
2006-03-12,NA,NA,68.1815684315684,NA
2006-03-13,NA,NA,68.1815684315684,NA
2006-03-29,NA,NA,68.1815684315684,NA
2006-04-01,NA,NA,69.5321009243068,NA
2006-04-06,61.4733197116851,65.7692307692308,69.5321009243068,NA
2006-04-13,NA,NA,69.5321009243068,NA
2006-04-14,63.3080740383333,76.7218934911243,69.5321009243068,NA
2006-04-22,61.953234748976,66.3905325443787,69.5321009243068,NA
2006-04-29,NA,NA,69.5321009243068,NA
2006-05-01,NA,NA,69.5321009243068,NA
2006-05-08,60.6486986864896,66.2899408284024,69.5321009243068,NA
2006-05-15,NA,NA,69.5321009243068,NA
2006-05-16,64.8542040543964,75.8684210526316,69.5321009243068,NA
2006-05-24,44.639329777909,51.6449704142012,69.5321009243068,NA
2006-05-31,NA,NA,69.5321009243068,NA
2006-06-01,NA,NA,69.5321009243068,NA
2006-06-16,NA,NA,69.5321009243068,NA
2006-06-17,63.6230651465792,71.3609467455621,69.5321009243068,NA
2006-06-25,60.4397878385636,76.4319526627219,69.5321009243068,NA
2006-07-01,NA,NA,71.78996003996,NA
2006-07-03,63.3152128870047,80.3905325443787,71.78996003996,NA
2006-07-11,57.5446264799586,70.7041420118343,71.78996003996,NA
2006-07-18,NA,NA,71.78996003996,NA
2006-07-19,45.1789862265164,79.9117647058823,71.78996003996,NA
2006-07-26,NA,NA,71.78996003996,NA
2006-07-27,58.8310261690383,75.2603550295858,71.78996003996,NA
2006-08-01,NA,NA,71.78996003996,NA
2006-08-03,NA,NA,71.78996003996,NA
2006-08-04,63.8698929500501,74.8165680473373,71.78996003996,NA
2006-08-12,60.889245626079,67.4852071005917,71.78996003996,NA
2006-08-19,NA,NA,71.78996003996,NA
2006-08-20,61.5873570996064,65.9881656804734,71.78996003996,NA
2006-08-28,58.3094267485306,61.1183431952663,71.78996003996,NA
2006-09-01,NA,NA,71.78996003996,NA
2006-09-04,NA,NA,71.78996003996,NA
2006-09-13,NA,NA,71.78996003996,NA
2006-09-20,NA,NA,71.78996003996,NA
2006-09-21,56.9651757144587,58.5680473372781,71.78996003996,NA
2006-09-29,55.663426670427,55.0059171597633,71.78996003996,NA
2006-10-01,NA,NA,53.8026973026973,NA
2006-10-07,56.6189871760167,58.140625,53.8026973026973,NA
2006-10-15,NA,53.0650887573965,53.8026973026973,NA
2006-10-23,NA,NA,53.8026973026973,NA
2006-10-31,48.44954543559,50.1775147928994,53.8026973026973,NA
2006-11-01,NA,NA,53.8026973026973,NA
2006-11-08,48.066294444157,49,53.8026973026973,NA
2006-11-16,45.8938161550068,47.112426035503,53.8026973026973,NA
2006-11-24,46.9956864055222,50.6153846153846,53.8026973026973,NA
2006-12-01,NA,NA,53.8026973026973,NA
2006-12-02,44.0084216846263,47.9230769230769,53.8026973026973,NA
2006-12-10,43.2237592804963,48.2366863905325,53.8026973026973,NA
2006-12-18,32.0547765887813,36.1952662721894,53.8026973026973,NA
2006-12-26,44.3262398111363,45,53.8026973026973,NA
2007-01-01,NA,NA,43.5192307692308,NA
2007-01-03,42.6579331451363,47.6863905325444,43.5192307692308,NA
2007-01-11,NA,53.2307692307692,43.5192307692308,NA
2007-01-19,43.0032849688373,48.2130177514793,43.5192307692308,NA
2007-01-27,47.0957108978052,51.4023668639053,43.5192307692308,NA
2007-02-01,NA,NA,43.5192307692308,NA
2007-02-04,16.4030065967001,20.8181818181818,43.5192307692308,NA
2007-02-20,38.977011062186,47.3195266272189,43.5192307692308,NA
2007-02-28,NA,NA,43.5192307692308,NA
2007-03-01,NA,NA,43.5192307692308,NA
2007-03-08,44.8607180908654,50.2781065088757,43.5192307692308,NA
2007-03-16,34.1802538667915,37.9473684210526,43.5192307692308,NA
2007-03-24,46.686711307968,52.5976331360947,43.5192307692308,NA
2007-04-01,NA,NA,51.7774725274725,NA
2007-04-09,46.420990017947,50.1301775147929,51.7774725274725,NA
2007-04-17,48.9266079271929,53.0236686390533,51.7774725274725,NA
2007-04-25,40.7659450296345,45.7869822485207,51.7774725274725,NA
2007-05-01,NA,NA,51.7774725274725,NA
2007-05-03,48.8035073038915,53.8520710059172,51.7774725274725,NA
2007-05-10,NA,NA,51.7774725274725,NA
2007-05-11,49.4175165166456,58.3846153846154,51.7774725274725,NA
2007-05-19,NA,NA,51.7774725274725,NA
2007-05-26,NA,NA,51.7774725274725,NA
2007-05-27,NA,NA,51.7774725274725,NA
2007-06-01,NA,NA,51.7774725274725,NA
2007-06-04,NA,NA,51.7774725274725,NA
2007-06-11,NA,NA,51.7774725274725,NA
2007-06-12,49.3884629895591,55.2366863905325,51.7774725274725,NA
2007-06-19,NA,NA,51.7774725274725,NA
2007-06-20,NA,NA,51.7774725274725,NA
2007-06-27,NA,NA,51.7774725274725,NA
2007-06-28,NA,NA,51.7774725274725,NA
2007-07-01,NA,NA,57.9865168539326,NA
2007-07-05,NA,NA,57.9865168539326,NA
2007-07-06,NA,NA,57.9865168539326,NA
2007-07-13,NA,NA,57.9865168539326,NA
2007-07-14,51.7876593150888,60.0355029585799,57.9865168539326,NA
2007-07-21,52.8853220713212,58.8,57.9865168539326,NA
2007-07-22,53.5141122839834,60.2840236686391,57.9865168539326,NA
2007-07-30,48.1622987786676,52.8994082840237,57.9865168539326,NA
2007-08-01,NA,NA,57.9865168539326,NA
2007-08-06,52.813281916064,56.5739644970414,57.9865168539326,NA
2007-08-07,52.2998615803163,57.3082706766917,57.9865168539326,NA
2007-08-14,NA,NA,57.9865168539326,NA
2007-08-15,NA,NA,57.9865168539326,NA
2007-08-22,47.6812045942819,49.0650887573965,57.9865168539326,NA
2007-08-23,42.1343901506726,47.7278106508876,57.9865168539326,NA
2007-08-30,NA,NA,57.9865168539326,NA
2007-08-31,49.8785802095595,51.8461538461538,57.9865168539326,NA
2007-09-01,NA,NA,57.9865168539326,NA
2007-09-07,NA,NA,57.9865168539326,NA
2007-09-08,51.4201303648102,52.8224852071006,57.9865168539326,NA
2007-09-15,NA,NA,57.9865168539326,NA
2007-09-16,NA,NA,57.9865168539326,NA
2007-09-23,NA,NA,57.9865168539326,NA
2007-09-24,48.7347169815777,51.4378698224852,57.9865168539326,NA
2007-10-01,NA,NA,46.8573926073926,NA
2007-10-02,45.8153039179836,49.6331360946746,46.8573926073926,NA
2007-10-10,41.6155914612171,NA,46.8573926073926,NA
2007-10-26,45.3126453211264,49,46.8573926073926,NA
2007-11-01,NA,NA,46.8573926073926,NA
2007-11-11,43.6333228955905,47.7396449704142,46.8573926073926,NA
2007-11-27,NA,NA,46.8573926073926,NA
2007-12-01,NA,NA,46.8573926073926,NA
2007-12-13,45.6073683816993,50.4146341463415,46.8573926073926,NA
2007-12-29,51.6250702751514,54,46.8573926073926,NA
2008-01-01,NA,NA,65.4286428392902,NA
2008-01-13,NA,58.0591715976331,65.4286428392902,NA
2008-01-14,55.1032273640118,58.8934911242604,65.4286428392902,NA
2008-01-22,NA,58.1360946745562,65.4286428392902,NA
2008-01-29,NA,NA,65.4286428392902,NA
2008-01-30,NA,NA,65.4286428392902,NA
2008-02-01,NA,NA,65.4286428392902,NA
2008-02-07,NA,50.792899408284,65.4286428392902,NA
2008-02-14,60.7464552429464,65.1952662721893,65.4286428392902,NA
2008-02-15,61.0082109494766,61.8402366863905,65.4286428392902,NA
2008-02-22,NA,NA,65.4286428392902,NA
2008-02-23,60.4739943179219,63.2603550295858,65.4286428392902,NA
2008-03-01,60.5034769161833,65.0236686390533,65.4286428392902,NA
2008-03-02,62.2615642929571,63.3786982248521,65.4286428392902,NA
2008-03-09,NA,NA,65.4286428392902,NA
2008-03-10,57.471551298029,63.3195266272189,65.4286428392902,NA
2008-03-17,59.5946582977478,66.5757575757576,65.4286428392902,NA
2008-03-18,45.7236823414671,47,65.4286428392902,NA
2008-03-25,NA,NA,65.4286428392902,NA
2008-04-01,NA,NA,68.3523976023976,NA
2008-04-03,62.6345703629814,63.7396449704142,68.3523976023976,NA
2008-04-10,NA,NA,68.3523976023976,NA
2008-04-19,55.3976569500563,65.8520710059172,68.3523976023976,NA
2008-05-01,NA,NA,68.3523976023976,NA
2008-05-05,NA,NA,68.3523976023976,NA
2008-05-21,61.1779225477845,70.6923076923077,68.3523976023976,NA
2008-06-01,NA,NA,68.3523976023976,NA
2008-06-06,54.4179977860986,71.5283018867924,68.3523976023976,NA
2008-06-13,NA,NA,68.3523976023976,NA
2008-06-22,NA,NA,68.3523976023976,NA
2008-06-29,NA,NA,68.3523976023976,NA
2008-07-01,NA,NA,68.3523976023976,NA
2008-07-15,NA,NA,68.3523976023976,NA
2008-08-01,NA,NA,68.3523976023976,NA
2008-08-09,NA,NA,68.3523976023976,NA
2008-08-16,NA,NA,68.3523976023976,NA
2008-08-25,59.1972244832076,61.7041420118343,68.3523976023976,NA
2008-09-01,NA,NA,68.3523976023976,NA
2008-09-10,42.6860067494258,46.0625,68.3523976023976,NA
2008-09-17,NA,NA,68.3523976023976,NA
2008-09-18,50.9507592197787,52.810650887574,68.3523976023976,NA
2008-09-25,NA,NA,68.3523976023976,NA
2008-09-26,57.5348635320886,59.2248520710059,68.3523976023976,NA
2008-10-01,NA,NA,58.1281218781219,NA
2008-10-03,NA,NA,58.1281218781219,NA
2008-10-04,NA,NA,58.1281218781219,NA
2008-10-11,NA,NA,58.1281218781219,NA
2008-10-12,35.9552536315912,53.8347826086957,58.1281218781219,NA
2008-10-20,54.478037323074,54.1065088757396,58.1281218781219,NA
2008-10-27,NA,NA,58.1281218781219,NA
2008-10-28,52.2274113896498,56.905325443787,58.1281218781219,NA
2008-11-01,NA,NA,58.1281218781219,NA
2008-11-12,NA,NA,58.1281218781219,NA
2008-11-13,52.6687501299492,58.2721893491124,58.1281218781219,NA
2008-11-21,NA,NA,58.1281218781219,NA
2008-11-29,26.4626555032008,NA,58.1281218781219,NA
2008-12-01,NA,NA,58.1281218781219,NA
2008-12-07,48.460508298913,53.6331360946746,58.1281218781219,NA
2008-12-14,NA,NA,58.1281218781219,NA
2008-12-15,54.9759137813949,57.2958579881657,58.1281218781219,NA
2008-12-23,47.525245832959,52.5029585798817,58.1281218781219,NA
2008-12-30,NA,NA,58.1281218781219,NA
2008-12-31,48.8370177591381,51.3668639053254,58.1281218781219,NA
2009-01-01,NA,NA,52.681738695978,NA
2009-01-07,NA,NA,52.681738695978,NA
2009-01-08,45.6633372651719,49.3727810650888,52.681738695978,NA
2009-01-15,NA,NA,52.681738695978,NA
2009-01-16,38.7136867423412,47.1420118343195,52.681738695978,NA
2009-01-23,NA,NA,52.681738695978,NA
2009-01-24,46.6586575911614,51.0828402366864,52.681738695978,NA
2009-01-31,NA,NA,52.681738695978,NA
2009-02-01,NA,NA,52.681738695978,NA
2009-02-08,NA,NA,52.681738695978,NA
2009-02-09,NA,NA,52.681738695978,NA
2009-02-17,NA,NA,52.681738695978,NA
2009-02-24,NA,NA,52.681738695978,NA
2009-02-25,47.6805353428999,52.7573964497041,52.681738695978,NA
2009-03-01,NA,NA,52.681738695978,NA
2009-03-04,NA,NA,52.681738695978,NA
2009-03-05,52.3588224381546,56.1360946745562,52.681738695978,NA
2009-03-12,NA,NA,52.681738695978,NA
2009-03-13,NA,NA,52.681738695978,NA
2009-03-20,NA,NA,52.681738695978,NA
2009-03-21,NA,34.3783783783784,52.681738695978,NA
2009-03-29,48.5121612849686,52.8284023668639,52.681738695978,NA
2009-04-01,NA,NA,56.8330417395651,NA
2009-04-05,NA,NA,56.8330417395651,NA
2009-04-06,52.4593627176879,55.4378698224852,56.8330417395651,NA
2009-04-14,NA,56.4852071005917,56.8330417395651,NA
2009-04-21,NA,NA,56.8330417395651,NA
2009-04-22,51.7198607458807,54.7869822485207,56.8330417395651,NA
2009-04-30,NA,48.0650887573965,56.8330417395651,NA
2009-05-01,NA,NA,56.8330417395651,NA
2009-05-07,NA,NA,56.8330417395651,NA
2009-05-08,51.4764662066706,56.3684210526316,56.8330417395651,NA
2009-05-16,50.571154685466,57.3313609467456,56.8330417395651,NA
2009-05-23,NA,NA,56.8330417395651,NA
2009-05-24,NA,NA,56.8330417395651,NA
2009-06-01,NA,NA,56.8330417395651,NA
2009-06-08,NA,NA,56.8330417395651,NA
2009-06-09,NA,NA,56.8330417395651,NA
2009-06-25,39.7253768973613,45.5502958579882,56.8330417395651,NA
2009-07-01,NA,NA,57.9165208697826,NA
2009-07-11,NA,NA,57.9165208697826,NA
2009-07-18,NA,NA,57.9165208697826,NA
2009-07-27,16.5317080205431,26.3333333333333,57.9165208697826,NA
2009-08-01,NA,NA,57.9165208697826,NA
2009-08-03,NA,NA,57.9165208697826,NA
2009-08-04,50.0757125553342,55.9289940828402,57.9165208697826,NA
2009-08-12,52.5380387411115,56.6272189349112,57.9165208697826,NA
2009-08-19,NA,NA,57.9165208697826,NA
2009-08-20,43.868654450611,51.1360946745562,57.9165208697826,NA
2009-08-27,NA,NA,57.9165208697826,NA
2009-09-01,NA,NA,57.9165208697826,NA
2009-09-04,NA,NA,57.9165208697826,NA
2009-09-05,49.3130989174592,50.6923076923077,57.9165208697826,NA
2009-09-13,45.2440152211589,47.6627218934911,57.9165208697826,NA
2009-09-20,NA,NA,57.9165208697826,NA
2009-09-21,NA,NA,57.9165208697826,NA
2009-09-28,NA,NA,57.9165208697826,NA
2009-09-29,45.8575300818525,47.603550295858,57.9165208697826,NA
2009-10-01,NA,NA,42.9847652347652,NA
2009-10-07,44.709596135382,47.0414201183432,42.9847652347652,NA
2009-10-23,30.6561288525527,34.6745562130178,42.9847652347652,NA
2009-10-30,NA,NA,42.9847652347652,NA
2009-10-31,41.5425536482309,46.2105263157895,42.9847652347652,NA
2009-11-01,NA,NA,42.9847652347652,NA
2009-11-08,40.1617184732304,45.6272189349112,42.9847652347652,NA
2009-11-15,NA,NA,42.9847652347652,NA
2009-11-16,41.9690503069402,46.3793103448276,42.9847652347652,NA
2009-11-23,NA,NA,42.9847652347652,NA
2009-12-01,NA,NA,42.9847652347652,NA
2009-12-02,39.7605783991612,43.5029585798817,42.9847652347652,NA
2009-12-09,NA,NA,42.9847652347652,NA
2009-12-10,39.9851924336075,44.1656804733728,42.9847652347652,NA
2009-12-17,NA,NA,42.9847652347652,NA
2009-12-18,41.2972050891972,43.7368421052632,42.9847652347652,NA
2010-01-01,NA,NA,40.52111972007,NA
2010-01-03,NA,34,40.52111972007,NA
2010-01-11,38.627643885818,45.3786982248521,40.52111972007,NA
2010-01-18,NA,NA,40.52111972007,NA
2010-01-19,42.8899091744157,46.24,40.52111972007,NA
2010-01-27,31.5634800482311,37.0769230769231,40.52111972007,NA
2010-02-01,NA,NA,40.52111972007,NA
2010-02-03,NA,NA,40.52111972007,NA
2010-02-19,NA,NA,40.52111972007,NA
2010-02-20,44.7002001872097,50.8994082840237,40.52111972007,NA
2010-03-01,NA,NA,40.52111972007,NA
2010-03-08,52.2597262050983,58.0970873786408,40.52111972007,NA
2010-03-23,NA,NA,40.52111972007,NA
2010-03-24,51.3688816794126,55.9467455621302,40.52111972007,NA
2010-04-01,50.933100794091,55.6508875739645,61.4967532467533,NA
2010-04-08,NA,NA,61.4967532467533,NA
2010-04-09,48.8947422091947,55.2130177514793,61.4967532467533,NA
2010-04-24,NA,NA,61.4967532467533,NA
2010-04-25,58.0943535029668,62.3372781065089,61.4967532467533,NA
2010-05-01,NA,NA,61.4967532467533,NA
2010-05-03,52.1534377219339,57.0591715976331,61.4967532467533,NA
2010-05-11,58.9414820430108,61.9112426035503,61.4967532467533,NA
2010-05-18,NA,NA,61.4967532467533,NA
2010-05-27,NA,NA,61.4967532467533,NA
2010-06-01,NA,NA,61.4967532467533,NA
2010-06-03,NA,NA,61.4967532467533,NA
2010-06-12,56.4016629891375,66.8157894736842,61.4967532467533,NA
2010-06-19,NA,NA,61.4967532467533,NA
2010-06-28,NA,43.9230769230769,61.4967532467533,NA
2010-07-01,NA,NA,61.4967532467533,NA
2010-07-14,1.4862110049173,33.03125,61.4967532467533,NA
2010-07-21,NA,NA,61.4967532467533,NA
2010-08-01,NA,NA,61.4967532467533,NA
2010-08-06,NA,NA,61.4967532467533,NA
2010-08-15,34.8230976315886,NA,61.4967532467533,NA
2010-08-30,NA,NA,61.4967532467533,NA
2010-08-31,NA,48.2366863905325,61.4967532467533,NA
2010-09-01,NA,NA,61.4967532467533,NA
2010-09-07,NA,NA,61.4967532467533,NA
2010-09-16,NA,NA,61.4967532467533,NA
2010-09-23,NA,NA,61.4967532467533,NA
2010-09-24,NA,NA,61.4967532467533,NA
2010-10-01,NA,NA,55.9665167416292,NA
2010-10-09,NA,NA,55.9665167416292,NA
2010-10-10,NA,NA,55.9665167416292,NA
2010-10-18,53.9862440646824,56.4615384615385,55.9665167416292,NA
2010-10-25,NA,NA,55.9665167416292,NA
2010-11-01,NA,NA,55.9665167416292,NA
2010-11-03,28.6627503929197,NA,55.9665167416292,NA
2010-11-10,NA,NA,55.9665167416292,NA
2010-11-11,50.4622925118953,59.4437869822485,55.9665167416292,NA
2010-11-18,NA,NA,55.9665167416292,NA
2010-11-19,56.801600187752,62.5680473372781,55.9665167416292,NA
2010-11-26,NA,NA,55.9665167416292,NA
2010-12-01,NA,NA,55.9665167416292,NA
2010-12-04,NA,NA,55.9665167416292,NA
2010-12-12,NA,NA,55.9665167416292,NA
2010-12-13,54.2663376705707,65.5325443786982,55.9665167416292,NA
2010-12-20,NA,NA,55.9665167416292,NA
2010-12-21,NA,62.9375,55.9665167416292,NA
2010-12-28,NA,NA,55.9665167416292,NA
2010-12-29,31.309852377318,54,55.9665167416292,NA
2011-01-01,NA,NA,75.4729088639201,NA
2011-01-05,NA,NA,75.4729088639201,NA
2011-01-06,59.306301580712,65.0769230769231,75.4729088639201,NA
2011-01-13,NA,NA,75.4729088639201,NA
2011-01-21,NA,NA,75.4729088639201,NA
2011-01-22,65.9028095426635,73.2603550295858,75.4729088639201,NA
2011-01-29,NA,NA,75.4729088639201,NA
2011-01-30,62.3733391299168,72.7869822485207,75.4729088639201,NA
2011-02-01,NA,NA,75.4729088639201,NA
2011-02-06,NA,NA,75.4729088639201,NA
2011-02-07,66.0286567740206,73.7988165680473,75.4729088639201,NA
2011-02-14,NA,NA,75.4729088639201,NA
2011-02-23,NA,69.9375,75.4729088639201,NA
2011-03-01,NA,NA,75.4729088639201,NA
2011-03-02,NA,NA,75.4729088639201,NA
2011-03-03,62.1488519290539,66.3550295857988,75.4729088639201,NA
2011-03-10,NA,NA,75.4729088639201,NA
2011-03-11,57.4954275604568,61.4827586206897,75.4729088639201,NA
2011-03-18,NA,NA,75.4729088639201,NA
2011-03-19,62.6802322853868,71.3076923076923,75.4729088639201,NA
2011-03-26,NA,NA,75.4729088639201,NA
2011-03-27,66.9011085256781,70.4497041420118,75.4729088639201,NA
2011-04-01,NA,NA,77.3846153846154,NA
2011-04-03,NA,NA,77.3846153846154,NA
2011-04-04,NA,70.8224852071006,77.3846153846154,NA
2011-04-11,NA,NA,77.3846153846154,NA
2011-04-12,67.3065677423584,72.7894736842105,77.3846153846154,NA
2011-04-20,NA,74.4378698224852,77.3846153846154,NA
2011-04-27,NA,NA,77.3846153846154,NA
2011-04-28,67.2451083153059,72.5266272189349,77.3846153846154,NA
2011-05-01,NA,NA,77.3846153846154,NA
2011-05-05,NA,NA,77.3846153846154,NA
2011-05-14,66.261597230367,74.6696428571429,77.3846153846154,NA
2011-05-21,NA,NA,77.3846153846154,NA
2011-05-30,61.2068393670176,64.5680473372781,77.3846153846154,NA
2011-06-01,NA,NA,77.3846153846154,NA
2011-06-06,NA,NA,77.3846153846154,NA
2011-06-15,64.4169886400322,67.0295857988166,77.3846153846154,NA
2011-07-01,59.4913105184757,67.3793103448276,73.435737459446,NA
2011-07-08,NA,NA,73.435737459446,NA
2011-07-24,NA,NA,73.435737459446,NA
2011-08-01,NA,NA,73.435737459446,NA
2011-08-02,61.1593944956662,66,73.435737459446,NA
2011-08-09,NA,NA,73.435737459446,NA
2011-08-18,NA,NA,73.435737459446,NA
2011-08-25,NA,NA,73.435737459446,NA
2011-08-26,55.465574004005,62.887573964497,73.435737459446,NA
2011-09-01,NA,NA,73.435737459446,NA
2011-09-02,NA,NA,73.435737459446,NA
2011-09-03,54.4839080091529,54,73.435737459446,NA
2011-09-10,NA,NA,73.435737459446,NA
2011-09-11,59.5694892122755,63.6213017751479,73.435737459446,NA
2011-09-18,NA,NA,73.435737459446,NA
2011-09-19,NA,NA,73.435737459446,NA
2011-09-26,NA,NA,73.435737459446,NA
2011-10-01,NA,NA,69.6730769230769,NA
2011-10-12,NA,NA,69.6730769230769,NA
2011-10-13,NA,42.6931818181818,69.6730769230769,NA
2011-10-20,NA,51.9666666666667,69.6730769230769,NA
2011-10-21,NA,NA,69.6730769230769,NA
2011-10-28,NA,NA,69.6730769230769,NA
2011-11-01,NA,NA,69.6730769230769,NA
2011-11-05,9.39797393751517,NA,69.6730769230769,NA
2011-11-06,NA,NA,69.6730769230769,NA
2011-11-13,NA,NA,69.6730769230769,NA
2011-11-14,53.3385036830463,55.7633136094675,69.6730769230769,NA
2011-12-01,NA,NA,69.6730769230769,NA
2011-12-08,NA,NA,69.6730769230769,NA
2011-12-15,NA,NA,69.6730769230769,NA
2011-12-24,52.8604594024901,60.0236686390533,69.6730769230769,NA
2012-01-01,NA,NA,59.88,NA
2012-01-09,54.1558392994261,58.9811320754717,59.88,NA
2012-02-01,NA,NA,59.88,NA
2012-02-10,56.2469476769102,62.4733727810651,59.88,NA
2012-02-17,NA,NA,59.88,NA
2012-03-01,NA,NA,59.88,NA
2012-03-04,NA,NA,59.88,NA
2012-03-13,NA,NA,59.88,NA
2012-03-20,NA,NA,59.88,NA
2012-03-29,NA,NA,59.88,NA
2012-04-01,NA,NA,59.88,NA
2012-04-05,NA,NA,59.88,NA
2012-04-14,31.5496250619944,NA,59.88,NA
2012-04-30,NA,NA,59.88,NA
2012-05-01,NA,NA,59.88,NA
2012-05-16,59.4773969926893,69.2307692307692,59.88,NA
2012-06-01,NA,NA,59.88,NA
2012-06-08,NA,NA,59.88,NA
2012-06-17,58.2703754892329,75.4827586206897,59.88,NA
2012-06-24,NA,NA,59.88,NA
2012-07-01,NA,NA,65.771171621284,NA
2012-07-03,54.507287607494,64.2721893491124,65.771171621284,NA
2012-07-10,NA,NA,65.771171621284,NA
2012-07-19,56.7733568503067,64.4437869822485,65.771171621284,NA
2012-07-26,NA,NA,65.771171621284,NA
2012-08-01,NA,NA,65.771171621284,NA
2012-08-04,57.4629798937023,66.8165680473373,65.771171621284,NA
2012-08-11,NA,NA,65.771171621284,NA
2012-08-20,54.6527802516238,58.2,65.771171621284,NA
2012-08-27,NA,NA,65.771171621284,NA
2012-09-01,NA,NA,65.771171621284,NA
2012-09-05,NA,60.3,65.771171621284,NA
2012-09-21,55.3970252890976,59.6686390532544,65.771171621284,NA
2012-09-28,NA,NA,65.771171621284,NA
2012-10-01,NA,NA,53.1119160629528,NA
2012-10-07,51.3578200401223,55.4230769230769,53.1119160629528,NA
2012-10-14,NA,NA,53.1119160629528,NA
2012-10-23,50.6811000877722,54.7810650887574,53.1119160629528,NA
2012-10-30,NA,NA,53.1119160629528,NA
2012-11-01,NA,NA,53.1119160629528,NA
2012-11-08,NA,NA,53.1119160629528,NA
2012-11-24,46.6499435703878,52.2075471698113,53.1119160629528,NA
2012-12-01,NA,NA,53.1119160629528,NA
2012-12-10,NA,35.3636363636364,53.1119160629528,NA
2012-12-17,NA,NA,53.1119160629528,NA
2012-12-26,47.558980745414,50.55,53.1119160629528,NA
2013-01-01,NA,NA,53.8562231759657,NA
2013-01-02,NA,NA,53.8562231759657,NA
2013-01-11,47.1885110741102,52.6727272727273,53.8562231759657,NA
2013-02-01,NA,NA,53.8562231759657,NA
2013-02-03,NA,NA,53.8562231759657,NA
2013-02-12,51.0299331726095,56.5680473372781,53.8562231759657,NA
2013-02-19,NA,NA,53.8562231759657,NA
2013-03-01,NA,NA,53.8562231759657,NA
2013-03-07,NA,NA,53.8562231759657,NA
2013-03-16,58.1966910185489,61.0365853658537,53.8562231759657,NA
2013-03-23,NA,NA,53.8562231759657,NA
2013-04-01,57.817479206121,60.3609467455621,65.3975031210986,NA
2013-04-08,NA,NA,65.3975031210986,NA
2013-04-17,58.3843784772078,62.4268292682927,65.3975031210986,NA
2013-04-24,NA,NA,65.3975031210986,NA
2013-04-25,62.6922909750071,63.0295857988166,65.3975031210986,NA
2013-05-01,NA,NA,65.3975031210986,NA
2013-05-10,NA,NA,65.3975031210986,NA
2013-05-19,32.025705853965,30.7682119205298,65.3975031210986,NA
2013-05-26,NA,NA,65.3975031210986,NA
2013-05-27,58.8046052078031,60.7218934911243,65.3975031210986,NA
2013-06-01,NA,NA,65.3975031210986,NA
2013-06-04,NA,NA,65.3975031210986,NA
2013-06-12,NA,14.5925925925926,65.3975031210986,NA
2013-06-20,56.6983257705989,64.7455621301775,65.3975031210986,NA
2013-06-27,NA,NA,65.3975031210986,NA
2013-06-28,NA,NA,65.3975031210986,NA
2013-07-01,NA,NA,63.4095904095904,NA
2013-07-06,NA,65.9375,63.4095904095904,NA
2013-07-14,NA,NA,63.4095904095904,NA
2013-07-22,NA,NA,63.4095904095904,NA
2013-07-29,NA,NA,63.4095904095904,NA
2013-07-30,60.5437959791803,62.6627218934911,63.4095904095904,NA
2013-08-01,NA,NA,63.4095904095904,NA
2013-08-14,NA,NA,63.4095904095904,NA
2013-08-15,61.0907146152152,59.6272189349112,63.4095904095904,NA
2013-08-23,NA,NA,63.4095904095904,NA
2013-08-30,NA,NA,63.4095904095904,NA
2013-08-31,59.0468407390505,57.8579881656805,63.4095904095904,NA
2013-09-01,NA,NA,63.4095904095904,NA
2013-09-08,NA,NA,63.4095904095904,NA
2013-09-16,NA,NA,63.4095904095904,NA
2013-09-24,52.667896141694,56.9881656804734,63.4095904095904,NA
2013-10-01,NA,NA,50.1314014489133,NA
2013-10-10,54.1772706175757,58.04,50.1314014489133,NA
2013-10-17,NA,NA,50.1314014489133,NA
2013-10-18,49.9098448908891,52.1005917159763,50.1314014489133,NA
2013-10-26,50.2801677076083,53.8284023668639,50.1314014489133,NA
2013-11-01,NA,NA,50.1314014489133,NA
2013-11-02,NA,NA,50.1314014489133,NA
2013-11-03,54.0700111586114,54.585798816568,50.1314014489133,NA
2013-11-11,46.5688842776797,49.1382978723404,50.1314014489133,NA
2013-11-18,NA,NA,50.1314014489133,NA
2013-11-19,51.1748228701276,51.9940828402367,50.1314014489133,NA
2013-11-27,44.5261565003046,48.6863905325444,50.1314014489133,NA
2013-12-01,NA,NA,50.1314014489133,NA
2013-12-04,NA,NA,50.1314014489133,NA
2013-12-05,50.0285067302297,49.2426035502959,50.1314014489133,NA
2013-12-13,43.6077544181028,47.9704142011834,50.1314014489133,NA
2013-12-20,NA,NA,50.1314014489133,NA
2013-12-21,NA,NA,50.1314014489133,NA
2013-12-29,37.2685083114298,41.3905325443787,50.1314014489133,NA
2014-01-01,NA,NA,43.4594054459156,NA
2014-01-05,NA,NA,43.4594054459156,NA
2014-01-06,43.2920686816625,44.0295857988166,43.4594054459156,NA
2014-01-14,41.7043022880042,47.4909090909091,43.4594054459156,NA
2014-01-22,NA,NA,43.4594054459156,NA
2014-01-30,43.5550977519441,48.3905325443787,43.4594054459156,NA
2014-02-01,NA,NA,43.4594054459156,NA
2014-02-07,47.8718144117693,49.1242603550296,43.4594054459156,NA
2014-02-22,NA,NA,43.4594054459156,NA
2014-02-23,49.595929977077,50.5325443786982,43.4594054459156,NA
2014-03-01,NA,NA,43.4594054459156,NA
2014-03-03,NA,NA,43.4594054459156,NA
2014-03-10,NA,NA,43.4594054459156,NA
2014-03-11,NA,NA,43.4594054459156,NA
2014-03-19,NA,NA,43.4594054459156,NA
2014-03-27,NA,NA,43.4594054459156,NA
2014-04-01,NA,NA,58.751998001998,NA
2014-04-11,NA,NA,58.751998001998,NA
2014-04-12,56.8398905854325,56.9112426035503,58.751998001998,NA
2014-04-20,53.4651399995154,56.9289940828402,58.751998001998,NA
2014-04-27,NA,NA,58.751998001998,NA
2014-04-28,52.4168259084595,NA,58.751998001998,NA
2014-05-01,NA,NA,58.751998001998,NA
2014-05-06,43.1663106736182,49.5471698113208,58.751998001998,NA
2014-05-13,NA,NA,58.751998001998,NA
2014-05-14,57.3979448152193,59.5798816568047,58.751998001998,NA
2014-05-22,47.0386116639406,56.4970414201183,58.751998001998,NA
2014-05-29,NA,NA,58.751998001998,NA
2014-05-30,54.634453029518,60.7751479289941,58.751998001998,NA
2014-06-01,NA,NA,58.751998001998,NA
2014-06-07,54.3487102766856,59.6666666666667,58.751998001998,NA
2014-06-15,NA,NA,58.751998001998,NA
2014-06-23,NA,NA,58.751998001998,NA
2014-07-01,53.4685332330447,60.8639053254438,59.7248875562219,NA
2014-07-16,NA,NA,59.7248875562219,NA
2014-07-17,NA,NA,59.7248875562219,NA
2014-07-25,NA,35,59.7248875562219,NA
2014-08-01,NA,NA,59.7248875562219,NA
2014-08-02,57.2491282069938,57.7810650887574,59.7248875562219,NA
2014-08-10,55.2001774573572,58.1952662721894,59.7248875562219,NA
2014-08-17,NA,NA,59.7248875562219,NA
2014-08-18,NA,NA,59.7248875562219,NA
2014-08-26,52.0763200728161,55.9881656804734,59.7248875562219,NA
2014-09-01,NA,NA,59.7248875562219,NA
2014-09-02,NA,NA,59.7248875562219,NA
2014-09-03,56.4958565507147,57.5680473372781,59.7248875562219,NA
2014-09-11,50.9782710627529,56.0414201183432,59.7248875562219,NA
2014-09-18,NA,NA,59.7248875562219,NA
2014-09-19,55.0055841378993,55.887573964497,59.7248875562219,NA
2014-10-01,NA,NA,51.6935564435564,NA
2014-10-05,52.7728699045479,55.4792899408284,51.6935564435564,NA
2014-10-13,NA,NA,51.6935564435564,NA
2014-10-21,50.7442706079892,52.0414201183432,51.6935564435564,NA
2014-10-29,NA,NA,51.6935564435564,NA
2014-11-01,NA,NA,51.6935564435564,NA
2014-11-06,NA,NA,51.6935564435564,NA
2014-11-14,NA,NA,51.6935564435564,NA
2014-11-22,52.9837195606199,55.396449704142,51.6935564435564,NA
2014-11-30,NA,NA,51.6935564435564,NA
2014-12-01,NA,NA,51.6935564435564,NA
2014-12-08,60.0845807961889,61.5266272189349,51.6935564435564,NA
2014-12-16,55.7219658901543,59.6923076923077,51.6935564435564,NA
2014-12-24,NA,NA,51.6935564435564,NA
2015-01-01,56.0467646425472,61.7633136094675,66.8266300274794,NA
2015-01-09,NA,NA,66.8266300274794,NA
2015-01-17,NA,65,66.8266300274794,NA
2015-01-25,63.1071632911441,64.3609467455621,66.8266300274794,NA
2015-02-01,NA,NA,66.8266300274794,NA
2015-02-02,60.3876311414375,64.5739644970414,66.8266300274794,NA
2015-02-10,NA,NA,66.8266300274794,NA
2015-02-18,55.6010456288736,62.3905325443787,66.8266300274794,NA
2015-02-26,63.5432726968713,64.9467455621302,66.8266300274794,NA
2015-03-01,NA,NA,66.8266300274794,NA
2015-03-06,59.4057209406204,61.6804733727811,66.8266300274794,NA
2015-03-14,55.3870752924324,50.7284768211921,66.8266300274794,NA
2015-03-22,NA,NA,66.8266300274794,NA
2015-03-30,63.4677870116513,64.8757396449704,66.8266300274794,NA
2015-04-01,NA,NA,71.3,NA
2015-04-07,NA,NA,71.3,NA
2015-04-15,NA,NA,71.3,NA
2015-04-23,NA,NA,71.3,NA
2015-05-01,65.7141950142924,68.1952662721893,71.3,NA
2015-05-09,NA,NA,71.3,NA
2015-05-17,61.5843338468297,61.3333333333333,71.3,NA
2015-05-25,NA,NA,71.3,NA
2015-06-01,NA,NA,71.3,NA
2015-06-02,59.1982654670664,76.875,71.3,NA
2015-06-10,62.3599019420335,69.7159763313609,71.3,NA
2015-06-18,NA,45.1359223300971,71.3,NA
2015-06-26,60.3838235967753,74.8047337278107,71.3,NA
2015-07-01,NA,NA,70.9152923538231,NA
2015-07-04,64.8816520108543,71.7751479289941,70.9152923538231,NA
2015-07-20,63.8993366949072,72.6863905325444,70.9152923538231,NA
2015-07-28,62.2750453526843,68.5917159763314,70.9152923538231,NA
2015-08-01,NA,NA,70.9152923538231,NA
2015-08-05,53.9655716624513,48.6923076923077,70.9152923538231,NA
2015-08-13,60.0297414873019,64.2130177514793,70.9152923538231,NA
2015-08-21,61.7773991408323,63.1715976331361,70.9152923538231,NA
2015-08-29,60.8062871455578,65.3076923076923,70.9152923538231,NA
2015-09-01,NA,NA,70.9152923538231,NA
2015-09-06,62.0879729406962,61.8224852071006,70.9152923538231,NA
2015-09-14,47.267609012021,53.3431952662722,70.9152923538231,NA
2015-09-22,61.0704103793267,59.9585798816568,70.9152923538231,NA
2015-10-01,NA,NA,53.1533466533467,NA
2015-10-08,51.203453830487,55.4082840236686,53.1533466533467,NA
2015-10-16,NA,NA,53.1533466533467,NA
2015-10-24,49.6698898717825,50.7586206896552,53.1533466533467,NA
2015-11-01,NA,NA,53.1533466533467,NA
2015-11-09,53.8480526874054,54.2958579881657,53.1533466533467,NA
2015-11-17,50.399611595128,56.3905325443787,53.1533466533467,NA
2015-11-25,NA,NA,53.1533466533467,NA
2015-12-01,NA,NA,53.1533466533467,NA
2015-12-03,NA,NA,53.1533466533467,NA
2015-12-11,53.331619883619,54.0355029585799,53.1533466533467,NA
2015-12-19,NA,NA,53.1533466533467,NA
2015-12-27,52.2963630312868,53.7633136094675,53.1533466533467,NA
2016-01-01,NA,NA,49.6416083916084,NA
2016-01-12,51.0166152804524,53.2485207100592,49.6416083916084,NA
2016-01-20,46.3712633255423,54.1242603550296,49.6416083916084,NA
2016-01-28,NA,NA,49.6416083916084,NA
2016-02-01,NA,NA,49.6416083916084,NA
2016-02-05,49.1749114636178,56.1242603550296,49.6416083916084,NA
2016-02-13,54.1047122279606,56.1301775147929,49.6416083916084,NA
2016-02-21,47.4895508528933,54.1538461538462,49.6416083916084,NA
2016-02-29,53.8464569547818,55.3136094674556,49.6416083916084,NA
2016-03-01,NA,NA,49.6416083916084,NA
2016-03-08,48.2676375719133,55.2051282051282,49.6416083916084,NA
2016-03-16,35.5659241247977,32.7941176470588,49.6416083916084,NA
2016-04-01,57.0367881861267,57.094674556213,61.3729702722958,NA
2016-04-09,NA,NA,61.3729702722958,NA
2016-04-17,57.7816629819559,58.9940828402367,61.3729702722958,NA
2016-05-01,NA,NA,61.3729702722958,NA
2016-05-03,58.2300189169666,59.5207100591716,61.3729702722958,NA
2016-05-19,57.2175376422987,58.2366863905325,61.3729702722958,NA
2016-06-01,NA,NA,61.3729702722958,NA
2016-06-04,NA,NA,61.3729702722958,NA
2016-06-12,56.0657545824179,64.7278106508876,61.3729702722958,NA
2016-06-20,NA,NA,61.3729702722958,NA
2016-06-28,NA,62,61.3729702722958,NA
2016-07-01,NA,NA,65.8530367408148,NA
2016-07-06,57.920150442983,70.8165680473373,65.8530367408148,NA
2016-07-14,57.3154723995334,63.4821428571429,65.8530367408148,NA
2016-07-22,NA,NA,65.8530367408148,NA
2016-07-30,32.9423016655694,26.2662721893491,65.8530367408148,NA
2016-08-01,NA,NA,65.8530367408148,NA
2016-08-07,57.7631140970988,58.2721893491124,65.8530367408148,NA
2016-08-15,54.0731486667153,59.5274725274725,65.8530367408148,NA
2016-08-23,NA,NA,65.8530367408148,NA
2016-08-31,NA,NA,65.8530367408148,NA
2016-09-01,NA,NA,65.8530367408148,NA
2016-09-08,NA,NA,65.8530367408148,NA
2016-09-16,38.5988366558165,NA,65.8530367408148,NA
2016-09-24,NA,NA,65.8530367408148,NA
2016-10-01,NA,NA,57.0969030969031,NA
2016-10-02,NA,NA,57.0969030969031,NA
2016-10-10,18.9303151565188,NA,57.0969030969031,NA
2016-10-18,52.5920798705209,56.5325443786982,57.0969030969031,NA
2016-10-26,NA,NA,57.0969030969031,NA
2016-11-01,NA,NA,57.0969030969031,NA
2016-11-03,52.1112059139035,58.5925925925926,57.0969030969031,NA
2016-11-11,57.2583319935621,61.2426035502959,57.0969030969031,NA
2016-11-19,NA,NA,57.0969030969031,NA
2016-11-27,59.9448829680681,62.7751479289941,57.0969030969031,NA
2016-12-01,NA,NA,57.0969030969031,NA
2016-12-13,50.2022337852057,NA,57.0969030969031,NA
2016-12-21,61.3945893311307,67.9763313609467,57.0969030969031,NA
2016-12-29,NA,NA,57.0969030969031,NA
2017-01-01,NA,NA,79.1638361638362,NA
2017-01-06,64.0086306901317,69.7455621301775,79.1638361638362,NA
2017-01-14,68.2138062022424,73.2899408284024,79.1638361638362,NA
2017-01-22,NA,NA,79.1638361638362,NA
2017-01-30,69.8627267145711,74.1656804733728,79.1638361638362,NA
2017-02-01,NA,NA,79.1638361638362,NA
2017-02-15,68.4860376159141,72.2426035502959,79.1638361638362,NA
2017-02-23,62.8025086643367,70.0532544378698,79.1638361638362,NA
2017-03-01,NA,NA,79.1638361638362,NA
2017-03-03,NA,NA,79.1638361638362,NA
2017-03-11,61.44749552203,64.3195266272189,79.1638361638362,NA
2017-03-19,NA,NA,79.1638361638362,NA
2017-03-27,65.9690751581852,73.5562130177515,79.1638361638362,NA
2017-04-01,NA,NA,79.1137215696076,NA
2017-04-04,70.5543636368032,72.5917159763314,79.1137215696076,NA
2017-04-12,66.4443881549121,68.9940828402367,79.1137215696076,NA
2017-04-20,NA,NA,79.1137215696076,NA
2017-04-28,68.9770381826158,76.2899408284024,79.1137215696076,NA
2017-05-01,NA,NA,79.1137215696076,NA
2017-05-06,71.3341534145399,74.1656804733728,79.1137215696076,NA
2017-05-14,58.1633271093014,71.3028169014084,79.1137215696076,NA
2017-05-22,68.0580698641294,77.7337278106509,79.1137215696076,NA
2017-05-30,NA,NA,79.1137215696076,NA
2017-06-01,NA,NA,79.1137215696076,NA
2017-06-07,69.5752090550054,78.8343195266272,79.1137215696076,NA
2017-06-23,63.0151764349883,62.7514792899408,79.1137215696076,NA
2017-07-01,65.1831213043826,75.8816568047337,74.5975518361229,NA
2017-07-09,65.0947993894744,67.8816568047337,74.5975518361229,NA
2017-07-17,64.9292377594729,71.5325443786982,74.5975518361229,NA
2017-07-25,67.079661253844,70.0887573964497,74.5975518361229,NA
2017-08-01,NA,NA,74.5975518361229,NA
2017-08-02,NA,NA,74.5975518361229,NA
2017-08-10,64.1140876023991,68.5502958579882,74.5975518361229,NA
2017-08-18,NA,NA,74.5975518361229,NA
2017-08-26,66.1947244039486,65.7337278106509,74.5975518361229,NA
2017-09-01,NA,NA,74.5975518361229,NA
2017-09-03,62.6249618342356,65.7619047619048,74.5975518361229,NA
2017-09-11,54.8862504627821,NA,74.5975518361229,NA
2017-09-19,56.1907280018736,59.7100591715976,74.5975518361229,NA
2017-09-27,NA,NA,74.5975518361229,NA
2017-10-01,NA,NA,57.4341743692231,NA
2017-10-05,NA,NA,57.4341743692231,NA
2017-10-13,39.7159964995911,71.7692307692308,57.4341743692231,NA
2017-10-21,54.8155095392384,58.0188679245283,57.4341743692231,NA
2017-10-29,57.368845321701,58.3905325443787,57.4341743692231,NA
2017-11-01,NA,NA,57.4341743692231,NA
2017-11-06,54.8849597447794,57.5029585798817,57.4341743692231,NA
2017-11-14,55.2656234854469,55.6923076923077,57.4341743692231,NA
2017-11-22,50.0109247277457,55.2662721893491,57.4341743692231,NA
2017-11-30,NA,NA,57.4341743692231,NA
2017-12-01,NA,NA,57.4341743692231,NA
2017-12-08,50.4708938618243,54.112426035503,57.4341743692231,NA
2017-12-16,54.0533165864774,56.2248520710059,57.4341743692231,NA
2018-01-01,53.973411634323,55.5502958579882,51.4487756121939,NA
2018-01-09,49.3716288616395,55.099173553719,51.4487756121939,NA
2018-01-17,53.1343112284723,53.4615384615385,51.4487756121939,NA
2018-01-25,46.7805350326275,53.0769230769231,51.4487756121939,NA
2018-02-01,NA,NA,51.4487756121939,NA
2018-02-02,54.7656623496734,55.6745562130178,51.4487756121939,NA
2018-02-10,50.0021528974257,56.7159763313609,51.4487756121939,NA
2018-02-18,NA,NA,51.4487756121939,NA
2018-02-26,49.8754640772915,54.1538461538462,51.4487756121939,NA
2018-03-01,NA,NA,51.4487756121939,NA
2018-03-06,55.07161787678,55.4970414201183,51.4487756121939,NA
2018-03-14,48.1991013967584,52.9230769230769,51.4487756121939,NA
2018-03-22,NA,NA,51.4487756121939,NA
2018-03-30,50.0885467732544,54.1360946745562,51.4487756121939,NA
2018-04-01,NA,NA,57.0492007992008,NA
2018-04-07,55.8700419729647,56.7573964497041,57.0492007992008,NA
2018-04-15,NA,NA,57.0492007992008,NA
2018-04-23,54.7321498023314,59.5147928994083,57.0492007992008,NA
2018-05-01,NA,NA,57.0492007992008,NA
2018-05-09,55.4360200517746,58.4585798816568,57.0492007992008,71.7
2018-05-17,41.3829106982041,48.4444444444444,57.0492007992008,NA
2018-05-25,56.3058331003853,60.1923076923077,57.0492007992008,NA
2018-06-01,NA,NA,57.0492007992008,NA
2018-06-02,54.4406373085059,62.28,57.0492007992008,NA
2018-06-10,55.9396367324655,65.7544378698225,57.0492007992008,NA
2018-06-18,53.9565779121456,63.8579881656805,57.0492007992008,NA
2018-06-26,54.5297809960866,64.2307692307692,57.0492007992008,NA
2018-07-01,NA,NA,58.3431568431568,NA
2018-07-04,NA,NA,58.3431568431568,NA
2018-07-12,56.1873071327581,60.2248520710059,58.3431568431568,NA
2018-07-20,52.313318845817,56.4260355029586,58.3431568431568,NA
2018-07-28,54.9909430550561,57.6213017751479,58.3431568431568,NA
2018-08-01,NA,NA,58.3431568431568,NA
2018-08-13,54.7161717992333,55.4674556213018,58.3431568431568,NA
2018-08-29,51.0662553103149,52.3994082840237,58.3431568431568,NA
2018-09-01,NA,NA,58.3431568431568,NA
2018-09-14,NA,NA,58.3431568431568,NA
2018-09-22,46.1468621298145,49.3550295857988,58.3431568431568,NA
2018-09-30,48.7252536280645,48.2899408284024,58.3431568431568,NA
2018-10-01,NA,NA,41.4676492630527,NA
2018-10-08,NA,NA,41.4676492630527,NA
2018-10-15,31.9915985541394,36.9467455621302,41.4676492630527,NA
2018-10-16,NA,NA,41.4676492630527,NA
2018-10-24,41.9120502080586,47.4230769230769,41.4676492630527,NA
2018-10-31,38.5351331183054,44.1656804733728,41.4676492630527,NA
2018-11-01,41.3725742105054,42.7278106508876,41.4676492630527,NA
2018-11-09,40.9239880464646,45.4023668639053,41.4676492630527,NA
2018-11-16,41.5547337916648,45.4792899408284,41.4676492630527,NA
2018-11-17,44.8930688312868,45.6153846153846,41.4676492630527,NA
2018-11-25,41.2223613659682,45.7514792899408,41.4676492630527,NA
2018-12-01,NA,NA,41.4676492630527,NA
2018-12-02,NA,46.4733727810651,41.4676492630527,NA
2018-12-03,47.0681238983099,48.1834319526627,41.4676492630527,NA
2018-12-11,NA,NA,41.4676492630527,NA
2018-12-18,41.423008517826,47.2781954887218,41.4676492630527,NA
2018-12-19,48.0697231845201,48.7633136094675,41.4676492630527,NA
2018-12-27,41.7837055513188,48.0118343195266,41.4676492630527,NA
2019-01-01,NA,NA,48.3593906093906,NA
2019-01-03,42.0228914580162,48.2264150943396,48.3593906093906,NA
2019-01-04,NA,NA,48.3593906093906,NA
2019-01-12,41.7363503538325,48.3958333333333,48.3593906093906,NA
2019-01-19,37.0540137314193,44.015625,48.3593906093906,NA
2019-01-20,52.4298088952062,52.9349112426035,48.3593906093906,NA
2019-01-28,37.77195335775,43.1479289940828,48.3593906093906,NA
2019-02-01,NA,NA,48.3593906093906,NA
2019-02-04,NA,NA,48.3593906093906,NA
2019-02-05,53.5179474996287,55.8994082840237,48.3593906093906,NA
2019-02-13,49.3485759667358,54.3313609467456,48.3593906093906,NA
2019-02-20,NA,NA,48.3593906093906,NA
2019-02-21,55.8856142877149,57.7869822485207,48.3593906093906,NA
2019-03-01,NA,NA,48.3593906093906,NA
2019-03-09,55.0158883368459,55.6627218934911,48.3593906093906,NA
2019-03-17,NA,NA,48.3593906093906,NA
2019-03-25,59.5631265940977,59.9704142011834,48.3593906093906,NA
2019-04-01,NA,NA,59.3864601548838,NA
2019-04-02,52.5933692075413,57.3313609467456,59.3864601548838,NA
2019-04-09,56.0497869296066,56.7692307692308,59.3864601548838,NA
2019-04-10,57.9994692217981,57.9289940828402,59.3864601548838,NA
2019-04-18,52.9521084027435,58.8639053254438,59.3864601548838,NA
2019-04-25,54.4979949492098,62.094674556213,59.3864601548838,NA
2019-04-26,59.0095730439394,59.2307692307692,59.3864601548838,NA
2019-05-01,NA,NA,59.3864601548838,NA
2019-05-04,56.1369306565884,59.8520710059172,59.3864601548838,NA
2019-05-11,NA,NA,59.3864601548838,NA
2019-05-12,54.5054628101787,55.5147928994083,59.3864601548838,NA
2019-05-20,53.7034552800033,60.8496240601504,59.3864601548838,NA
2019-05-27,57.8299167032259,68.5502958579882,59.3864601548838,NA
2019-05-28,48.874652740803,44.2958579881657,59.3864601548838,NA
2019-06-01,NA,NA,59.3864601548838,NA
2019-06-05,NA,NA,59.3864601548838,NA
2019-06-13,NA,NA,59.3864601548838,NA
2019-06-21,57.1496808432168,63.0118343195266,59.3864601548838,NA
2019-06-28,NA,65.6,59.3864601548838,NA
2019-06-29,52.1116865143195,45.9822485207101,59.3864601548838,NA
2019-07-01,NA,NA,55.977022977023,NA
2019-07-14,NA,NA,55.977022977023,NA
2019-07-15,NA,NA,55.977022977023,NA
2019-07-23,36.0463908711769,42.0571428571429,55.977022977023,NA
2019-07-30,55.3050118257309,62.1656804733728,55.977022977023,NA
2019-07-31,57.5793384126883,57.8343195266272,55.977022977023,NA
2019-08-01,NA,NA,55.977022977023,NA
2019-08-08,NA,NA,55.977022977023,NA
2019-08-15,NA,NA,55.977022977023,NA
2019-08-16,54.0127902708168,53.3786982248521,55.977022977023,NA
2019-08-24,51.7812586053335,55.8757396449704,55.977022977023,NA
2019-08-31,52.1998165679659,56.1301775147929,55.977022977023,NA
2019-09-01,54.8020573429188,54.7514792899408,55.977022977023,NA
2019-09-09,49.9755543417134,53.2038834951456,55.977022977023,NA
2019-09-17,54.4723075257893,54.5147928994083,55.977022977023,NA
2019-09-25,44.5802123147581,47.3195266272189,55.977022977023,NA
2019-10-01,NA,NA,43.02875,NA
2019-10-02,43.9519409466185,49.189349112426,43.02875,NA
2019-10-03,46.7856107441079,46.8343195266272,43.02875,NA
2019-10-11,42.6237173919928,47.2958579881657,43.02875,NA
2019-10-18,42.2424324896653,44.887573964497,43.02875,NA
2019-10-19,46.7575061730823,46.9289940828402,43.02875,NA
2019-10-27,41.1229242754513,44.3668639053254,43.02875,NA
2019-11-01,NA,NA,43.02875,NA
2019-11-03,38.3626293049653,42.2872340425532,43.02875,NA
2019-11-04,24.5060029004055,54.8805970149254,43.02875,NA
2019-11-12,40.6165020160667,43.6792452830189,43.02875,NA
2019-11-19,NA,NA,43.02875,NA
2019-11-20,38.3760178301157,38.6094674556213,43.02875,NA
2019-11-28,NA,NA,43.02875,NA
2019-12-01,NA,NA,43.02875,NA
2019-12-05,37.1493786332284,40.2840236686391,43.02875,NA
2019-12-06,42.8100067763515,43.0059171597633,43.02875,NA
2019-12-14,33.9294413644883,37.9454545454545,43.02875,NA
2019-12-21,15.0634263015698,26.953488372093,43.02875,NA
2019-12-22,NA,NA,43.02875,NA
2019-12-30,31.9419971605828,35.3818181818182,43.02875,NA
2020-01-01,NA,NA,38.1314014489133,NA
2020-01-06,NA,NA,38.1314014489133,NA
2020-01-07,38.2021886550648,37.2248520710059,38.1314014489133,NA
2020-01-15,NA,NA,38.1314014489133,NA
2020-01-22,NA,NA,38.1314014489133,NA
2020-01-23,NA,NA,38.1314014489133,NA
2020-01-31,30.2383624498906,34.7988165680473,38.1314014489133,NA
2020-02-01,NA,NA,38.1314014489133,NA
2020-02-08,NA,NA,38.1314014489133,NA
2020-02-16,NA,NA,38.1314014489133,NA
2020-02-23,29.920067172837,NA,38.1314014489133,NA
2020-02-24,NA,NA,38.1314014489133,NA
2020-03-01,NA,NA,38.1314014489133,NA
2020-03-10,NA,NA,38.1314014489133,NA
2020-03-11,NA,NA,38.1314014489133,NA
2020-03-19,37.0928444022504,43.8402366863905,38.1314014489133,NA
2020-03-26,NA,NA,38.1314014489133,NA
2020-03-27,32.6295977233624,29.7218543046358,38.1314014489133,NA
2020-04-01,NA,NA,40.1746626686657,NA
2020-04-04,39.5501547510132,44.2899408284024,40.1746626686657,NA
2020-04-11,NA,NA,40.1746626686657,NA
2020-04-12,NA,NA,40.1746626686657,NA
2020-04-20,NA,NA,40.1746626686657,NA
2020-04-27,41.8365082374113,52,40.1746626686657,NA
2020-04-28,NA,NA,40.1746626686657,NA
2020-05-01,NA,NA,40.1746626686657,NA
2020-05-06,NA,NA,40.1746626686657,NA
2020-05-13,NA,42,40.1746626686657,NA
2020-05-14,47.7237151733459,49.491124260355,40.1746626686657,NA
2020-05-22,17.7409928400795,NA,40.1746626686657,NA
2020-05-29,NA,NA,40.1746626686657,NA
2020-05-30,NA,NA,40.1746626686657,NA
2020-06-01,NA,NA,40.1746626686657,NA
2020-06-07,43.3134296825214,49.2721893491124,40.1746626686657,NA
2020-06-14,46.0245781476503,52.4090909090909,40.1746626686657,NA
2020-06-15,49.0438689771577,50.0887573964497,40.1746626686657,NA
2020-06-30,44.8692898498571,56.5294117647059,40.1746626686657,NA
2020-07-01,27.3787919070793,34.2258064516129,46.6654172913543,NA
2020-07-16,48.2664266820809,59.3786982248521,46.6654172913543,NA
2020-07-17,NA,NA,46.6654172913543,NA
2020-08-01,48.0088451606294,55.8958333333333,46.6654172913543,NA
2020-08-02,NA,NA,46.6654172913543,NA
2020-08-10,NA,49.4615384615385,46.6654172913543,NA
2020-08-17,NA,NA,46.6654172913543,NA
2020-08-18,49.2707598687603,50.1479289940828,46.6654172913543,NA
2020-08-26,47.2032499653325,53.9644970414201,46.6654172913543,NA
2020-09-01,NA,NA,46.6654172913543,NA
2020-09-02,43.1293825158665,48.7218934911243,46.6654172913543,NA
2020-09-03,NA,43.9230769230769,46.6654172913543,NA
2020-09-11,48.5743973735717,52.90625,46.6654172913543,NA
2020-09-18,NA,NA,46.6654172913543,NA
2020-09-19,NA,NA,46.6654172913543,NA
2020-09-27,50.0224265987602,55.8461538461538,46.6654172913543,NA
2020-10-01,NA,NA,56.7182113414939,NA
2020-10-04,51.8564643265045,57.0909090909091,56.7182113414939,NA
2020-10-05,53.9059544987085,56.6508875739645,56.7182113414939,NA
2020-10-13,52.5027247772596,59.8520710059172,56.7182113414939,NA
2020-10-20,54.8460158429889,61.2130177514793,56.7182113414939,NA
2020-10-21,59.6186209237422,64.2366863905325,56.7182113414939,NA
2020-10-29,NA,NA,56.7182113414939,NA
2020-11-01,NA,NA,56.7182113414939,NA
2020-11-05,NA,51.5,56.7182113414939,NA
2020-11-06,NA,NA,56.7182113414939,NA
2020-11-14,62.0500275472224,64.3786982248521,56.7182113414939,NA
2020-11-21,NA,NA,56.7182113414939,NA
2020-11-22,NA,NA,56.7182113414939,NA
2020-11-30,60.7324372661275,66.6331360946746,56.7182113414939,NA
2020-12-01,NA,NA,56.7182113414939,NA
2020-12-07,66.9363102109442,68.5798816568047,56.7182113414939,NA
2020-12-08,67.1970209532363,67.1183431952663,56.7182113414939,NA
2020-12-16,49.1251690297979,NA,56.7182113414939,NA
2020-12-23,62.1713124186588,65.3846153846154,56.7182113414939,NA
2020-12-24,67.806250590386,67.4615384615385,56.7182113414939,NA
2021-01-01,NA,NA,76.8573213393303,NA
2021-01-08,68.163067159511,73.2352941176471,76.8573213393303,NA
2021-01-09,69.2801655368405,68.1005917159763,76.8573213393303,NA
2021-01-17,63.6748436636986,62.875,76.8573213393303,NA
2021-01-24,NA,NA,76.8573213393303,NA
2021-01-25,52.3151509213648,54,76.8573213393303,NA
2021-02-01,NA,NA,76.8573213393303,NA
2021-02-02,65.1583541337915,68.6449704142012,76.8573213393303,NA
2021-02-09,NA,NA,76.8573213393303,NA
2021-02-10,67.9357625062857,68.3846153846154,76.8573213393303,NA
2021-02-18,64.7961017138443,69.5917159763314,76.8573213393303,NA
2021-02-25,66.139677464476,73.9148936170213,76.8573213393303,NA
2021-02-26,50.8141565442877,82.5494505494506,76.8573213393303,NA
2021-03-01,NA,NA,76.8573213393303,NA
2021-03-06,62.5788095308635,65.6627218934911,76.8573213393303,NA
2021-03-14,67.0723416143903,67.2603550295858,76.8573213393303,NA
2021-03-22,NA,NA,76.8573213393303,NA
2021-03-29,65.1424737833547,75.28125,76.8573213393303,NA
2021-03-30,66.094246002707,66.1597633136095,76.8573213393303,NA
2021-04-01,NA,NA,72.6346826586707,NA
2021-04-07,61.3169476778052,66.4674556213018,72.6346826586707,NA
2021-04-14,NA,NA,72.6346826586707,NA
2021-04-15,NA,NA,72.6346826586707,NA
2021-04-23,53.3858951602504,55.44375,72.6346826586707,NA
2021-04-30,63.1402881948163,66.4380165289256,72.6346826586707,NA
2021-05-01,NA,NA,72.6346826586707,NA
2021-05-09,NA,NA,72.6346826586707,NA
2021-05-16,61.2526467142927,NA,72.6346826586707,NA
2021-05-17,64.4342073553837,66.0177514792899,72.6346826586707,NA
2021-05-25,45.1003399568926,77.6686390532544,72.6346826586707,NA
2021-06-01,NA,NA,72.6346826586707,NA
2021-06-02,NA,NA,72.6346826586707,NA
2021-06-18,61.9334880220942,64.3136094674556,72.6346826586707,NA
2021-06-26,59.0419232545345,65.7810650887574,72.6346826586707,NA
2021-07-01,NA,NA,70.2035973020235,NA
2021-07-03,60.0947446752263,79.4852071005917,70.2035973020235,NA
2021-07-04,62.4785429353725,69.9408284023669,70.2035973020235,NA
2021-07-12,55.7862491440226,62.9230769230769,70.2035973020235,NA
2021-07-19,NA,NA,70.2035973020235,NA
2021-07-20,61.7418970597339,55.0177514792899,70.2035973020235,NA
2021-07-28,57.5222171723657,66.9807692307692,70.2035973020235,NA
2021-08-01,NA,NA,70.2035973020235,NA
2021-08-04,NA,NA,70.2035973020235,NA
2021-08-05,NA,NA,70.2035973020235,NA
2021-08-13,59.2564197163763,66.1063829787234,70.2035973020235,NA
2021-08-20,NA,NA,70.2035973020235,NA
2021-08-21,NA,NA,70.2035973020235,NA
2021-08-29,NA,31.46,70.2035973020235,NA
2021-09-01,NA,NA,70.2035973020235,NA
2021-09-05,NA,NA,70.2035973020235,NA
2021-09-06,62.1513150030367,62.5443786982249,70.2035973020235,NA
2021-09-14,59.6629957320534,64.3668639053254,70.2035973020235,NA
2021-09-21,62.2933975000694,65.3550295857988,70.2035973020235,NA
2021-09-22,62.3897095266141,62.9526627218935,70.2035973020235,NA
2021-09-30,54.7756035478378,63.4615384615385,70.2035973020235,NA
2021-10-01,NA,NA,66.9263052710467,NA
2021-10-07,60.9030489961142,61.7307692307692,66.9263052710467,NA
2021-10-08,61.2122798109437,63.2544378698225,66.9263052710467,NA
2021-10-16,60.2484337011127,63.6,66.9263052710467,NA
2021-10-23,63.5826369361238,67.5917159763314,66.9263052710467,NA
2021-10-24,62.7692598052495,63.491124260355,66.9263052710467,NA
2021-11-01,58.8483743142832,64.1538461538462,66.9263052710467,NA
2021-11-08,60.3873545786426,65.9171597633136,66.9263052710467,NA
2021-11-09,NA,NA,66.9263052710467,NA
2021-11-17,59.7511177678352,65.1005917159763,66.9263052710467,NA
2021-11-21,NA,NA,66.9263052710467,NA
2021-11-25,NA,NA,66.9263052710467,NA
2021-12-01,NA,NA,66.9263052710467,NA
2021-12-03,60.88886359539,66.5266272189349,66.9263052710467,NA
2021-12-10,61.0080262699826,68.03125,66.9263052710467,NA
2021-12-11,61.9645789159175,64.3431952662722,66.9263052710467,NA
2021-12-19,46.4478635766507,44,66.9263052710467,NA
2021-12-26,61.8590885279161,68.905325443787,66.9263052710467,NA
2021-12-27,NA,NA,66.9263052710467,NA
2022-01-01,NA,NA,72.3539115221195,NA
2022-01-04,61.7239627246,66.6170212765958,72.3539115221195,NA
2022-01-11,62.0487566599541,75.2912621359223,72.3539115221195,NA
2022-01-12,63.7917480518134,67.2840236686391,72.3539115221195,NA
2022-01-20,62.6252350036319,66.0828402366864,72.3539115221195,NA
2022-01-27,NA,NA,72.3539115221195,NA
2022-01-28,NA,NA,72.3539115221195,NA
2022-02-01,NA,NA,72.3539115221195,NA
2022-02-05,61.1965073524675,68.0365853658537,72.3539115221195,NA
2022-02-13,62.1611807081186,65.6094674556213,72.3539115221195,NA
2022-02-21,NA,NA,72.3539115221195,NA
2022-02-28,31.3404808444345,NA,72.3539115221195,NA
2022-03-01,NA,NA,72.3539115221195,NA
2022-03-09,62.6273772971706,NA,72.3539115221195,NA
2022-03-16,NA,NA,72.3539115221195,NA
2022-03-17,64.924327360391,68.8047337278107,72.3539115221195,NA
2022-03-25,NA,NA,72.3539115221195,NA
2022-04-01,63.4023547023624,NA,75.2980264801399,NA
2022-04-02,65.9787050682475,66.1775147928994,75.2980264801399,NA
2022-04-10,65.9777983443932,NA,75.2980264801399,NA
2022-04-18,NA,NA,75.2980264801399,NA
2022-05-01,NA,NA,75.2980264801399,NA
2022-05-04,62.4424084130996,69.396449704142,75.2980264801399,NA
2022-05-12,NA,NA,75.2980264801399,NA
2022-05-16,55.82888507632,NA,75.2980264801399,NA
2022-05-20,NA,NA,75.2980264801399,NA
2022-05-28,55.8137149337483,NA,75.2980264801399,NA
2022-06-01,NA,NA,75.2980264801399,NA
2022-06-05,27.4948967234824,NA,75.2980264801399,NA
2022-06-13,62.5822178257419,NA,75.2980264801399,NA
2022-06-14,51.8675452741747,NA,75.2980264801399,NA
2022-06-19,NA,NA,75.2980264801399,NA
2022-06-21,62.7214338750311,69.5917159763314,75.2980264801399,NA
2022-07-01,NA,NA,69.8903048475762,NA
2022-07-06,56.9379492733343,NA,69.8903048475762,NA
2022-07-07,NA,NA,69.8903048475762,NA
2022-07-15,NA,NA,69.8903048475762,NA
2022-07-18,51.7825169505801,NA,69.8903048475762,NA
2022-07-23,62.0011717342727,65.2958579881657,69.8903048475762,NA
2022-07-31,NA,NA,69.8903048475762,NA
2022-08-01,NA,NA,69.8903048475762,NA
2022-08-04,NA,NA,69.8903048475762,NA
2022-08-08,61.7397057151742,65.2011834319527,69.8903048475762,NA
2022-08-09,NA,NA,69.8903048475762,NA
2022-08-16,61.6458364439539,NA,69.8903048475762,NA
2022-08-21,53.6205868345429,NA,69.8903048475762,NA
2022-08-24,NA,NA,69.8903048475762,NA
2022-08-26,58.8680089726297,NA,69.8903048475762,NA
2022-09-01,NA,NA,69.8903048475762,NA
2022-09-07,NA,NA,69.8903048475762,NA
2022-09-09,NA,NA,69.8903048475762,NA
2022-09-12,NA,NA,69.8903048475762,NA
2022-09-17,NA,NA,69.8903048475762,NA
2022-09-24,50.1669940580703,NA,69.8903048475762,NA
2022-09-25,NA,NA,69.8903048475762,NA
2022-09-29,NA,NA,69.8903048475762,NA
2022-10-01,NA,NA,69.8903048475762,NA
2022-10-03,51.2144943054947,NA,69.8903048475762,NA
2022-10-11,NA,NA,69.8903048475762,NA
2022-10-16,NA,NA,69.8903048475762,NA
2022-10-27,55.0950885979939,53.4285714285714,69.8903048475762,NA
2022-10-28,59.7139537518764,NA,69.8903048475762,NA
2022-11-01,NA,NA,69.8903048475762,NA
2022-11-02,NA,NA,69.8903048475762,NA
2022-11-04,60.7191802346967,NA,69.8903048475762,NA
2022-11-12,NA,NA,69.8903048475762,NA
2022-11-19,NA,NA,69.8903048475762,NA
2022-11-20,NA,NA,69.8903048475762,NA
2022-11-28,62.3949470352861,64.7337278106509,69.8903048475762,NA
2022-12-01,58.2095986269899,NA,69.8903048475762,NA
2022-12-06,NA,NA,69.8903048475762,NA
2022-12-14,28.0040930010773,NA,69.8903048475762,NA
2022-12-22,NA,NA,69.8903048475762,NA
2022-12-23,52.8441121417032,NA,69.8903048475762,NA
2022-12-30,50.4615099112127,NA,69.8903048475762,NA
2023-01-01,NA,NA,74.8588205897051,NA
2023-01-07,63.1979983566886,NA,74.8588205897051,NA
2023-01-09,58.7361123023161,NA,74.8588205897051,NA
2023-01-15,62.3896961894424,66.5680473372781,74.8588205897051,NA
2023-01-23,64.6049731005383,NA,74.8588205897051,NA
2023-01-26,58.5446897008,NA,74.8588205897051,NA
2023-01-31,64.8187580696508,67.887573964497,74.8588205897051,NA
2023-02-01,NA,NA,74.8588205897051,NA
2023-02-12,NA,NA,74.8588205897051,NA
2023-02-16,65.3303978399631,69.4733727810651,74.8588205897051,NA
2023-02-17,25.5487103868359,NA,74.8588205897051,NA
2023-02-24,66.5627226281285,NA,74.8588205897051,NA
2023-03-01,NA,NA,74.8588205897051,NA
2023-03-04,64.8267922890185,68.9704142011834,74.8588205897051,NA
2023-03-06,NA,NA,74.8588205897051,NA
2023-03-11,60.6438564331216,NA,74.8588205897051,NA
2023-03-12,NA,NA,74.8588205897051,NA
2023-03-20,NA,NA,74.8588205897051,NA
2023-03-23,NA,NA,74.8588205897051,NA
2023-03-28,NA,NA,74.8588205897051,NA
2023-04-01,NA,NA,74.8588205897051,NA
2023-04-05,45.2696782520483,44.2,74.8588205897051,NA
2023-04-13,68.2142971349956,NA,74.8588205897051,NA
2023-04-14,54.0044542511465,NA,74.8588205897051,NA
2023-04-19,59.2158317203051,NA,74.8588205897051,NA
2023-05-01,NA,NA,74.8588205897051,NA
2023-06-01,NA,NA,74.8588205897051,NA
2023-07-01,NA,NA,68.9330334832584,NA
2023-08-01,NA,NA,68.9330334832584,NA
