"","site_unique","bs","pv","npv","ue","npixels"
"2","NSABBS0001-58580",13.9771986970684,42.1938110749186,42.3387622149837,14.7866449511401,121
"3","NSABBS0002-58555",4.97247706422018,51.8477064220183,41.8440366972477,16.4935779816514,121
"4","NSABBS0003-58581",6.41838134430727,45.7078189300411,46.5788751714678,20.8065843621399,121
"5","NSABBS0004-58556",5.24851367419738,51.5291319857313,41.807372175981,20.5493460166468,121
"6","NSABBS0005-58582",7.02892561983471,49.146694214876,42.4338842975207,22.1590909090909,121
"7","NSABBS0006-58557",6.86026200873362,50.6972343522562,41.0494905385735,21.174672489083,121
"8","NSABHC0001-53596",31.6363636363636,17.4727272727273,49.7818181818182,10.2363636363636,55
"9","NSABHC0002-53597",37.396694214876,14.1942148760331,47.0619834710744,10.3223140495868,121
"10","NSABHC0003-53598",48.5950413223141,14.3471074380165,35.6694214876033,8.1900826446281,121
"11","NSABHC0004-53599",23.6601941747573,26.5275080906149,48.5533980582524,10.9870550161812,121
"12","NSABHC0005-53600",21.7779237844941,7.54533508541393,69.4822601839685,11.6149802890933,121
"13","NSABHC0006-53601",25.9068493150685,14.172602739726,58.5945205479452,10.7369863013699,121
"14","NSABHC0007-53602",32.2699724517906,15.2699724517906,51.1184573002755,10.4738292011019,121
"15","NSABHC0008-53603",44.028328611898,12.5325779036827,42.0651558073654,9.88668555240793,121
"16","NSABHC0009-53604",38.7122969837587,11.2320185614849,48.7494199535963,9.09744779582367,121
"17","NSABHC0009-58026",34.1206611570248,21.198347107438,43.2661157024793,10.6165289256198,121
"18","NSABHC0010-53605",66.7066115702479,3.18388429752066,28.75,5.54752066115702,121
"19","NSABHC0011-53606",35.8184438040346,16.7521613832853,46.1066282420749,10.2939481268012,121
"20","NSABHC0012-53607",32.4793388429752,15.6804407713499,50.5509641873278,9.17906336088154,121
"21","NSABHC0012-58022",37.3960546282246,27.2518968133536,33.711684370258,8.85280728376328,121
"22","NSABHC0013-53608",49.5362776025237,13.4321766561514,35.5331230283912,7.2397476340694,121
"23","NSABHC0014-53609",52.6619318181818,8.15909090909091,37.7727272727273,7.23579545454545,121
"24","NSABHC0016-57105",55.1663244353183,4.58110882956879,38.700205338809,6.98562628336756,121
"25","NSABHC0018-57077",40.5147579693034,2.22195985832349,55.9244391971665,7.89846517119244,121
"26","NSABHC0019-57078",34.0776859504132,1.61652892561983,63.0462809917355,10.3223140495868,121
"27","NSABHC0020-57599",32.9578313253012,3.03212851405622,62.6024096385542,9.69678714859438,121
"28","NSABHC0021-57098",37.5381578947368,12.6236842105263,48.3868421052632,9.68421052631579,121
"29","NSABHC0022-57086",60.8781549173194,2.33768494342907,35.2245430809399,5.33594429939077,121
"30","NSABHC0023-57099",33.0345945945946,26.2097297297297,39.3632432432432,9.22918918918919,121
"31","NSABHC0024-57100",32.7919463087248,25.4170661553212,40.3835091083413,9.14477468839885,121
"32","NSABHC0026-57102",21.3537061118335,44.6801040312094,32.5656697009103,12.3810143042913,121
"33","NSABHC0028-58027",45.6235795454545,14.8366477272727,38.0326704545455,10.1392045454545,121
"34","NSABHC0029-58028",8.02754820936639,57.1900826446281,32.9931129476584,18.0110192837466,121
"35","NSACHC0001-58574",63.5361570247934,2.77066115702479,32.0940082644628,5.64566115702479,121
"36","NSACHC0002-58558",40.3888280394305,15.604600219058,42.4665936473165,7.64184008762322,121
"37","NSACHC0003-58575",31.0495867768595,17.9704840613932,49.482880755608,9.08264462809917,121
"38","NSACHC0004-58576",54.9126328217237,5.48524203069658,38.0094451003542,6.76741440377804,121
"39","NSACOP0001-58551",19.0852417302799,25.2862595419847,54.5203562340967,11.2697201017812,121
"40","NSACOP0002-58552",13.9433293978749,32.4356552538371,52.5289256198347,13.7072018890201,121
"41","NSAMDD0001-56965",9.42448979591837,60.5142857142857,28.665306122449,13.7142857142857,121
"42","NSAMDD0002-56952",6.93388429752066,39.7851239669422,52.0743801652893,18.1652892561983,121
"43","NSAMDD0003-56968",10.4840294840295,36.1842751842752,52.4029484029484,15.8402948402948,121
"44","NSAMDD0004-56953",7.22649572649573,37.0769230769231,54.7735042735043,17.9871794871795,121
"45","NSAMDD0005-56969",23.6717663421419,25.7552155771905,49.3059805285118,13.0139082058414,121
"46","NSAMDD0006-56954",16.9327296248383,30.143596377749,51.7412677878396,15.1707632600259,121
"47","NSAMDD0007-56970",27.0495867768595,24.8595041322314,46.6859504132231,13.2148760330579,121
"48","NSAMDD0008-56955",12.3223140495868,33.2396694214876,53.2396694214876,14.8264462809917,121
"49","NSAMDD0009-56971",52.0661157024793,20.0082644628099,26.8595041322314,8.46280991735537,121
"50","NSAMDD0010-56956",10.2809917355372,54.7892561983471,33.5413223140496,18.8264462809917,121
"51","NSAMDD0011-56981",35.099173553719,20.6446280991736,42.603305785124,12,121
"52","NSAMDD0012-56957",13.7134986225895,4.05509641873278,81.4187327823691,9.45730027548209,121
"53","NSAMDD0013-56982",40.54296875,21.20703125,36.828125,11.7890625,121
"54","NSAMDD0014-56963",41.3172413793103,16.3172413793103,40.5655172413793,15.9724137931034,121
"55","NSAMDD0015-57636",11.0330578512397,34.9504132231405,52.9173553719008,18.0661157024793,121
"56","NSAMDD0016-56973",13.0751879699248,41.2406015037594,44.4360902255639,13.7293233082707,121
"57","NSAMDD0017-57080",10.2814371257485,42.5904191616766,45.859880239521,15.0850299401198,121
"58","NSAMDD0018-56976",7.92599620493359,40.1005692599621,51.034155597723,18.9013282732448,121
"59","NSAMDD0019-57081",15.4543269230769,29.8677884615385,53.6850961538462,12.1730769230769,121
"60","NSAMDD0020-56984",14.3090909090909,31.9836363636364,52.66,13.5963636363636,121
"61","NSAMDD0021-57082",14.7878787878788,29.8429752066116,54.3691460055096,14.366391184573,121
"62","NSAMDD0022-56985",9.45454545454546,39.4049586776859,49.9972451790634,18.9283746556474,121
"63","NSAMDD0023-57083",19.4159779614325,30.3223140495868,49.1212121212121,14.2727272727273,121
"64","NSAMDD0024-56986",16.1101928374656,22.5509641873278,60.4159779614325,14.5895316804408,121
"65","NSAMDD0025-57084",20.1942148760331,27.797520661157,50.8243801652893,11.8863636363636,121
"66","NSAMDD0026-56987",27.9793388429752,20.1776859504132,50.495867768595,9.65909090909091,121
"67","NSAMDD0027-57087",25.5599173553719,19.3595041322314,53.8863636363636,14.4194214876033,121
"68","NSAMDD0028-56988",34.1129807692308,13.0769230769231,51.4903846153846,10.3701923076923,121
"69","NSAMDD0029-57088",33.547520661157,11.5103305785124,53.5185950413223,10.0392561983471,121
"70","NSAMDD0030-56989",26.8326446280992,24.9814049586777,46.75,10.6363636363636,121
"71","NSAMDD0031-58572",24.6502590673575,25.5647668393782,48.5699481865285,10.9987046632124,121
"72","NSAMDD0032-58573",20.1523022432113,24.8170011806375,53.9421487603306,13.5324675324675,121
"73","NSAMUL0001-58549",35.3354673495519,18.4750320102433,44.9295774647887,9.00768245838668,121
"74","NSAMUL0002-58559",34.9075215782984,20.34401972873,43.4192355117139,9.09494451294698,121
"75","NSAMUL0003-58550",41.1868743047831,18.6685205784205,38.6840934371524,7.60956618464961,121
"76","NSAMUL0004-58560",34.5922551252847,10.6560364464692,53.4715261958998,10.8861047835991,121
"77","NSANAN0001-58583",8.1380042462845,60.255838641189,29.8152866242038,21.7887473460722,121
"78","NSANAN0002-58561",7.29286474973376,46.3141640042599,44.7912673056443,20.6645367412141,121
"79","NSANET0001-58584",7.63636363636364,50.4035812672176,40.7424242424242,21.2933884297521,121
"80","NSANSS0001-58579",5.25045372050817,58.8983666061706,34.1769509981851,21.7649727767695,121
"81","NSANSS0002-58562",8.23813708260105,54.0509666080844,36.1458699472759,21.3005272407733,121
"82","NSTNSS0001-57641",10.3195592286501,44.8980716253444,43.1955922865014,16.5537190082645,121
"83","NSTSYB0001-58122",4.79545454545455,64.5971074380165,28.9896694214876,21.849173553719,121
"84","NSTSYB0002-58008",3.74679487179487,70.7019230769231,23.8557692307692,23.6474358974359,116
"85","NSTSYB0003-58414",3.17226890756303,60.5126050420168,34.6764705882353,22.8403361344538,119
"86","NSTSYB0004-58493",7.35227272727273,64.9602272727273,26.0965909090909,19.9829545454545,100
"87","NSTSYB0005-58501",8.52702702702703,58.7027027027027,30.8716216216216,24.1283783783784,121
"88","NSTSYB0006-58502",5.36626506024096,58.7180722891566,34.1855421686747,21.0433734939759,121
"89","NSTSYB0007-58496",4.70523415977961,55.5426997245179,38.1019283746556,21.4380165289256,121
"90","NSTSYB0008-58503",3.68731563421829,48.0766961651917,47.0058997050147,17.283185840708,113
"91","NSTSYB0009-57649",5.42241379310345,58.301724137931,34.5086206896552,22.9655172413793,116
"92","NTAARP0001-58422",8.28537170263789,47.3165467625899,42.7745803357314,16.658273381295,121
"93","NTAARP0002-58423",8.86091954022988,40.1114942528736,49.7459770114943,13.5689655172414,121
"94","NTAARP0003-58424",19.8014101057579,33.2808460634548,45.4958871915394,12.599294947121,121
"95","NTAARP0004-58918",9.3037120359955,46.9370078740157,42.3329583802025,16.1023622047244,121
"96","NTAARP0004-58932",1.79591836734694,67.8122448979592,28.734693877551,18.2979591836735,121
"97","NTAARP0005-58919",2.05801687763713,60.5770042194093,35.7373417721519,17.3502109704641,121
"98","NTAARP0005-58933",4.62468513853904,61.5591939546599,32.2770780856423,16.2216624685139,121
"99","NTABRT0001-53616",26.4628099173554,20.2727272727273,52.2148760330578,13.3305785123967,121
"100","NTABRT0001-58861",38.4729574223245,14.6651323360184,45.5454545454545,10.7341772151899,121
"101","NTABRT0002-53617",28.4462809917355,18.1074380165289,52.297520661157,13.3636363636364,121
"102","NTABRT0002-58862",37.8858218318695,14.3889585947302,46.396486825596,11.0664993726474,121
"103","NTABRT0003-53618",27.8181818181818,16.3553719008264,54.7520661157025,14.4380165289256,121
"104","NTABRT0003-58872",36.3984547461369,13.6699779249448,48.6523178807947,11.5176600441501,121
"105","NTABRT0004-53619",28.6005509641873,17.9752066115702,52.3415977961432,14.0606060606061,121
"106","NTABRT0004-58873",33.6146971201589,15.1191658391261,49.8867924528302,11.3624627606753,121
"107","NTABRT0005-53620",37.5703883495146,17.0825242718447,43.9271844660194,10.0364077669903,121
"108","NTABRT0005-58863",56.6660181582361,17.6783398184176,23.9001297016861,7.46238651102464,121
"109","NTABRT0006-53621",31.702479338843,15.7465564738292,51.2203856749311,13.0909090909091,121
"110","NTABRT0006-58864",40.6369485294118,11.3547794117647,46.5386029411765,10.2527573529412,121
"111","NTABRT0007-58865",47.872070930969,11.4452184927169,39.1355288157061,9.40721975934136,121
"112","NTABRT0008-58866",50.6819407008086,8.18867924528302,39.4272237196765,11.2493261455526,121
"113","NTADAC0001-53518",3.46446280991736,47.0578512396694,48.3471074380165,15.7570247933884,121
"114","NTADAC0002-58039",7.07444668008048,55.79476861167,35.5492957746479,17.0523138832998,121
"115","NTADMR0001-58868",39.7520661157025,11.4839302112029,47.3746556473829,9.06060606060606,121
"116","NTADMR0002-58869",60.8976130653266,4.52261306532663,32.7556532663317,7.76821608040201,121
"117","NTAFIN0001-53519",33.0247933884297,0.867768595041322,64.8409090909091,11.3471074380165,121
"118","NTAFIN0001-58009",62.0666666666667,10.0969696969697,26.1636363636364,7.11818181818182,121
"119","NTAFIN0001-58735",74.4937343358396,7.41729323308271,16.3446115288221,5.87218045112782,121
"120","NTAFIN0002-53622",19.159169550173,12.0916955017301,67.5346020761246,11.7768166089965,121
"121","NTAFIN0002-58018",29.7456242707118,22.0373395565928,46.7467911318553,12.7467911318553,121
"122","NTAFIN0002-58787",31.4187327823691,16.8898071625344,50.3829201101928,11.4214876033058,121
"123","NTAFIN0003-53623",48.4425427872861,13.9315403422983,36.3349633251834,7.49388753056235,121
"124","NTAFIN0003-58017",46.4820936639118,13.5123966942149,38.4931129476584,7.4297520661157,121
"125","NTAFIN0003-58788",41.8711340206186,10.3930412371134,46.270618556701,8.22422680412371,121
"126","NTAFIN0004-53624",30.2644628099174,10.1053719008264,58.3161157024793,14.245867768595,121
"127","NTAFIN0004-58010",31.0893939393939,15.6030303030303,51.9742424242424,12.780303030303,121
"128","NTAFIN0004-58789",33.1203761755486,12.9943573667712,52.6200626959248,13.776802507837,121
"129","NTAFIN0005-53625",37.9441340782123,3.27188081936685,57.4096834264432,9.62383612662942,121
"130","NTAFIN0005-58011",52.9586776859504,11.4925619834711,33.899173553719,7.90909090909091,121
"131","NTAFIN0005-58736",58.3569518716578,7.90106951871658,31.9979946524064,7.66577540106952,121
"132","NTAFIN0006-53626",63.821052631579,11.3333333333333,23.2315789473684,9.42105263157895,121
"133","NTAFIN0006-58012",53.4889807162534,16.8691460055096,27.8980716253444,8,121
"134","NTAFIN0006-58737",61.0311506675143,14.389701207883,22.865861411316,7.45009535918627,121
"135","NTAFIN0007-53627",60.8062827225131,8.06675392670157,29.5078534031414,9.4044502617801,121
"136","NTAFIN0007-58013",58.777117384844,12.6835066864785,26.7236255572065,7.67459138187221,121
"137","NTAFIN0007-58715",67.9786096256685,7.50267379679144,22.7139037433155,7.54010695187166,121
"138","NTAFIN0008-53628",54.3768898488121,10.6209503239741,33.4362850971922,9.13390928725702,121
"139","NTAFIN0008-58014",47.7238421955403,14.8061749571184,35.9879931389365,8.18696397941681,121
"140","NTAFIN0008-58790",60.1272727272727,1.55324675324675,36.7376623376623,7.81298701298701,121
"141","NTAFIN0009-53629",60.8606701940035,10.4761904761905,27.0458553791887,9.5626102292769,121
"142","NTAFIN0009-58015",53.9801652892562,15.8743801652893,28.4347107438017,8.18181818181818,121
"143","NTAFIN0009-58738",55.8866396761134,13.651012145749,28.7206477732794,8.15222672064777,121
"144","NTAFIN0010-53630",69.1917355371901,12.2561983471074,16.8909090909091,8.0099173553719,121
"145","NTAFIN0010-58016",56.8776371308017,17.6019690576653,23.7454289732771,7.27988748241913,121
"146","NTAFIN0010-58786",67.6894586894587,10.9700854700855,19.5505698005698,6.32407407407407,121
"147","NTAFIN0011-53631",39.406852248394,6.67665952890792,52.5438972162741,12.4218415417559,121
"148","NTAFIN0011-58019",37.736914600551,17.9449035812672,42.8044077134986,10.3939393939394,121
"149","NTAFIN0011-58739",46.6842809364548,12.4642140468227,39.2896321070234,9.53311036789298,121
"150","NTAFIN0012-53632",45.3466666666667,3.536,49.88,10.1493333333333,121
"151","NTAFIN0013-53633",39.4731404958678,16.7727272727273,42.495867768595,9.65495867768595,121
"152","NTAFIN0014-53634",40.8080808080808,5.33535353535354,52.569696969697,10.5656565656566,121
"153","NTAFIN0015-53635",38.8529769137303,27.3657351154313,32.3511543134872,9.93074119076549,121
"154","NTAFIN0016-53636",63.7613882863341,9.09544468546638,25.6529284164859,7.87418655097614,121
"155","NTAFIN0017-53637",50.218487394958,17.2745098039216,31.2549019607843,8.84033613445378,121
"156","NTAFIN0018-53638",45.5568181818182,12.8522727272727,40.0492424242424,10.594696969697,121
"157","NTAFIN0019-53639",44.1377118644068,13.1652542372881,41.2838983050847,10.3029661016949,121
"158","NTAFIN0020-53640",36.2947658402204,8.6198347107438,53.7272727272727,10.5840220385675,121
"159","NTAFIN0021-53641",67.0696721311475,9.98360655737705,21.3934426229508,7.17213114754098,121
"160","NTAFIN0022-53642",45.4793388429752,8.34159779614325,44.7548209366391,10.404958677686,121
"161","NTAFIN0023-53643",43.366391184573,14.3168044077135,40.8374655647383,9.85674931129477,121
"162","NTAFIN0024-53644",37.8282828282828,18.7542087542088,41.973063973064,9.43434343434343,121
"163","NTAFIN0025-53645",46.021164021164,6.14021164021164,46.5396825396825,9.14285714285714,121
"164","NTAFIN0026-53646",20.5619834710744,27.702479338843,50.5702479338843,13.8264462809917,121
"165","NTAFIN0027-53647",38.7489177489177,17.2770562770563,42.6277056277056,12.017316017316,121
"166","NTAFIN0028-53746",64.4400826446281,7.42768595041322,26.5123966942149,6.90702479338843,121
"167","NTAFIN0029-53747",53.8512396694215,2.56198347107438,41.9690082644628,8.21074380165289,121
"168","NTAFIN0030-53748",37.8496732026144,5.20915032679739,55.4771241830065,12.5816993464052,121
"169","NTAFIN0031-53749",40.4794952681388,0.785488958990536,57.5552050473186,8.03154574132492,121
"170","NTAFIN0032-53750",37.7955801104972,9.146408839779,51.5,11.4088397790055,121
"171","NTAFIN0033-53751",44.2190082644628,11.1818181818182,43.2314049586777,9.46694214876033,121
"172","NTAGFU0001-53648",15.5867768595041,23.9283746556474,59.3774104683196,12.404958677686,121
"173","NTAGFU0002-53649",20.435261707989,13.5482093663912,64.771349862259,10.8209366391185,121
"174","NTAGFU0003-53650",25.2837465564738,28.4022038567493,44.931129476584,13.3829201101928,121
"175","NTAGFU0004-53651",38.2085561497326,22.8021390374332,37.5935828877005,9.36898395721925,121
"176","NTAGFU0005-53652",14.7217630853994,35.9559228650138,48.0440771349862,13.5234159779614,121
"177","NTAGFU0006-53653",8.61354581673307,43.2350597609562,46.9721115537849,12.9243027888446,121
"178","NTAGFU0007-53654",22.3909090909091,15.8121212121212,60.6030303030303,12.2848484848485,121
"179","NTAGFU0008-53655",26.129476584022,7.81267217630854,65.0716253443526,11.228650137741,121
"180","NTAGFU0009-53656",19.5206611570248,28.8780991735537,50.301652892562,10.3801652892562,121
"181","NTAGFU0010-53657",22.5989159891599,22.4417344173442,53.5718157181572,11.1869918699187,121
"182","NTAGFU0011-53658",7.43666666666667,27.7366666666667,63.81,13.18,121
"183","NTAGFU0012-53659",11.1900826446281,29.0247933884298,58.6136363636364,12.9504132231405,121
"184","NTAGFU0013-53660",7.49861495844875,30.4515235457064,60.9584487534626,13.5235457063712,121
"185","NTAGFU0014-53661",14.9174107142857,21.5424107142857,62.2946428571429,10.1160714285714,121
"186","NTAGFU0015-53662",9.59830866807611,20.6469344608879,68.6596194503171,12.8710359408034,121
"187","NTAGFU0016-53663",16.3854545454545,26.88,55.4872727272727,14.1927272727273,121
"188","NTAGFU0017-53664",2.60330578512397,42.9545454545455,53.5743801652893,15.3429752066116,121
"189","NTAGFU0018-53665",7.53869969040248,30.8328173374613,60.6346749226006,15.046439628483,121
"190","NTAGFU0019-53666",18.0411985018727,28.1498127340824,52.685393258427,13.1460674157303,121
"191","NTAGFU0020-53667",3.83806818181818,43.0340909090909,52.0880681818182,14.5795454545455,121
"192","NTAGFU0021-53668",12.1006493506494,26.5487012987013,60.1493506493507,13.1201298701299,121
"193","NTAGFU0022-53669",13.3766233766234,17.0292207792208,68.525974025974,12.6461038961039,121
"194","NTAGFU0023-53670",7.42415730337079,43.0140449438202,48.3370786516854,14.4831460674157,121
"195","NTAGFU0024-53671",14.5801749271137,24.5626822157434,59.7813411078717,12.9679300291545,121
"196","NTAGFU0025-53672",5.33724340175953,38.7302052785924,54.8181818181818,15.41642228739,121
"197","NTAGFU0026-53673",8.42657342657343,35.9370629370629,54.8601398601399,12.6223776223776,121
"198","NTAGFU0027-53674",14.0779220779221,25.6461038961039,59.1883116883117,12.224025974026,121
"199","NTAGFU0028-53675",16.6776859504132,29.6776859504132,52.3140495867769,11.1487603305785,121
"200","NTAGFU0029-53676",10.9862258953168,20.4931129476584,67.495867768595,11.2258953168044,121
"201","NTAGFU0030-53677",8.49586776859504,33.6363636363636,56.9807162534435,15.5482093663912,121
"202","NTAGFU0031-53678",7.69834710743802,29.8429752066116,61.3884297520661,14.3842975206612,121
"203","NTAGFU0032-53679",23.8512396694215,15.4628099173554,59.3801652892562,8.84297520661157,121
"204","NTAGFU0033-53680",3.83884297520661,43.4090909090909,51.4256198347107,19.6942148760331,121
"205","NTAGFU0034-53681",17.7603305785124,24.9710743801653,56.0743801652893,11.0206611570248,121
"206","NTAGFU0035-53682",14.603305785124,21.7961432506887,62.7603305785124,11.33608815427,121
"207","NTAGFU0036-53683",11.2045454545455,24.6859504132231,63.1157024793388,13.0206611570248,121
"208","NTAGFU0037-53684",10.0131964809384,25.6070381231672,63.4354838709677,12.3856304985337,121
"209","NTAGFU0038-53685",7.41947565543071,24.6292134831461,67.1048689138577,13.9812734082397,121
"210","NTAGFU0039-53686",7.32775119617225,25.1531100478469,66.6722488038278,11.8181818181818,121
"211","NTAGFU0040-53687",3.90920245398773,48.9558282208589,46.1030674846626,14.2699386503067,121
"212","NTAGFU0041-58425",7.63173652694611,47.4101796407186,43.5793413173653,14.0374251497006,121
"213","NTAMAC0001-53574",55.7179487179487,14.5263157894737,28.0782726045884,8.15924426450742,121
"214","NTAMAC0001-58791",62.2506887052342,13.0137741046832,22.8264462809917,7.28374655647383,121
"215","NTAMAC0002-53575",37.9199457259159,16.7706919945726,43.8860244233379,8.52238805970149,121
"216","NTAMAC0002-58734",32.5950413223141,13.7052341597796,52.1625344352617,8.4297520661157,121
"217","NTAMAC0003-53576",47.9034690799397,7.21719457013575,43.3348416289593,7.95927601809955,121
"218","NTAMAC0003-58740",47.7401247401247,2.26195426195426,48.5654885654886,9.12681912681913,121
"219","NTAMGD0001-53520",25.6477024070022,26.4770240700219,46.4715536105033,10.5229759299781,121
"220","NTAMGD0002-53466",29.352798053528,26.3211678832117,42.9890510948905,9.2323600973236,121
"221","NTAMGD0003-58431",18.3368283093054,36.7732634338139,43.4927916120577,11.7142857142857,121
"222","NTAMGD0004-58432",25.953488372093,27.506976744186,45.0116279069767,8.79767441860465,121
"223","NTAMGD0005-58495",18.3347107438017,39.8822314049587,40.1776859504132,12.0392561983471,121
"224","NTAPCK0001-58037",2.82599724896836,64.1960110041265,31.283356258597,16.7496561210454,121
"225","NTAPCK0002-58038",4.29471397538016,57.6698044895004,36.4207096307024,17.0782041998552,121
"226","NTAPCK0004-58920",8.78629976580796,43.9613583138173,45.8899297423888,16.0620608899297,121
"227","NTAPCK0004-58934",4.57601115760112,58.5941422594142,35.2719665271967,17.5885634588563,121
"228","NTAPCK0005-58921",14.4554234769688,33.7652303120357,50.5661218424963,13.6136701337296,121
"229","NTAPCK0006-58922",8.20132743362832,36.2308259587021,54.2175516224189,13.3392330383481,121
"230","NTAPCK0006-58935",5.74470588235294,46.0176470588235,46.7270588235294,14.4623529411765,121
"231","NTAPCK0007-58924",5.99290780141844,43.8065764023211,48.9555125725338,14.7627337201805,121
"232","NTAPCK0007-58936",4.90620490620491,58.9105339105339,34.7171717171717,16.1688311688312,121
"233","NTASSD0008-57074",78.9979338842975,16.051652892562,3.63842975206612,5.22107438016529,121
"234","NTASSD0011-53559",59.9071117561684,1.06821480406386,37.656023222061,8.71262699564586,121
"235","NTASSD0012-53560",68.3512396694215,1,29.3181818181818,5.53305785123967,121
"236","NTASSD0013-53563",60.0694214876033,0.809917355371901,37.9669421487603,7.67933884297521,121
"237","NTASSD0014-53564",75.6797385620915,1.65490196078431,20.9555555555556,4.76862745098039,121
"238","NTASSD0015-53565",60.8022284122563,10.6044568245125,27.0445682451253,6.36908077994429,121
"239","NTASSD0016-53566",61.3925619834711,1.26446280991736,36.0165289256198,8.31542699724518,121
"240","NTASSD0017-53561",57.9228650137741,1.5771349862259,39.1019283746556,7.98484848484848,121
"241","NTASSD0018-53562",61.1065340909091,1.21590909090909,36.3267045454545,8.03551136363636,121
"242","NTASSD0019-53567",74.9728453364817,9.50413223140496,13.7922077922078,5.62691853600944,121
"243","NTASTU0001-58428",14.5061983471074,37.0867768595041,47.1198347107438,10.301652892562,121
"244","NTASTU0002-58429",7.90332975295381,46.7368421052632,44.0440386680988,11.3694951664876,121
"245","NTASTU0003-58430",13.7159090909091,49.0785123966942,35.5940082644628,12.7675619834711,121
"246","NTASTU0004-58426",9.3525641025641,36.3179487179487,52.9871794871795,12.4525641025641,121
"247","NTASTU0005-58427",11.2536520584329,36.6042496679947,50.9827357237716,11.7622841965471,121
"248","NTATAN0001-58874",35.0556730091614,17.5496828752643,45.9591261451727,10.646229739253,121
"249","NTATAN0002-58870",34.6215360253365,20.4996041171813,43.3745051464766,10.4806017418844,121
"250","NTATAN0003-58871",54.684599865501,16.5077336919973,27.0591795561533,7.28581035642233,121
"251","NTATAN0004-58875",78.7221869040051,17.5454545454545,2.13350286077559,5.31977113795296,121
"252","NTTDAB0001-53580",3.66280991735537,58.3553719008264,36.4512396694215,17.102479338843,121
"253","NTTDAC0001-53755",4.52131147540984,56.1147540983607,37.816393442623,15.1475409836066,121
"254","NTTDMR0001-53582",14.5272045028143,40.108818011257,43.9549718574109,15.2645403377111,121
"255","NTTDMR0002-53581",23.8418972332016,42.2727272727273,32.4861660079051,9.91304347826087,121
"256","NTTDMR0003-53583",15.1364562118126,44.7352342158859,38.8146639511202,11.6659877800407,121
"257","NTTMGD0001-53521",12.5474452554745,44.9835766423358,41.1432481751825,11.5319343065693,121
"258","NTTPCK0001-53584",5.64464285714286,63.3392857142857,29.4428571428571,16.4633928571429,121
"259","NTTSTU0001-53585",5.79889807162534,52.4063360881543,40.2603305785124,19.8278236914601,121
"260","QDABBN0001-58730",20.3161157024793,31.1053719008264,47.1632231404959,12.6012396694215,121
"261","QDABBN0002-58741",3.5599173553719,45.1611570247934,50.047520661157,16.2376033057851,121
"262","QDABBS0001-58708",12.4,12.0732673267327,74.229702970297,14.6118811881188,121
"263","QDABBS0002-58703",32.2416851441242,9.65410199556541,56.6164079822616,13.5565410199557,121
"264","QDABBS0003-58709",5.33195592286501,38.0399449035813,55.5702479338843,14.9765840220386,121
"265","QDABBS0004-58726",8.96980461811723,27.2646536412078,62.7193605683837,14.8507992895204,121
"266","QDABBS0005-58747",5.96745562130178,32.0917159763314,60.7514792899408,14.4704142011834,121
"267","QDABBS0006-58727",15.4256026600166,38.4156275976725,44.7581047381546,15.2527015793849,121
"268","QDABBS0007-58711",18.4208633093525,35.8003597122302,44.3327338129496,13.339928057554,121
"269","QDABBS0008-58728",71.6165289256198,7.62148760330579,19.0082644628099,5.13553719008264,121
"270","QDABBS0009-58729",10.5891381345927,50.3293978748524,37.582054309327,17.6021251475797,121
"271","QDABBS0010-58963",12.8080614203455,49.4510556621881,36.3301343570058,22.2802303262956,121
"272","QDACHC0001-53592",51.3037190082645,10.9080578512397,36.1342975206612,6.66735537190083,121
"273","QDACHC0002-53593",46.6907216494845,15.9776632302405,35.6494845360825,7.63745704467354,121
"274","QDACHC0003-53467",29.3367496339678,16.2503660322108,53.0336749633968,8.46120058565154,121
"275","QDACHC0004-53468",30.2735042735043,17.8214624881292,50.5840455840456,8.96011396011396,121
"276","QDACHC0005-53522",49.4467213114754,4.90901639344262,44.3409836065574,6.43524590163934,121
"277","QDACHC0006-53469",24.4651711924439,6.30342384887839,68.0106257378985,9.65525383707202,121
"278","QDACHC0007-53517",55.2447552447552,3.35804195804196,39.9258741258741,5.51048951048951,121
"279","QDACYP0001-58585",11.4473684210526,53.125,34.1973684210526,13.3618421052632,121
"280","QDACYP0002-58586",12.0413223140496,52.5840220385675,34.1349862258953,13.7658402203857,121
"281","QDACYP0003-58587",6.82203389830508,64.9604519774011,26.7514124293785,17.9689265536723,121
"282","QDACYP0004-58588",10.6785714285714,43.0064935064935,44.8766233766234,11.2922077922078,121
"283","QDACYP0005-58589",8.74188311688312,49.125,40.724025974026,13.163961038961,121
"284","QDACYP0006-58591",5.82165605095541,50.9585987261147,41.7929936305732,14.5222929936306,121
"285","QDACYP0007-58592",11.8671679197995,45.0451127819549,41.4786967418546,12.7719298245614,121
"286","QDACYP0008-58593",4.60330578512397,55.7107438016529,38.3652892561983,15.7520661157025,121
"287","QDACYP0009-58594",4.34,51.2823529411765,43.1070588235294,15.3564705882353,121
"288","QDACYP0010-58595",13.6645833333333,51.5375,33.3,12.2375,121
"289","QDACYP0011-58596",6.90604026845638,57.006711409396,34.8758389261745,12.8355704697987,121
"290","QDACYP0012-58597",1.32404692082111,85.5850439882698,11.0806451612903,19.2991202346041,121
"291","QDACYP0013-58598",11.6761565836299,51.6370106761566,34.914590747331,15.3309608540925,121
"292","QDACYP0014-58599",8.13526570048309,42.4202898550725,48.0724637681159,18.7342995169082,121
"293","QDACYP0015-58600",19.5657894736842,30.2697368421053,49.0592105263158,10.2236842105263,121
"294","QDACYP0016-58601",14.8059701492537,38.2686567164179,45.5373134328358,14.1492537313433,121
"295","QDACYP0017-58602",11.0454545454545,53.1322314049587,34.0619834710744,14.6322314049587,121
"296","QDACYP0018-58603",35.396875,30.778125,32.603125,14.284375,121
"297","QDACYP0019-58604",4.97142857142857,52.1936507936508,41.4888888888889,14.6095238095238,121
"298","QDACYP0020-58615",3.80337078651685,55.7696629213483,38.8820224719101,16.0524344569288,121
"299","QDACYP0021-58606",2.37209302325581,66.3687707641196,29.468438538206,18.6777408637874,121
"300","QDACYP0022-58607",14.1115702479339,49.7396694214876,34.3842975206612,14.0909090909091,121
"301","QDACYP0023-58608",8.84341252699784,57.5550755939525,32.0377969762419,18.1360691144708,121
"302","QDACYP0024-58609",5.11234567901235,59.5135802469136,33.8098765432099,18.7382716049383,121
"303","QDADEU0001-58888",13.595041322314,40.1611570247934,44.8057851239669,11.3863636363636,121
"304","QDADEU0002-58962",17.9380165289256,36.2933884297521,44.353305785124,10.3904958677686,121
"305","QDADEU0003-58898",11.0148760330579,49.4148760330579,38.1884297520661,14.0165289256198,121
"306","QDAEIU0001-53470",13.6990131578947,18.5888157894737,66.8059210526316,16.1019736842105,121
"307","QDAEIU0002-53523",23.9710743801653,20.7747933884298,54.0185950413223,17.5743801652893,121
"308","QDAEIU0003-53471",7.40497335701599,32.461811722913,59.2166962699822,14.4671403197158,121
"309","QDAEIU0004-53524",9.322265625,34.34765625,55.318359375,15.841796875,121
"310","QDAEIU0005-53472",20.263370332997,22.2855701311806,56.0696266397578,8.57618567103935,121
"311","QDAEIU0006-53473",6.78614457831325,42.3253012048193,49.5609939759036,15.7906626506024,121
"312","QDAEIU0007-53474",7.89352196574832,41.005956813105,49.7982129560685,15.7043931496649,121
"313","QDAEIU0008-58882",17.3002392344498,42.1854066985646,39.1698564593301,12.9162679425837,121
"314","QDAEIU0009-58881",13.0436835891381,46.8736717827627,38.702479338843,12.8335301062574,121
"315","QDAEIU0010-58883",12.4467120181406,40.4308390022676,45.7324263038549,14.015873015873,121
"316","QDAGUP0001-53526",11.0200708382527,21.952774498229,65.8181818181818,12.8595041322314,121
"317","QDAGUP0002-53475",9.30819672131148,39.5803278688525,49.8311475409836,12.9737704918033,121
"318","QDAGUP0003-53527",39.1688524590164,16.4409836065574,42.8524590163934,8.86229508196721,121
"319","QDAGUP0004-53476",34.0049586776859,19.9454545454545,44.5669421487603,8.44628099173554,121
"320","QDAGUP0005-53528",16.5410798122066,29.0035211267606,53.1713615023474,10.9366197183099,121
"321","QDAGUP0006-53477",21.754427390791,30.9976387249115,45.8890200708382,9.89492325855962,121
"322","QDAGUP0007-53478",28.8212962962963,1.76111111111111,68.0787037037037,9.04351851851852,121
"323","QDAGUP0008-53529",15.5750688705234,26.3340220385675,56.8181818181818,11.6060606060606,121
"324","QDAGUP0009-53530",34.5570380253502,5.97598398932622,58.1721147431621,9.49699799866578,121
"325","QDAGUP0010-53479",31.4497126436782,20.5474137931034,46.5237068965517,9.76795977011494,121
"326","QDAGUP0011-53531",27.0728571428571,23.8028571428571,47.695,9.52,121
"327","QDAGUP0012-53525",38.3943661971831,4.55313700384123,55.6389244558259,8.34699103713188,121
"328","QDAGUP0013-53532",23.9787485242031,1.9185360094451,72.8736717827627,10.6717827626919,121
"329","QDAGUP0014-53480",14.9364801864802,10.8024475524476,73.1083916083916,10.1311188811189,121
"330","QDAGUP0015-53533",10.2278787878788,15.7963636363636,72.7866666666667,9.76666666666667,121
"331","QDAGUP0016-53481",14.6473829201102,19.5626721763085,64.4779614325069,10.3477961432507,121
"332","QDAGUP0017-53568",36.5929941618015,15.9683069224354,46.0683903252711,6.05838198498749,121
"333","QDAGUP0018-53482",5.76200640341516,35.8441835645678,57.1408751334045,11.4823906083244,121
"334","QDAGUP0019-53534",39.210961737332,44.3133402275078,15.1633919338159,10.9669079627715,119
"335","QDAGUP0020-53483",12.8280358598207,21.881825590872,64.0138549307253,10.5949470252649,121
"336","QDAGUP0021-53535",13.3180515759312,40.018147086915,45.3285577841452,10.785100286533,121
"337","QDAGUP0022-53484",37.3431208053691,9.33976510067114,51.9362416107383,5.94295302013423,121
"338","QDAGUP0023-53536",15.6818181818182,20.3997113997114,62.7929292929293,8.6976911976912,121
"339","QDAGUP0024-53485",38.4263473053892,3.63592814371258,56.8694610778443,4.98083832335329,121
"340","QDAGUP0025-53537",12.899173553719,25.7652892561983,60.099173553719,9.39173553719008,121
"341","QDAGUP0026-53486",15.2475027746948,21.4861265260821,61.9933407325194,9.11764705882353,121
"342","QDAGUP0027-53538",19.1639344262295,22.4002732240437,57.1885245901639,9.80464480874317,121
"343","QDAGUP0028-53487",15.5907692307692,25.3866666666667,57.7446153846154,11.7887179487179,121
"344","QDAGUP0029-53488",24.0354191263282,16.0306965761511,58.590318772137,8.0495867768595,121
"345","QDAGUP0030-53489",15.0413223140496,21.0413223140496,62.5796930342385,8.60802833530106,121
"346","QDAGUP0031-53490",23.5005903187721,19.0047225501771,56.1345926800472,8.55253837072019,121
"347","QDAMGD0001-53586",23.7760652765186,12.2556663644606,62.6527651858568,7.73980054397099,121
"348","QDAMGD0002-53587",40.0011641443539,19.477299185099,39.1490104772992,8.0570430733411,121
"349","QDAMGD0003-53491",16.3636363636364,19.279958677686,62.9638429752066,8.21280991735537,121
"350","QDAMGD0004-53588",41.1236180904523,15.5065326633166,41.948743718593,7.41809045226131,121
"351","QDAMGD0005-53589",36.937037037037,18.8092592592593,42.8277777777778,8.76574074074074,121
"352","QDAMGD0006-53492",28.9733700642792,10.4214876033058,59.2681359044995,8.20018365472911,121
"353","QDAMGD0007-53590",32.7236994219653,16.042774566474,49.757225433526,8.64161849710983,121
"354","QDAMGD0008-53493",33.0577427821522,9.11417322834646,56.5892388451444,8.24015748031496,121
"355","QDAMGD0009-53494",17.2861570247934,30.9318181818182,50.4442148760331,11.6146694214876,121
"356","QDAMGD0010-53591",22.4011428571429,34.4217142857143,41.8217142857143,13.2171428571429,121
"357","QDAMGD0011-53495",28.8159831756046,1.99789695057834,67.8454258675079,8.51524710830705,121
"358","QDAMGD0012-53496",30.3333333333333,26.1225895316804,42.0771349862259,10.9876033057851,121
"359","QDAMGD0013-53539",50.295871559633,1.5802752293578,46.6892201834862,6.99311926605505,121
"360","QDAMGD0014-53497",42.9448559670782,2.79341563786008,52.8312757201646,6.2320987654321,121
"361","QDAMGD0015-53540",34.1617819460727,8.97420867526377,55.3669402110199,5.46658851113716,121
"362","QDAMGD0016-53498",27.0938775510204,8.70612244897959,62.891156462585,7.13877551020408,121
"363","QDAMGD0017-53499",34.1010101010101,3.62020202020202,60.9676767676768,8.45454545454546,121
"364","QDAMGD0018-53541",28.8870523415978,4.43112947658402,65.5179063360882,8.81404958677686,121
"365","QDAMGD0019-53542",43.8668280871671,0.944309927360775,54.0375302663438,9.58837772397094,121
"366","QDAMGD0020-53500",38.8624078624079,12.2395577395577,47.4250614250614,8.12407862407862,121
"367","QDAMGD0021-53543",43.7046004842615,2.36077481840194,52.409200968523,5.39467312348668,121
"368","QDAMGD0022-53501",43.9433797909408,4.88501742160279,49.756968641115,6.47648083623693,121
"369","QDAMGD0023-53544",16.2776859504132,31.7388429752066,50.5206611570248,12.0181818181818,121
"370","QDAMGD0024-53502",54.4824165915239,1.68530207394049,42.4923354373309,5.96302975653742,121
"371","QDAMGD0025-53545",23.0058708414873,27.5851272015656,47.9823874755382,11.6536203522505,121
"372","QDAMGD0026-53503",29.2148760330579,22.3175914994097,47.0838252656434,11.5395513577332,121
"373","QDAMGD0027-56936",32.5762081784387,27.6226765799256,38.368029739777,9.21561338289963,121
"374","QDAMGD0028-56937",20.8388429752066,30.9380165289256,46.83608815427,8.89669421487603,121
"375","QDAMII0001-53504",48.0165289256198,10.1711924439197,40.2136953955136,8.89374262101535,121
"376","QDAMII0002-53546",31.0327868852459,21.5774134790528,46.1493624772313,9.39344262295082,121
"377","QDAMUL0001-53594",11.4990403071017,35.6679462571977,51.5854126679463,18.5508637236084,121
"378","QDAMUL0002-53505",11.809880239521,40.8008982035928,45.9431137724551,21.4131736526946,121
"379","QDAMUL0003-53595",16.2363636363636,31.3537190082645,51.0595041322314,17.1504132231405,121
"380","QDASEQ0001-58960",1.03526970954357,80.9066390041494,16.5352697095436,25.00622406639,121
"381","QDASEQ0002-58745",20.5147058823529,55.9705882352941,22.4117647058824,18.2352941176471,78
"382","QDASEQ0003-58961",1.67875647668394,73.3782383419689,23.3212435233161,24.4870466321244,109
"383","QDASEQ0004-58885",1.06666666666667,74.2523809523809,23.1904761904762,25.1428571428571,112
"384","QDASSD0001-53756",56.613810741688,4.17902813299233,37.5575447570332,7.45652173913043,121
"385","QDASSD0001-57621",61.2965722801788,3.49329359165425,33.6602086438152,7.21609538002981,121
"386","QDASSD0001-58680",57.4619970193741,4.21907600596125,36.6691505216095,6.99701937406855,121
"387","QDASSD0002-53757",69.5406360424028,8.6831566548881,19.9929328621908,6.41813898704358,121
"388","QDASSD0002-57622",71.1443167305236,9.45849297573436,17.6756066411239,5.86462324393359,121
"389","QDASSD0002-58681",70.0615942028985,12.8502415458937,15.3756038647343,5.81280193236715,121
"390","QDASSD0003-56912",61.9830508474576,6.17627118644068,30.135593220339,7.13898305084746,121
"391","QDASSD0003-57623",66.1808510638298,8.51595744680851,23.4804964539007,6.35106382978723,121
"392","QDASSD0003-58682",67.6852861035422,12.2506811989101,18.2792915531335,5.89237057220708,121
"393","QDASSD0004-56913",56.1695594125501,3.26568758344459,38.9506008010681,7.79305740987984,121
"394","QDASSD0004-57624",61.26955602537,1.94291754756871,35.161733615222,7.27167019027484,121
"395","QDASSD0004-58683",51.8863636363636,2.8853305785124,43.6859504132231,7.41115702479339,121
"396","QDASSD0005-56914",58.2077922077922,4.46517119244392,35.6410861865407,7.59149940968123,121
"397","QDASSD0005-57625",58.7567567567568,3.50640113798009,36.149359886202,8.9402560455192,121
"398","QDASSD0005-58684",55.137741046832,4.67079889807163,38.5096418732782,7.23415977961433,121
"399","QDASSD0006-56915",54.2297209604153,9.00129785853342,35.2848799480857,7.58533419857236,121
"400","QDASSD0006-57626",57.9235727440147,9.17863720073665,31.390423572744,6.82136279926335,121
"401","QDASSD0006-58685",68.3974615898464,18.2625250501002,11.7434869739479,6.06613226452906,121
"402","QDASSD0007-56916",53.1771907216495,9.81636597938144,35.5264175257732,7.77126288659794,121
"403","QDASSD0007-57627",55.761601455869,9.27752502274795,33.4513193812557,7.21292083712466,121
"404","QDASSD0007-58686",59.3177257525084,16.5839464882943,22.5478260869565,6.67759197324415,121
"405","QDASSD0008-56917",39.7065217391304,15.6763285024155,43.292270531401,9.35265700483092,121
"406","QDASSD0008-57628",45.4435736677116,11.5015673981191,41.5219435736677,8.16771159874608,121
"407","QDASSD0008-58687",58.4980582524272,11.5961165048544,28.3058252427184,6.8126213592233,121
"408","QDASSD0009-56918",30.150826446281,16.9607438016529,51.6580578512397,10.1539256198347,121
"409","QDASSD0009-57629",23.3159463487332,32.8852459016393,42.4157973174367,11.2891207153502,121
"410","QDASSD0009-58688",18.1753902662994,35.0146923783287,45.3847566574839,12.0385674931129,121
"411","QDASSD0010-56919",57.8053491827637,5.39598811292719,35.0661218424963,8.37295690936107,121
"412","QDASSD0010-58689",22.3909090909091,33.7149350649351,42.3818181818182,11.4064935064935,121
"413","QDASSD0011-56920",60.995867768595,12.1842975206612,25.0925619834711,6.5595041322314,121
"414","QDASSD0011-57631",63.8813186813187,13.0534798534799,21.3516483516484,6.2029304029304,121
"415","QDASSD0011-58690",60.4509925558313,13.6519851116625,24.2828784119107,6.56885856079404,121
"416","QDASSD0012-56921",60.277318640955,3.42791551882461,34.7456382001837,5.12855831037649,121
"417","QDASSD0012-57632",46.771001150748,7.18757192174914,44.4798619102417,6.18987341772152,121
"418","QDASSD0012-58691",47.3555355535554,9.25292529252925,41.7641764176418,6.02070207020702,121
"419","QDASSD0013-56922",54.7662936142199,7.53917050691244,36.117840684661,7.70770243581303,121
"420","QDASSD0013-57633",57.378221113882,9.4713216957606,31.6475477971737,6.59019118869493,121
"421","QDASSD0013-58692",50.7832914572864,16.0835427135678,31.6928391959799,7.4177135678392,121
"422","QDASSD0014-56923",67.8930885529158,8.30129589632829,22.0637149028078,6.23434125269978,121
"423","QDASSD0014-57634",71.1375886524823,7.33333333333333,19.8836879432624,5.97021276595745,121
"424","QDASSD0014-58693",64.0609318996416,8.40023894862605,25.9151732377539,6.32198327359618,121
"425","QDASSD0015-56924",60.4642857142857,9.83516483516484,28.0137362637363,6.66483516483517,121
"426","QDASSD0015-57635",58.4161220043573,9.72476397966594,30.1459694989107,6.50762527233115,121
"427","QDASSD0015-58694",54.6302881667689,10.9239730226855,32.8767627222563,7.41876149601471,121
"428","SAABHC0001-58578",50.9434092477571,10.168391994479,37.263630089717,8.11732229123533,121
"429","SAABHC0001-58793",58.155285313377,6.70252572497661,33.4724041159963,7.36950420954163,121
"430","SAABHC0002-58563",63.1329827197596,8.91735537190083,26.3057851239669,6.36589030803907,121
"431","SAABHC0002-58794",69.6398071625344,5.92837465564738,22.7252066115702,5.91804407713499,121
"432","SAABHC0003-58577",54.2345169281585,3.66886870355078,40.4822460776218,7.84393063583815,121
"433","SAABHC0003-58795",63.7846580406654,1.84750462107209,32.7051756007394,6.93807763401109,121
"434","SAABHC0004-58564",24.5151209677419,33.7358870967742,40.1693548387097,10.9576612903226,121
"435","SAABHC0004-58796",37.3036072144289,21.3917835671343,39.7194388777555,9.26452905811623,121
"436","SAABHC0005-58797",75.3663826491092,1.73586367157242,21.1099922540666,4.98760650658404,121
"437","SAABHC0006-58798",72.1064129668781,1.53136011275546,24.5976039464412,4.92811839323467,121
"438","SAAEYB0001-57637",15.0826446280992,42.6942148760331,40.7809917355372,14.9173553719008,121
"439","SAAEYB0002-58852",12.8067729083665,41.0059760956175,44.8545816733068,18.9043824701195,121
"440","SAAEYB0003-58853",14.8435754189944,47.2122905027933,36.5027932960894,21.4189944134078,121
"441","SAAEYB0004-58846",19.6855895196507,42.8340611353712,36.0393013100437,18.7991266375546,119
"442","SAAEYB0005-58851",20.0441176470588,38.2205882352941,40.2941176470588,17.3382352941176,68
"443","SAAEYB0006-58850",9.93562231759657,47.6437768240343,40.8326180257511,21.725321888412,121
"444","SAAEYB0007-58848",15.7777777777778,41.9519071310116,40.8009950248756,19.8905472636816,121
"445","SAAEYB0008-58849",8.77562326869806,50.7396121883656,39.0664819944598,17.2714681440443,121
"446","SAAEYB0009-58841",12.6153846153846,44.7237762237762,40.9265734265734,19.3146853146853,121
"447","SAAEYB0010-58842",12.1633466135458,44.8844621513944,41.6414342629482,21.191235059761,121
"448","SAAEYB0011-58847",51.3636363636364,31.3636363636364,16.2727272727273,17.3636363636364,33
"449","SAAEYB0012-58840",16.4751773049645,47.9148936170213,33.9290780141844,17.1560283687943,121
"450","SAAEYB0013-58845",42.8571428571429,34.2857142857143,21.2448979591837,15.8571428571429,49
"451","SAAEYB0021-58834",18.4607438016529,27.7438016528926,52.2830578512397,14.4814049586777,121
"452","SAAEYB0022-58839",11.7038567493113,31.0881542699725,55.8030303030303,14.7878787878788,121
"453","SAAEYB0023-58835",39.9785458879619,29.5017878426698,29.0607866507747,9.40286054827175,121
"454","SAAEYB0024-58836",27.7453531598513,37.0055762081784,34.1245353159851,11.3736059479554,121
"455","SAAEYB0025-58844",13.2632743362832,43.0995575221239,42.1714601769912,18.5719026548673,121
"456","SAAEYB0026-58843",11.024975024975,47.4005994005994,40.1338661338661,16.2757242757243,121
"457","SAAEYB0027-58854",16.6002386634845,47.2792362768496,34.609785202864,15.0644391408115,121
"458","SAAEYB0028-58829",8.67491166077738,3.4263839811543,86.0294464075383,3.31919905771496,121
"459","SAAEYB0029-58855",54.3809954751131,13.0597285067873,30.910407239819,8.35656108597285,121
"460","SAAEYB0030-58856",23.2647702407002,26.7986870897155,48.6564551422319,14.800875273523,121
"461","SAAEYB0031-58884",20.5513577331759,30.7095631641086,47.3624557260921,12.2561983471074,121
"462","SAAEYB0032-58899",37.9868735083532,17.5787589498807,42.9904534606205,11.7064439140811,121
"463","SAAEYB0033-58859",15.4562584118439,34.0794078061911,49.2261103633917,13.0632570659489,121
"464","SAAFLB0003-58033",7.86666666666667,59.7666666666667,30.75,18.4,72
"465","SAAFLB0003-58704",6.1875,51.9166666666667,40.2916666666667,17.2916666666667,72
"466","SAAFLB0004-58526",0.421487603305785,57.3801652892562,41.4462809917355,22.0909090909091,121
"467","SAAFLB0005-58618",13.3970588235294,45.7573529411765,39.2794117647059,16.1911764705882,68
"468","SAAFLB0007-58620",57.1816479400749,6.06179775280899,35.0955056179775,9.52996254681648,121
"469","SAAFLB0008-58621",41.4173553719008,12.2603305785124,44.7954545454545,9.41322314049587,121
"470","SAAFLB0030-53506",68.0485695276114,2.23685961410512,28.0505655355955,6.89753825681969,121
"471","SAAFLB0030-58617",65.7446619217082,1.65124555160142,30.9074733096085,6.41370106761566,121
"472","SAAFLB0031-53507",64.7550177095632,2.74557260920897,30.8831168831169,7.7987012987013,121
"473","SAAFLB0031-58616",60.72,1.42981818181818,36.2458181818182,7.65018181818182,121
"474","SAAGAW0001-56992",34.5413595413595,16.0581490581491,47.9295659295659,10.953316953317,121
"475","SAAGAW0002-56993",39.0022140221402,10.0693726937269,49.509963099631,9.39483394833948,121
"476","SAAGAW0003-56994",27.9077464788732,20.7014084507042,50.0366197183099,12.006338028169,121
"477","SAAGAW0005-58748",49.4657980456026,1.28175895765472,47.8583061889251,7.04071661237785,121
"478","SAAGAW0006-58717",58.8560975609756,9.08536585365854,30.4621951219512,9.75853658536585,121
"479","SAAGAW0007-58749",58.1849568434032,8.04932182490752,32.075215782984,8.22441430332922,121
"480","SAAGAW0008-58750",41.7636363636364,2.32892561983471,54.8347107438017,4.84628099173554,121
"481","SAAGVD0001-56925",34.123322147651,13.9781879194631,50.5461409395973,9.73489932885906,121
"482","SAAGVD0002-56926",39.2575366063738,12.0447889750215,47.2489233419466,9.02497846683893,121
"483","SAAGVD0003-56927",41.3099173553719,14.8161157024793,42.4132231404959,9.23071625344353,121
"484","SAAGVD0004-56947",38.6810035842294,13.8655913978495,46.0215053763441,9.06093189964158,121
"485","SAAKAN0001-58610",20.5267558528428,47.7090301003344,30.2892976588629,13.5602006688963,121
"486","SAAKAN0001-58893",11.8677685950413,58.198347107438,28.702479338843,15.6363636363636,121
"487","SAAKAN0002-58630",8.37864077669903,55.2427184466019,34.7750809061489,22.3495145631068,121
"488","SAAKAN0002-58876",6,48,45,23,2
"489","SAAKAN0003-58622",8.88983050847458,49.9724576271186,39.7161016949153,19.4809322033898,121
"490","SAAKAN0003-58892",NA,NA,NA,NA,0
"491","SAAKAN0004-58623",10.2666666666667,50.4595744680851,37.6510638297872,19.2198581560284,121
"492","SAAKAN0004-58877",NA,NA,NA,NA,0
"493","SAAKAN0005-58624",4.99487179487179,58.0358974358974,35.3,23.8205128205128,121
"494","SAAKAN0005-58891",34.25,17,47.75,20.5,8
"495","SAAKAN0006-58625",8.41414141414141,41.8989898989899,48.3878787878788,16.8686868686869,121
"496","SAAKAN0007-58632",14.8180272108844,48.4506802721088,35.0085034013605,20.0731292517007,121
"497","SAAKAN0007-58878",32.1682242990654,25.8130841121495,40.6448598130841,14.8317757009346,113
"498","SAAKAN0008-58626",4.15918367346939,49.7877551020408,44.7183673469388,19.4163265306122,121
"499","SAAKAN0008-58894",NA,NA,NA,NA,0
"500","SAAKAN0009-58634",11.02,46.25,41.38,20.8466666666667,121
"501","SAAKAN0009-58901",59.75,34.75,4.92857142857143,18.1607142857143,56
"502","SAAKAN0010-58627",8.63594470046083,47.7327188940092,42.221198156682,20.2119815668203,121
"503","SAAKAN0010-58895",8.5495867768595,51.5,38.4338842975207,20.103305785124,121
"504","SAAKAN0011-58628",NA,NA,NA,NA,0
"505","SAAKAN0011-58879",NA,NA,NA,NA,0
"506","SAAKAN0012-58629",19.5540540540541,42.6351351351351,36.4864864864865,17.1891891891892,121
"507","SAAKAN0012-58896",17.9173553719008,49.7685950413223,30.7851239669421,16.2479338842975,121
"508","SAAMDD0007-53742",11.595041322314,39.2561983471074,47.7685950413223,12.6859504132231,121
"509","SAAMDD0007-58833",40.8801652892562,18.702479338843,38.866391184573,9.28925619834711,121
"510","SAAMDD0008-53743",0.148760330578512,51.5371900826446,47.3305785123967,19.8677685950413,121
"511","SAAMDD0008-58832",11.0672268907563,37.7599039615846,50.0024009603842,18.5438175270108,121
"512","SAAMDD0009-53744",8.45454545454546,41.2727272727273,49.1818181818182,13.7272727272727,33
"513","SAAMDD0009-58830",33.1666666666667,23.1363636363636,42.3015151515152,10.5106060606061,121
"514","SAAMDD0010-53700",12.8057851239669,40.1487603305785,45.599173553719,17.7561983471074,121
"515","SAAMDD0010-58831",21.7860962566845,25.6791443850267,51.3141711229947,15.2299465240642,121
"516","SAAMDD0011-53745",NA,NA,NA,NA,0
"517","SAAMDD0011-58828",20.0303468208092,29.0881502890173,49.5708092485549,13.3063583815029,121
"518","SAANUL0001-56948",28.7351664254703,16.767004341534,53.150506512301,9.72358900144718,121
"519","SAANUL0002-56949",25.2422680412371,22.1314432989691,51.1752577319588,11.375,121
"520","SAANUL0003-56950",28.9841121495327,11.3757009345794,58.2560747663551,10.8009345794393,121
"521","SAANUL0004-56951",34.0158013544018,12.4164785553047,52.265237020316,7.51128668171558,121
"522","SAASTP0001-53719",33.0931263858093,8.30376940133038,57.0509977827051,6.83592017738359,121
"523","SAASTP0002-53720",31.3586956521739,4.17826086956522,63.1521739130435,6.78913043478261,121
"524","SAASTP0003-53721",39.51,1.0875,58.3475,6.78,121
"525","SAASTP0004-53722",40.5549295774648,12.4450704225352,45.5323943661972,7.12957746478873,121
"526","SAASTP0005-53723",27.5267379679144,24.6122994652406,46.2112299465241,7.96524064171123,121
"527","SAASTP0006-57066",10.0230061349693,48.8466257668712,39.4156441717791,11.5030674846626,121
"528","SAASTP0007-53724",20.493543758967,17.0071736011478,60.9770444763271,8.09182209469154,121
"529","SAASTP0008-53725",70.4712121212121,4.27878787878788,23.8242424242424,4.77575757575758,121
"530","SAASTP0009-53726",22.4302059496568,40.2448512585812,35.7620137299771,10.4645308924485,121
"531","SAASTP0010-53727",64.0882352941177,0.25,34.5992647058824,5.70772058823529,121
"532","SAASTP0011-53728",56.8980716253444,0.0165289256198347,41.9504132231405,4.15702479338843,121
"533","SAASTP0012-53729",50.9545454545455,0.0965909090909091,47.9346590909091,7.50284090909091,121
"534","SAASTP0013-53730",55.6308539944904,0.15702479338843,43.129476584022,7.01652892561984,121
"535","SAASTP0014-57067",61.9462025316456,1.89873417721519,35.0253164556962,5.9620253164557,121
"536","SAASTP0015-53715",61.527868852459,1.4,35.6229508196721,5.86229508196721,121
"537","SAASTP0016-53716",43.1724941724942,6.51048951048951,48.9207459207459,6.78787878787879,121
"538","SAASTP0017-53717",39.2114427860697,11.0373134328358,48.4303482587065,8.43532338308458,121
"539","SAASTP0018-53718",52.4304347826087,0.569565217391304,45.8695652173913,6.11739130434783,121
"540","SAASTP0019-53731",55.8870523415978,0.0165289256198347,43.1597796143251,5.63911845730028,121
"541","SAASTP0020-53732",66.9466666666667,0.0533333333333333,32.1822222222222,5,121
"542","SAASTP0021-53733",60.4214876033058,0.347107438016529,38.1570247933884,7.50826446280992,121
"543","SAASTP0022-53735",32.755364806867,0.296137339055794,66.0257510729614,7.64377682403433,121
"544","SAASTP0023-53736",34.0454545454545,1.14462809917355,63.6694214876033,7.66115702479339,121
"545","SAASTP0024-53737",45.8854961832061,0,53.2671755725191,8.5381679389313,121
"546","SAASTP0025-53734",47.3721590909091,0,51.8409090909091,9.71306818181818,121
"547","SAASTP0026-53738",47.6997245179063,0.0771349862258953,51.297520661157,8,121
"548","SAASTP0027-53739",46.3691460055096,0.0881542699724518,52.5757575757576,7.78236914600551,121
"549","SAASTP0028-53740",48.465564738292,0.371900826446281,50.1460055096419,8.69972451790634,121
"550","SAASTP0029-53741",57.0709677419355,0,42.0741935483871,6.35806451612903,121
"551","SAASTP0030-56935",56.3015681544029,2.33413751507841,39.7659831121834,7.34016887816647,121
"552","SAASTP0031-56938",55.5953389830508,2.54872881355932,40.2775423728814,7.39936440677966,121
"553","SAASTP0032-56939",48.553121577218,1.11829134720701,49.0799561883899,8.66374589266156,121
"554","SAASTP0033-58724",60.6991404011461,1.22063037249284,36.7220630372493,8.53438395415473,121
"555","SAASTP0034-58751",47.3990024937656,1.35037406483791,49.9139650872818,6.48753117206983,121
"556","SASMDD0001-53710",26.443231441048,25.8580786026201,46.5436681222707,13.203056768559,121
"557","SASMDD0001-58760",53.5082644628099,19.0399449035813,25.9573002754821,8.15013774104683,121
"558","SASMDD0002-53711",19.2690582959641,32.7533632286995,46.780269058296,13.6547085201794,121
"559","SASMDD0003-57009",45.1567567567568,20.6306306306306,32.7297297297297,8.28828828828829,121
"560","SASMDD0004-56997",30.3238231098431,13.490727532097,54.8616262482168,10.7146932952924,121
"561","SASMDD0004-57013",31.57805907173,6.33544303797468,60.7194092827004,8.94092827004219,121
"562","SASMDD0005-53712",20.4584980237154,19.5177865612648,58.9209486166008,13.3794466403162,121
"563","SASMDD0005-57006",33.2538330494037,13.4838160136286,51.8483816013629,9.80919931856899,121
"564","SASMDD0006-53713",30.3775216138329,23.3371757925072,44.9077809798271,11.4582132564842,121
"565","SASMDD0006-57007",32.4722891566265,21.6361445783133,44.5734939759036,11.233734939759,121
"566","SASMDD0006-58759",38.2351485148515,19.3861386138614,41.0222772277228,9.18069306930693,121
"567","SASMDD0008-57638",14.3239669421488,37.3239669421488,46.9636363636364,13.6628099173554,121
"568","SASMDD0008-58757",17.0439330543933,34.5753138075314,46.9958158995816,13.2050209205021,121
"569","SASMDD0009-57008",30.2287308228731,22.6317991631799,45.8019525801953,10.1213389121339,121
"570","SASMDD0011-56998",25.4102209944751,16.5041436464088,56.7707182320442,11.1588397790055,121
"571","SASMDD0011-57068",30.6465517241379,8.00574712643678,59.9195402298851,10.3879310344828,121
"572","SASMDD0012-56974",16.6942148760331,28.8429752066116,53.1198347107438,12.9710743801653,121
"573","SASMDD0013-56979",39.6694214876033,17.8388429752066,41.2355371900826,9.02479338842975,121
"574","SASMDD0014-56980",40.4279661016949,15.0889830508475,43.1567796610169,8.55084745762712,121
"575","SASMDD0016-57000",23.0046296296296,27.8194444444444,47.7391975308642,11.9012345679012,121
"576","SASMDD0017-56999",31.7592592592593,22.9344729344729,43.8190883190883,10.968660968661,121
"577","SASMDD0017-58021",36.3510773130545,19.5285171102662,42.6730038022814,10.5716096324461,121
"578","SASMDD0018-57010",39.5403225806452,19.2338709677419,39.6673387096774,9.95766129032258,121
"579","SASRIV0001-57603",35.6798623063683,11.8382099827883,51.0671256454389,8.22547332185886,121
"580","SASRIV0001-58758",47.0042918454936,2.72103004291845,49.1952789699571,6.19527896995708,121
"581","SASRIV0002-57604",49.3722871452421,16.3823038397329,32.8864774624374,7.36727879799666,121
"582","SATEYB0001-56940",14.4052044609665,37.3791821561338,46.7918215613383,12.2304832713755,121
"583","SATEYB0001-58665",14.297520661157,47.8694214876033,36.4280991735537,14.6644628099174,121
"584","SATEYB0002-56991",15.7188552188552,34.6043771043771,48.3316498316498,13.526936026936,121
"585","SATEYB0002-58662",16.22,35.7418181818182,46.6290909090909,15.1945454545455,121
"586","SATFLB0001-53698",NA,NA,NA,NA,0
"587","SATFLB0001-58672",10.0555555555556,38.5769230769231,50.1901709401709,17.6047008547009,121
"588","SATFLB0002-53703",5.65714285714286,55.4571428571429,37.4857142857143,22.9428571428571,105
"589","SATFLB0002-58675",6.05714285714286,54.6285714285714,37.6057142857143,21.0514285714286,105
"590","SATFLB0003-53704",23.6036036036036,50.2072072072072,24.4144144144144,22.7567567567568,111
"591","SATFLB0003-58674",5.77272727272727,55.495867768595,37.1859504132231,20.0144628099174,121
"592","SATFLB0004-53705",35.7954545454545,25.4090909090909,37.2954545454545,14.0681818181818,22
"593","SATFLB0004-58658",32.1022727272727,29.7613636363636,36.5340909090909,15.0909090909091,22
"594","SATFLB0005-53706",8,42.6666666666667,48.3333333333333,21.3333333333333,27
"595","SATFLB0005-58656",15.75,30.75,52.375,15.9375,18
"596","SATFLB0006-53708",3.95454545454545,40.7181818181818,54.0545454545455,19.6090909090909,110
"597","SATFLB0006-58655",18.9007782101167,33.9416342412451,45.6206225680934,17.1575875486381,110
"598","SATFLB0007-53709",NA,NA,NA,NA,0
"599","SATFLB0007-58657",NA,NA,NA,NA,0
"600","SATFLB0008-53752",NA,NA,NA,NA,0
"601","SATFLB0008-58670",17.2,24,57.2,13.2,15
"602","SATFLB0009-53753",26.8,26.2,45.9,12.3,24
"603","SATFLB0009-58659",27.3333333333333,22.3888888888889,48.7777777777778,14.1666666666667,27
"604","SATFLB0010-53714",11.7989690721649,45.4329896907216,41.4329896907216,18.2783505154639,76
"605","SATFLB0010-58673",12.0508474576271,35.6372881355932,50.9694915254237,16.7898305084746,85
"606","SATFLB0011-53754",16.3488372093023,48.937984496124,33.4031007751938,17.2945736434109,72
"607","SATFLB0011-58671",3.68518518518519,49.6111111111111,45.4583333333333,18.8888888888889,72
"608","SATFLB0012-53699",NA,NA,NA,NA,0
"609","SATFLB0012-58677",NA,NA,NA,NA,0
"610","SATFLB0013-53701",7.5625,42.15625,48.90625,16.35546875,71
"611","SATFLB0013-58664",4.444,57.514,36.67,17.486,71
"612","SATFLB0014-53702",NA,NA,NA,NA,0
"613","SATFLB0014-58667",NA,NA,NA,NA,0
"614","SATFLB0015-53707",5.07142857142857,60.6428571428571,32.6428571428571,23.8571428571429,21
"615","SATFLB0015-58676",6.11538461538461,64.1153846153846,27.8846153846154,24.7307692307692,21
"616","SATFLB0016-53547",39.5315315315315,18.7417417417417,40.2202202202202,10.8808808808809,121
"617","SATFLB0016-58651",37.080487804878,17.1325203252033,44.3243902439024,9.23089430894309,121
"618","SATFLB0017-53548",44.6320754716981,9.79245283018868,44.0943396226415,12.4245283018868,84
"619","SATFLB0017-58644",43.0248756218905,8.38308457711443,47.1940298507463,11.8308457711443,84
"620","SATFLB0018-53549",31.0627705627706,19.1948051948052,48.1601731601732,12.2510822510823,55
"621","SATFLB0018-58650",39.5378323108384,6.58282208588957,52.4069529652352,11.3149284253579,55
"622","SATFLB0019-53550",32.4757281553398,10.8155339805825,55.378640776699,11.6553398058252,69
"623","SATFLB0019-58645",35.2843601895735,7.53554502369668,55.7677725118483,10.3222748815166,69
"624","SATFLB0020-53551",37.8079658605974,21.1159317211949,39.6671408250356,13.3186344238976,121
"625","SATFLB0020-58648",29.5837897042716,20.618838992333,48.3713033953998,11.2420591456736,121
"626","SATFLB0021-53552",19.8208695652174,25.6608695652174,53.2408695652174,13.5860869565217,118
"627","SATFLB0021-58641",24.365568544102,16.8788522848034,57.4250797024442,9.74920297555792,118
"628","SATFLB0022-53553",22.0286506469501,24.9842883548983,51.630314232902,14.0924214417745,121
"629","SATFLB0022-58649",22.3302845528455,26.8404471544715,49.4319105691057,11.7103658536585,121
"630","SATFLB0023-53554",40.575208913649,13.0208913649025,44.8704735376045,8.77855153203343,121
"631","SATFLB0023-58712",42.9496503496503,10.0979020979021,45.4181818181818,8.41538461538462,121
"632","SATFLB0024-53555",51.0286831812256,17.9295958279009,29.4015645371578,8.58148631029987,121
"633","SATFLB0024-58713",55.9704301075269,7.67741935483871,34.8252688172043,7.98118279569892,121
"634","SATFLB0025-53556",38.0823529411765,24.7668449197861,35.5080213903743,13.3368983957219,121
"635","SATFLB0025-58714",39.8484848484849,17.5977961432507,41.0702479338843,12.5661157024793,121
"636","SATFLB0026-57001",5.32608695652174,53.8260869565217,39.3695652173913,17.3913043478261,45
"637","SATFLB0026-58678",3.48888888888889,53.9333333333333,41.0222222222222,18.4222222222222,45
"638","SATFLB0027-56975",5,50.5,43,19.0454545454545,11
"639","SATFLB0027-58669",5.63636363636364,54.5454545454545,38.0909090909091,20,11
"640","SATFLB0028-56995",8.62337662337662,26.913961038961,63.1663961038961,11.137987012987,121
"641","SATFLB0028-58668",15.7211538461538,41.3016826923077,41.5588942307692,13.8245192307692,121
"642","SATKAN0001-53688",0,64,35,26,6
"643","SATKAN0001-58695",11.0603174603175,61.6825396825397,25.6603174603175,20.5206349206349,121
"644","SATKAN0002-53689",NA,NA,NA,NA,0
"645","SATKAN0002-58679",3.6198347107438,56.4214876033058,38.603305785124,22.198347107438,121
"646","SATKAN0003-56996",7.70149253731343,54.7139303482587,36.0820895522388,21.1318407960199,121
"647","SATKAN0003-58701",5.75206611570248,53.6776859504132,38.9462809917355,19.396694214876,121
"648","SATKAN0004-56928",6.32334384858044,41.8895899053628,50.583596214511,13.4668769716088,121
"649","SATKAN0004-58696",4.32851239669422,48.3305785123967,46.0185950413223,16.3553719008264,121
"650","SATSTP0001-53557",44.5966386554622,3.15798319327731,50.7159663865546,8.80420168067227,121
"651","SATSTP0001-58652",59.3395942900075,1.87152516904583,37.0518407212622,6.41096919609316,121
"652","SATSTP0002-53558",66.0916209866875,10.389193422083,21.8159749412686,6.46671887235709,121
"653","SATSTP0002-58646",68.1337340345605,9.46356123215627,20.5755071374906,5.97445529676935,121
"654","SATSTP0003-53511",61.9075342465753,2.44520547945205,33.9349315068493,8.26027397260274,121
"655","SATSTP0003-58638",64.7222222222222,1.11844863731656,32.667714884696,6.13207547169811,121
"656","SATSTP0004-53512",31.3747300215983,15.9697624190065,51.2267818574514,12.0475161987041,121
"657","SATSTP0004-58642",46.8566221142163,4.88821385176185,46.7885783718105,7.29040097205346,121
"658","SATSTP0005-53513",69.4462809917355,10.5726092089728,18.2219598583235,5.84061393152302,121
"659","SATSTP0005-58639",71.3424821002387,8.89379474940334,18.0095465393795,5.37470167064439,121
"660","SATSTP0006-53514",33.1889140271493,21.591628959276,43.7183257918552,8.07239819004525,121
"661","SATSTP0006-58640",37.1262032085561,17.0866310160428,44.2267379679144,7.56577540106952,121
"662","SATSTP0007-53515",20.0843214756258,19.399209486166,59.1936758893281,8.3596837944664,121
"663","SATSTP0007-58637",19.3570658036677,18.6688241639698,60.6040992448759,9.2049622437972,121
"664","SATSTP0008-53516",52.379781420765,5.16939890710383,40.8756830601093,7.60655737704918,121
"665","SATSTP0008-58643",60.5489964580874,1.43093270365998,36.3270365997639,6.17237308146399,121
"666","TCABEL0001-58801",9.25609756097561,33.7073170731707,55.8341463414634,12.7951219512195,121
"667","TCABEL0002-58799",9.94214876033058,38.9876033057851,49.6446280991736,19.6363636363636,121
"668","TCABEL0003-58803",6.00478468899522,46.9760765550239,45.88995215311,19.1291866028708,121
"669","TCATCH0001-58823",10.0784671532847,50.1532846715328,38.1459854014599,23.6113138686131,121
"670","TCATCH0002-58805",8.55234159779614,35.8278236914601,54.6225895316804,13.8209366391185,121
"671","TCATCH0003-58825",8.0251572327044,36.9292452830189,53.9150943396226,16.9182389937107,121
"672","TCATCH0004-58806",14.9869646182495,32.2346368715084,51.3724394785847,17.2141527001862,98
"673","TCATCH0005-58824",24.8595041322314,22.8911845730028,50.8181818181818,15.3484848484848,121
"674","TCATCH0006-58807",4.58333333333333,48.069209039548,46.3559322033898,13.6440677966102,121
"675","TCATCH0007-58809",7.71276595744681,46.0177304964539,45.3581560283688,23.0354609929078,97
"676","TCATCH0008-58821",3.07644628099174,55.9297520661157,39.8863636363636,20.2045454545455,121
"677","TCATCH0009-58811",28.0557851239669,16.8780991735537,53.4731404958678,17.8595041322314,121
"678","TCATCH0010-58826",8.11858407079646,47.6407079646018,42.8955752212389,21.4955752212389,121
"679","TCATCH0011-58827",21.3104761904762,22.2971428571429,55.2171428571429,19.3428571428571,121
"680","TCATCH0012-58822",6.96178343949045,55.5987261146497,35.9713375796178,15.5764331210191,121
"681","TCATNM0001-58742",4.18801652892562,52.0382231404959,42.4390495867769,18.9349173553719,121
"682","TCATNM0002-58782",8.26357827476038,45.7859424920128,44.5399361022364,12.2220447284345,121
"683","TCATNM0003-58775",7.35263835263835,37.8056628056628,53.5688545688546,12.0682110682111,121
"684","TCATNM0004-58785",3.60398505603985,44.9838107098381,50.318804483188,16.1245330012453,121
"685","TCATNM0005-58792",13.4266304347826,33.570652173913,51.6983695652174,12.9320652173913,46
"686","TCATNM0006-58800",7.70025188916877,50.2594458438287,40.5869017632242,12.6561712846348,121
"687","VCAAUA0001-58565",3.9896694214876,67.1900826446281,27.0247933884298,17.2396694214876,121
"688","VCAAUA0002-58635",4.02909090909091,64.2381818181818,30.0509090909091,15.5981818181818,121
"689","VCAAUA0003-58567",0.841322314049587,70.1107438016529,27.6512396694215,23.6066115702479,121
"690","VCAAUA0005-58570",4.80440771349862,65.7520661157025,27.7603305785124,15.3691460055096,121
"691","VCAAUA0007-58543",11.9005059021922,61.6492411467116,24.8819561551433,13.4873524451939,121
"692","VCAAUA0008-58544",1.69306930693069,68.5049504950495,28.2920792079208,23.7945544554455,103
"693","VCAAUA0009-58569",1.80718336483932,71.3345935727788,25.5330812854442,22.0964083175803,121
"694","VCAAUA0010-58546",7.13728813559322,62.5474576271186,28.8118644067797,14.7830508474576,121
"695","VCAAUA0011-58540",1.81153305203938,67.309423347398,29.2362869198312,16.0239099859353,110
"696","VCAAUA0012-58613",1.90349819059107,68.1519903498191,28.437876960193,16.729794933655,121
"697","VCAAUA0013-58541",7.03977272727273,61.0752840909091,30.2663352272727,15.7784090909091,121
"698","VCAAUA0014-58571",5.90264150943396,61.1622641509434,31.3396226415094,16.222641509434,121
"699","VCAAUA0015-58539",8.68742216687422,60.0186799501868,29.6351183063512,17.093399750934,112
"700","VCAMDD0001-57011",55.0809628008753,9.88402625820569,33.5929978118162,7.02407002188184,121
"701","VCAMDD0002-56990",21.9090909090909,16.4694214876033,60.3289256198347,10.9884297520661,121
"702","VCAMDD0003-57012",23.3151041666667,27.0885416666667,48.1822916666667,11.3723958333333,121
"703","WAAAVW0001-58517",14.7380216383308,19.2318392581144,64.7511591962906,15.7472952086553,121
"704","WAAAVW0002-58518",9.76929460580913,25.1070539419087,63.9809128630705,14.7078838174274,121
"705","WAAAVW0003-58519",8.49724517906336,37.3553719008264,52.9545454545455,16.8842975206612,121
"706","WAAAVW0004-58520",8.51713859910581,36.7600596125186,53.4977645305514,15.4798807749627,121
"707","WAAAVW0005-58768",29.122009569378,25.5657894736842,43.9019138755981,10.7200956937799,121
"708","WAAAVW0006-58810",20.2407024793388,29.7169421487603,48.7727272727273,10.9628099173554,121
"709","WAAAVW0007-58772",20.8050089445438,18.5330948121646,59.3810375670841,10.4400715563506,121
"710","WAACAR0001-58777",45.3719008264463,20.4702479338843,32.6462809917355,7.87107438016529,121
"711","WAACAR0002-58776",30.8197633959638,23.6986778009743,44.1057759220598,9.6812804453723,121
"712","WAACAR0003-58778",25.9398340248963,24.8271092669433,47.9737206085754,11.7994467496542,121
"713","WAACAR0004-58779",31.4739652870494,25.628170894526,41.4178905206943,10.3578104138852,121
"714","WAACEK0001-58505",26.7001180637544,26.3223140495868,45.5360094451004,13.0023612750885,121
"715","WAACEK0002-58506",6.02265372168285,35.4789644012945,57.3818770226537,13.5436893203883,121
"716","WAACEK0003-58507",NA,NA,NA,NA,0
"717","WAACOO0001-53444",15.7769080234834,24.1545988258317,59.3796477495108,22.6751467710372,121
"718","WAACOO0002-53445",4.23140495867769,1.33333333333333,94.2203856749311,8.03856749311295,121
"719","WAACOO0003-53447",16.5346260387812,19.2700831024931,63.286703601108,16.9626038781163,121
"720","WAACOO0004-53449",15.3203125,28.9270833333333,54.8046875,17.8307291666667,121
"721","WAACOO0005-53446",38.8359201773836,13.7782705099778,45.8935698447894,10.8381374722838,121
"722","WAACOO0006-53438",14.4187779433681,28.8643815201192,55.6512667660209,15.2026825633383,121
"723","WAACOO0007-53440",13.6983758700696,39.0951276102088,45.9466357308585,17.322505800464,121
"724","WAACOO0008-53442",17.2611764705882,31.6117647058824,50.1082352941176,14.3552941176471,121
"725","WAACOO0009-53443",41.0238095238095,11.0555555555556,46.2989417989418,9.41534391534391,121
"726","WAACOO0010-53441",48.5358255451713,9.67601246105919,40.1806853582555,10.5732087227414,121
"727","WAACOO0011-53439",13.6661538461538,6.88923076923077,78.1461538461539,6.24153846153846,121
"728","WAACOO0012-53462",24.745867768595,28.301652892562,45.5619834710744,10.8285123966942,121
"729","WAACOO0016-53459",11.0098870056497,5.40677966101695,82.4957627118644,10.728813559322,121
"730","WAACOO0017-53460",19.0929752066116,8.65909090909091,71.0578512396694,9.26239669421488,121
"731","WAACOO0018-53461",18.4652956298201,14.4087403598972,65.9768637532134,12.3598971722365,121
"732","WAACOO0019-53463",22.0285714285714,6.81714285714286,69.9352380952381,9.87238095238095,121
"733","WAACOO0020-53450",42.5665961945032,16.1215644820296,39.6585623678647,11.9101479915433,121
"734","WAACOO0021-53456",34.6369796708616,19.2739593417231,44.5856727976767,12.6505324298161,121
"735","WAACOO0022-53453",31.349173553719,20.9152892561983,46.3698347107438,14.0764462809917,121
"736","WAACOO0023-53448",37.3844911147011,16.9176090468498,44.2035541195477,13,121
"737","WAACOO0024-53451",25.5661157024793,12.4187327823691,60.9380165289256,18.3429752066116,121
"738","WAACOO0025-53452",51.1943462897527,7.45229681978799,39.6572438162544,10.9911660777385,121
"739","WAACOO0026-53454",28.4846989141165,11.1263573543929,59.0681145113524,10.2615992102665,121
"740","WAACOO0027-53455",26.7769696969697,10.5624242424242,61.2763636363636,8.20363636363636,121
"741","WAACOO0028-53457",30.4563820018365,12.8246097337006,55.2892561983471,9.55463728191001,121
"742","WAACOO0029-53458",26.4005167958656,17.1291989664083,55.1188630490956,10.5284237726098,121
"743","WAACOO0030-56958",17.3735537190083,33.5173553719008,47.8809917355372,12.3206611570248,121
"744","WAACOO0031-58512",24.7919876733436,16.7010785824345,57.2403697996918,11.2788906009245,121
"745","WAACOO0032-58511",25.7112561174551,9.6231647634584,63.4078303425775,11.9477977161501,121
"746","WAADAL0001-58508",2.05312868949233,40.8075560802834,55.9929161747344,12.4852420306966,121
"747","WAADAL0002-58743",61.1936245572609,5.05785123966942,32.1900826446281,5.32821723730815,121
"748","WAADAL0003-58767",44.7434017595308,12.9941348973607,40.7565982404692,6.81378299120235,121
"749","WAADAL0004-58764",9.52077922077922,39.1805194805195,50.0025974025974,11.774025974026,121
"750","WAADAL0005-58815",12.4604486422668,35.1168831168831,51.1523022432113,11.7378984651712,121
"751","WAAESP0001-58516",6.47761194029851,39.5970149253731,52.5572139303483,17.4676616915423,121
"752","WAAGAS0001-58420",63.1252900232019,2.12180974477958,33.1055684454756,10.114849187935,121
"753","WAAGAS0002-58421",27.970041322314,25.4886363636364,45.0805785123967,11.0237603305785,121
"754","WAAGES0001-58023",25.3213828425096,25.8386683738796,47.5275288092189,10.4404609475032,121
"755","WAAGES0001-58802",23.7384806973848,22.3673723536737,52.5977584059776,10.3001245330012,121
"756","WAAGES0002-58024",15.0027210884354,30.3755102040816,53.3142857142857,15.4163265306122,121
"757","WAAGES0002-58732",13.7376033057851,23.7107438016529,61.3935950413223,15.8243801652893,121
"758","WAAGES0003-58025",19.2066115702479,30.9531680440771,48.4972451790634,12.5661157024793,121
"759","WAAGES0003-58731",19.4993597951344,27.1587708066581,52.1088348271447,12.4635083226633,121
"760","WAAGES0004-58804",34.9204545454545,19.5754132231405,44.0650826446281,8.27685950413223,121
"761","WAAGES0005-58808",33.5407319952774,10.5182998819362,54.5419126328217,7.53010625737898,121
"762","WAAGSD0001-58509",48.7983870967742,16.010752688172,33.510752688172,8.00268817204301,121
"763","WAAGVD0001-56960",26.4607438016529,21.9876033057851,50.3884297520661,14.1363636363636,121
"764","WAAHAM0001-56964",34.4189349112426,40.5976331360947,23.6710059171598,10.7834319526627,121
"765","WAAHAM0002-56941",19.504132231405,27.3459268004723,51.8264462809917,12.3341204250295,121
"766","WAAHAM0003-56959",16.0981404958678,42.4070247933884,40.1177685950413,12.7809917355372,121
"767","WAAHAM0004-56942",22.8093525179856,28.0035971223022,47.8237410071942,14.2374100719424,121
"768","WAAHAM0005-56961",27.3925619834711,44.0061983471074,27.1425619834711,16.8057851239669,121
"769","WAAHAM0006-56944",21.1081632653061,44.0122448979592,33.2969387755102,16.3224489795918,121
"770","WAAJAF0001-58513",17.8307086614173,49.8070866141732,31.1574803149606,17.4015748031496,121
"771","WAAJAF0002-58515",5.44421487603306,70.9359504132231,22.0330578512397,18.0743801652893,121
"772","WAAJAF0003-58514",17.7309322033898,40.375,40.4470338983051,12.7860169491525,121
"773","WAALSD0001-53569",45.8958496476116,11.3907595927956,41.1581832419734,10.0391542678152,121
"774","WAALSD0002-53570",41.0771349862259,18.2809917355372,39.0064279155188,10.9044995408632,121
"775","WAALSD0003-53571",55.3069694596711,17.9678935003915,24.9099451840251,8.3054032889585,121
"776","WAAMAL0001-56962",18.886827458256,37.2226345083488,42.5343228200371,17.3432282003711,121
"777","WAAMAL0002-58521",20.9602385685885,27.0198807157058,50.7355864811133,10.5467196819085,121
"778","WAAMAL0003-58522",18.6448326055313,27.9606986899563,52.075691411936,15.1091703056769,121
"779","WAAMUR0001-58498",37.9531680440771,11.3994490358127,49.2892561983471,11.3884297520661,121
"780","WAAMUR0002-58510",42.8280991735537,9.14545454545454,46.5454545454545,13.1223140495868,121
"781","WAAMUR0003-58755",37.5780998389694,20.975845410628,39.9533011272142,8.51529790660225,121
"782","WAAMUR0004-58813",37.9509954058193,15.3660030627871,45.405819295559,7.83001531393568,121
"783","WAAMUR0005-58761",55.339527027027,8.07939189189189,35.3192567567568,6.72466216216216,121
"784","WAAMUR0006-58763",54.435261707989,6.77134986225895,37.4132231404959,6.59228650137741,121
"785","WAAMUR0007-58812",33.6167355371901,18.8440082644628,46.2634297520661,8.32954545454546,121
"786","WAAMUR0008-58765",58.5950413223141,6.39256198347107,33.6707988980716,6.18044077134986,121
"787","WAAMUR0028-53572",42.2431077694236,14.1929824561404,42.0288220551378,9.36340852130326,121
"788","WAAMUR0029-53573",41.0695847362514,8.003367003367,49.5218855218855,11.1907968574635,121
"789","WAAMUR0030-53464",41.9566115702479,15.1394628099174,41.323347107438,9.8202479338843,121
"790","WAAMUR0031-53465",40.7747933884297,11.0051652892562,46.7293388429752,9.41528925619835,121
"791","WAANOK0001-58752",27.2798110979929,20.0035419126328,51.4628099173554,12.396694214876,121
"792","WAANOK0002-58754",21.6985915492958,23.212676056338,53.8338028169014,14.8295774647887,121
"793","WAANOK0003-58773",13.7119711971197,28.4347434743474,56.5373537353735,11.1656165616562,121
"794","WAANOK0004-58756",8.27685950413223,35.8894628099174,54.6673553719008,12.547520661157,121
"795","WAANOK0005-58746",21.6697353279632,20.3682393555811,56.6214039125432,9.99769850402762,121
"796","WAANOK0006-58753",9.64990328820116,33.0473887814313,56.1092843326886,12.6218568665377,121
"797","WAANOK0007-58762",11.8343108504399,32.2947214076246,54.7683284457478,11.8093841642229,121
"798","WAANOK0008-58744",9.81166464155529,31.494532199271,57.411907654921,12.4398541919806,113
"799","WAANUL0001-56966",35.9308943089431,23.3109756097561,39.119918699187,9.67276422764228,121
"800","WAANUL0002-56945",30.3722943722944,24.0238095238095,44.2467532467532,9.17099567099567,121
"801","WAANUL0003-56946",35.1053719008264,19.0971074380165,44.4566115702479,11.2066115702479,121
"802","WAANUL0004-56967",36.4205267938238,28.3269754768392,33.6067211625795,9.188919164396,121
"803","WAANUL0005-56931",33.6359163591636,17.2976629766298,47.6236162361624,9.45387453874539,121
"804","WAANUL0006-56929",40.0295159386068,20.1062573789847,38.4663518299882,7.72373081463991,121
"805","WAANUL0007-56932",30.103305785124,26.3195592286501,42.0785123966942,9.14325068870523,121
"806","WAANUL0008-56933",54.3281493001555,8.47278382581649,35.6049766718507,6.61741835147745,121
"807","WAANUL0009-56934",40.8102139406487,11.5369220151829,46.1773636991028,9.32436162870945,121
"808","WAAPIL0001-57619",29.2154696132597,29.6767955801105,39.6500920810313,14.2642725598527,121
"809","WAAPIL0002-57620",17.7035040431267,31.0296495956873,50.0161725067385,15.5202156334232,121
"810","WAAPIL0003-57601",60.900826446281,2.04235537190083,35.2314049586777,10.6559917355372,121
"811","WAAPIL0004-57085",42.8382526564345,6.37426210153483,49.2987012987013,9.71310507674144,121
"812","WAAPIL0005-57618",18.1685950413223,46.7752066115702,33.3322314049587,20.6,121
"813","WAAPIL0007-57602",62.6252856054836,6.14470677837014,29.3320639756283,14.96953541508,121
"814","WAAPIL0008-57605",31.031746031746,13.0981240981241,54.4603174603175,9.74891774891775,121
"815","WAAPIL0009-57606",32.7590909090909,20.7727272727273,45.0757575757576,12.4984848484848,121
"816","WAAPIL0010-57607",61.3122994652406,12.4363636363636,24.1732620320856,13.7989304812834,121
"817","WAAPIL0011-57608",51.4368358913813,10.5489964580874,36.2101534828808,12.4757969303424,121
"818","WAAPIL0012-57609",44.3904840032814,19.84495488105,34.0894175553733,14.9589827727646,121
"819","WAAPIL0014-57611",27.9946843853821,21.9813953488372,48.663122923588,13.4039867109635,121
"820","WAAPIL0015-57613",30.9244391971665,20.0425029515939,47.6918536009445,11.0873671782763,121
"821","WAAPIL0016-57615",31.928798474253,28.7692307692308,37.6064844246662,15.9256198347107,121
"822","WAAPIL0018-57617",30.8066528066528,25.7484407484407,41.9189189189189,11.6528066528067,121
"823","WAAPIL0019-57614",49.1490445859873,15.9834394904459,33.0828025477707,12.4675159235669,121
"824","WAAPIL0020-58032",57.6330578512397,5.89090909090909,34.8297520661157,8.44297520661157,121
"825","WAAPIL0021-58034",47.1764705882353,9.26160990712074,41.9628482972136,12.8157894736842,121
"826","WAAPIL0022-58035",39.2180774748924,16.2395982783357,43.0143472022956,12.7446197991392,121
"827","WAAPIL0023-58036",29.5271317829457,22.9509043927649,46.0865633074935,14.9961240310078,121
"828","WAAPIL0024-58040",48.7106842737095,17.7082833133253,31.7010804321729,15.8031212484994,121
"829","WAAPIL0025-58043",29.9206611570248,24.1586776859504,44.4297520661157,15.3223140495868,121
"830","WAAPIL0026-58044",45.5161532682194,14.3974455296769,38.4680691209617,12.8174305033809,121
"831","WAAPIL0027-58041",39.6644880174292,22.3456790123457,36.3761801016703,9.75671750181554,121
"832","WAAPIL0028-58042",40.3693570451436,18.0725034199726,39.9774281805746,11.6217510259918,121
"833","WAAPIL0029-58045",36.2727272727273,17.6721763085399,44.4338842975207,10.5165289256198,121
"834","WAAPIL0030-58057",36.4178145087236,10.1515151515152,52.0514233241506,13.4269972451791,121
"835","WAAPIL0031-58415",27.9381868131868,11.2335164835165,59.5563186813187,15.1222527472527,121
"836","WAAPIL0032-58416",56.5548589341693,2.53605015673981,39.5370950888192,11.350052246604,121
"837","WAAPIL0033-58417",44.7390791027155,1.93506493506494,51.8819362455726,15.952774498229,121
"838","WAAPIL0034-58418",43.435261707989,8.67906336088154,46.4600550964187,10.6267217630854,121
"839","WAAPIL0035-58419",47.0035419126328,13.8512396694215,37.5678866587958,9.35419126328217,121
"840","WAASWA0001-58029",14.9955752212389,43.3938053097345,40.2713864306785,17.098820058997,121
"841","WAASWA0002-58030",9.58823529411765,46.6890756302521,42.2710084033613,19.1018907563025,121
"842","WAASWA0003-58031",11.0093333333333,51.748,35.7146666666667,18.7813333333333,121
"843","WAASWA0004-58499",7.06939501779359,43.8594306049822,47.7277580071174,16.8274021352313,121
"844","WAAVIB0001-58494",20.556080283353,14.85360094451,63.2054309327037,9.6517119244392,121
"845","WAAVIB0002-58497",26.2976744186047,17.4294573643411,54.9240310077519,10.384496124031,113
"846","WAAVIB0003-58500",10.2514757969303,45.5548996458087,42.7296340023613,14.3848878394333,121
"847","WAAVIB0004-58504",13.6036036036036,34.3941441441441,50.6587837837838,14.7376126126126,121
"848","WAAYAL0001-58784",24.5182998819362,26.582054309327,47.2727272727273,6.86068476977568,121
"849","WAAYAL0002-58818",31.3152709359606,23.0541871921182,44.3694581280788,9.04556650246305,121
"850","WAAYAL0003-58780",29.9700130378096,35.1056062581486,33.51629726206,12.522816166884,121
"851","WAAYAL0004-58820",33.3591885441527,24.0011933174224,41.2935560859189,10.9021479713604,121
"852","WAAYAL0005-58781",30.1027154663518,36.5938606847698,31.9551357733176,9.71782762691854,121
"853","WAAYAL0006-58766",27.3231939163498,19.9391634980989,51.5057034220532,16.3688212927757,121
"854","WAAYAL0007-58819",33.0921052631579,19.4461722488038,46.1531100478469,9.85406698564593,121
"855","WAAYAL0008-58814",33.0876033057851,15.7801652892562,49.9619834710744,12.3454545454545,121
"856","WAGCOO0001-53613",28.4581005586592,25.6871508379888,44.5865921787709,10.7821229050279,121
"857","WAGCOO0004-53615",31.5371900826446,11.1301652892562,56.1095041322314,9.87809917355372,121
