"","site_unique","time","diff","bs","pv","npv","ue"
"1",NA,NA,NA,NA,NA,NA,NA
"2","NSABBS0001-58580","2018-05-17",6,11.1570247933884,42.8512396694215,44.7520661157025,15.0082644628099
"3","NSABBS0002-58555","2018-05-25",13,6.15702479338843,51.6611570247934,40.603305785124,16.5619834710744
"4","NSABBS0003-58581","2018-05-09",-4,6.83471074380165,30.8429752066116,60.9586776859504,30.0495867768595
"5","NSABBS0004-58556","2018-05-17",3,4.71900826446281,50.5454545454545,43.5619834710744,20.7768595041322
"6","NSABBS0005-58582","2018-05-17",2,6.62809917355372,49.0330578512397,42.9090909090909,23.3057851239669
"7","NSABBS0006-58557","2018-05-25",10,7.47933884297521,50.9256198347107,40.1735537190083,22.297520661157
"8","NSABHC0001-53596",NA,NA,NA,NA,NA,NA
"9","NSABHC0002-53597","2012-05-20",-11,37.6942148760331,13.2148760330579,47.7438016528926,10.504132231405
"10","NSABHC0003-53598","2012-05-20",-15,48.5950413223141,14.3471074380165,35.6694214876033,8.1900826446281
"11","NSABHC0004-53599","2012-05-20",-17,20.297520661157,27.4380165289256,50.8264462809917,10.5867768595041
"12","NSABHC0005-53600","2012-08-01",2,25.5702479338843,7.60330578512397,65.702479338843,10.9752066115702
"13","NSABHC0006-53601","2012-07-23",-9,25.8677685950413,15.5537190082645,57.2644628099174,12.5619834710744
"14","NSABHC0007-53602","2012-08-08",6,34.1652892561983,12.4628099173554,51.7685950413223,10.1322314049587
"15","NSABHC0008-53603","2012-09-09",9,44.7297297297297,12.5675675675676,41.4864864864865,9.7027027027027
"16","NSABHC0009-53604","2012-09-09",6,39.8099173553719,12.2644628099174,46.5537190082645,8.90082644628099
"17","NSABHC0009-58026","2016-09-12",-1,NA,NA,NA,NA
"18","NSABHC0010-53605","2012-09-09",5,67.3057851239669,3.48760330578512,27.7520661157025,5.37190082644628
"19","NSABHC0011-53606","2012-09-25",7,36.5428571428571,14.2857142857143,48.0571428571429,9.74285714285714
"20","NSABHC0012-53607","2012-09-25",6,33.0165289256198,13,52.7355371900826,8.89256198347107
"21","NSABHC0012-58022","2016-09-12",-3,NA,NA,NA,NA
"22","NSABHC0013-53608","2012-09-09",-11,50.8181818181818,12.5702479338843,35.2066115702479,6.80165289256198
"23","NSABHC0014-53609","2012-09-25",4,53.1,8.38181818181818,37.1454545454545,7.16363636363636
"24","NSABHC0016-57105","2013-12-17",11,57.0909090909091,5.89256198347107,35.504132231405,7.06611570247934
"25","NSABHC0018-57077","2013-03-13",0,39.5289256198347,0.669421487603306,58.603305785124,7.6198347107438
"26","NSABHC0019-57078","2013-03-20",7,36.2479338842975,2.35537190082645,60.0082644628099,10.4214876033058
"27","NSABHC0020-57599","2013-03-20",6,36.7933884297521,3.8595041322314,57.9504132231405,9.63636363636364
"28","NSABHC0021-57098","2014-04-24",5,35.9834710743802,12.8677685950413,49.7190082644628,9.46280991735537
"29","NSABHC0022-57086","2014-04-17",-2,63.0826446280992,2.09090909090909,33.5950413223141,5.4297520661157
"30","NSABHC0023-57099","2014-04-25",4,26.1487603305785,34,38.504132231405,9.76859504132231
"31","NSABHC0024-57100","2014-04-25",3,23.9338842975207,37.6611570247934,36.9090909090909,9.64462809917355
"32","NSABHC0026-57102","2014-05-27",-8,11.404958677686,53.9173553719008,33.198347107438,12.9586776859504
"33","NSABHC0028-58027","2016-09-12",0,41.3636363636364,15.4793388429752,41.6115702479339,10.4876033057851
"34","NSABHC0029-58028","2016-09-12",0,6.88429752066116,59.3801652892562,31.9090909090909,18.2809917355372
"35","NSACHC0001-58574","2018-04-19",2,65.7438016528926,2.21487603305785,30.4793388429752,5.53719008264463
"36","NSACHC0002-58558","2018-04-19",2,40.9421487603306,14.8181818181818,43.0082644628099,7.45454545454545
"37","NSACHC0003-58575","2018-04-19",1,33.5454545454545,16.0330578512397,48.9752066115703,8.90909090909091
"38","NSACHC0004-58576","2018-04-19",1,56.504132231405,5.15702479338843,36.8181818181818,6.59504132231405
"39","NSACOP0001-58551","2018-04-06",-4,19.1735537190083,25.3884297520661,54.5206611570248,11.1404958677686
"40","NSACOP0002-58552","2018-04-14",3,22.900826446281,24.5702479338843,51.099173553719,13.099173553719
"41","NSAMDD0001-56965","2014-06-04",8,8.47107438016529,73.1074380165289,16.9834710743802,13.2066115702479
"42","NSAMDD0002-56952","2014-05-19",-9,5.89256198347107,38.9421487603306,54.0165289256198,17.0743801652893
"43","NSAMDD0003-56968","2014-05-19",-9,8.24793388429752,35.7190082644628,55.198347107438,15.0495867768595
"44","NSAMDD0004-56953","2014-05-11",-18,9.34710743801653,36.9669421487603,52.504132231405,18.3636363636364
"45","NSAMDD0005-56969","2014-05-28",-2,17.5123966942149,28.1404958677686,53.2396694214876,15.0495867768595
"46","NSAMDD0006-56954","2014-05-28",-2,12.9586776859504,32.6363636363636,53.3884297520661,17.2066115702479
"47","NSAMDD0007-56970","2014-05-10",-20,27.0495867768595,24.8595041322314,46.6859504132231,13.2148760330579
"48","NSAMDD0008-56955","2014-05-10",-22,12.3223140495868,33.2396694214876,53.2396694214876,14.8264462809917
"49","NSAMDD0009-56971","2014-05-10",-22,52.0661157024793,20.0082644628099,26.8595041322314,8.46280991735537
"50","NSAMDD0010-56956","2014-06-03",1,12.4876033057851,50.7520661157025,35.2314049586777,22.3636363636364
"51","NSAMDD0011-56981","2014-05-10",-23,35.099173553719,20.6446280991736,42.603305785124,12
"52","NSAMDD0012-56957","2014-06-03",0,15.5206611570248,5.51239669421488,78.0578512396694,8.80165289256198
"53","NSAMDD0013-56982","2014-05-10",-25,27.8347107438017,24.1157024793388,46.6776859504132,12.595041322314
"54","NSAMDD0014-56963","2014-06-03",-1,39.6446280991736,16.504132231405,42.1900826446281,14.8512396694215
"55","NSAMDD0015-57636","2014-05-10",-26,11.0330578512397,34.9504132231405,52.9173553719008,18.0661157024793
"56","NSAMDD0016-56973","2014-05-10",-26,8.27272727272727,43.7438016528926,46.7107438016529,13.900826446281
"57","NSAMDD0017-57080","2014-08-09",3,8.43801652892562,38.6611570247934,51.7768595041322,14.7438016528926
"58","NSAMDD0018-56976","2014-08-01",-5,10.1900826446281,39.6363636363636,48.9669421487603,18.3553719008264
"59","NSAMDD0019-57081","2014-08-01",-6,16.3471074380165,27.7768595041322,54.6528925619835,11.0909090909091
"60","NSAMDD0020-56984","2014-08-09",2,18.7107438016529,27.5206611570248,52.5950413223141,10.595041322314
"61","NSAMDD0021-57082","2014-08-01",-7,13.1074380165289,34.5537190082645,51.2892561983471,12.9917355371901
"62","NSAMDD0022-56985","2014-08-01",-8,10.3388429752066,40.0661157024793,48.1652892561983,19.1322314049587
"63","NSAMDD0023-57083","2014-08-08",-2,10.1818181818182,35.1322314049587,53.4628099173554,15.7355371900826
"64","NSAMDD0024-56986","2014-08-08",-2,17.7851239669421,22.0495867768595,59.0909090909091,14.3801652892562
"65","NSAMDD0025-57084","2014-08-08",-4,22.702479338843,27.3057851239669,48.7190082644628,11.8099173553719
"66","NSAMDD0026-56987","2014-08-08",-4,33.0743801652893,15.1157024793388,50.1404958677686,9.22314049586777
"67","NSAMDD0027-57087","2014-08-08",-5,25.1900826446281,19.8512396694215,53.7603305785124,14.5537190082645
"68","NSAMDD0028-56988","2014-08-08",-5,36.2727272727273,11.9504132231405,50.3305785123967,10.3719008264463
"69","NSAMDD0029-57088","2014-08-08",-6,36.396694214876,10.4628099173554,51.6198347107438,9.90082644628099
"70","NSAMDD0030-56989","2014-08-08",-6,28.0165289256198,25.0330578512397,45.5537190082645,10.6776859504132
"71","NSAMDD0031-58572","2018-04-14",3,28.5206611570248,20.9834710743802,49.1239669421488,10.5785123966942
"72","NSAMDD0032-58573","2018-04-14",2,21.9338842975207,22.5123966942149,54.3719008264463,12.7272727272727
"73","NSAMUL0001-58549","2018-04-13",-1,36.5206611570248,17.7438016528926,44.1900826446281,8.9504132231405
"74","NSAMUL0002-58559","2018-04-13",-1,36.603305785124,19.1487603305785,42.5702479338843,8.83471074380165
"75","NSAMUL0003-58550","2018-04-13",-2,41.2561983471074,19.2892561983471,38.0165289256198,7.29752066115702
"76","NSAMUL0004-58560","2018-04-13",-2,34.603305785124,10.1157024793388,53.8595041322314,10.6942148760331
"77","NSANAN0001-58583","2018-05-17",1,0,66.0495867768595,32.7107438016529,26.6115702479339
"78","NSANAN0002-58561","2018-05-17",1,3.18181818181818,48.4380165289256,47.4214876033058,22.3471074380165
"79","NSANET0001-58584","2018-05-18",0,6.1404958677686,50.6694214876033,41.7438016528926,22.297520661157
"80","NSANSS0001-58579","2018-05-09",0,2.94628099173554,59.004132231405,36.4504132231405,20.9090909090909
"81","NSANSS0002-58562","2018-05-09",0,4.8099173553719,56.5578512396694,36.9793388429752,21.9421487603306
"82","NSTNSS0001-57641","2015-11-18",0,11.3719008264463,44.1735537190083,42.8181818181818,16.0495867768595
"83","NSTSYB0001-58122","2015-11-19",8,0.685950413223141,67.3801652892562,30.4876033057851,23.504132231405
"84","NSTSYB0002-58008","2015-11-19",7,0.0258620689655172,74.0431034482759,24.5948275862069,25.0862068965517
"85","NSTSYB0003-58414","2015-11-18",4,2.83193277310924,57.9243697478992,37.6134453781513,21.6386554621849
"86","NSTSYB0004-58493","2015-11-26",11,9.36,62.52,26.95,16.38
"87","NSTSYB0005-58501","2015-11-26",9,12.2386363636364,58.6477272727273,27.8409090909091,29.1590909090909
"88","NSTSYB0006-58502","2015-11-18",-1,5.19834710743802,53.9586776859504,38.9917355371901,20.7272727272727
"89","NSTSYB0007-58496","2015-11-18",-2,3.13223140495868,49.8595041322314,45.4214876033058,19.4628099173554
"90","NSTSYB0008-58503","2015-11-18",-3,2,43.6371681415929,53.1327433628319,16.5840707964602
"91","NSTSYB0009-57649","2015-12-04",14,5.42241379310345,58.301724137931,34.5086206896552,22.9655172413793
"92","NTAARP0001-58422","2016-05-30",-3,5.95867768595041,48.0578512396694,44.5371900826446,16.5123966942149
"93","NTAARP0002-58423","2016-05-30",-3,7.39669421487603,40.0247933884297,51.3140495867769,14.2148760330579
"94","NTAARP0003-58424","2016-05-30",-4,19.1570247933884,29.7685950413223,49.9752066115703,13.2231404958678
"95","NTAARP0004-58918","2021-06-06",0,7.27272727272727,44.6611570247934,46.7438016528926,16.2314049586777
"96","NTAARP0004-58932","2018-02-22",-10,NA,NA,NA,NA
"97","NTAARP0005-58919","2021-06-06",2,1.90909090909091,61.1239669421488,35.6198347107438,18.6115702479339
"98","NTAARP0005-58933","2018-03-18",-5,NA,NA,NA,NA
"99","NTABRT0001-53616","2012-04-03",15,26.5909090909091,19.9545454545455,51.9545454545455,12.6363636363636
"100","NTABRT0001-58861","2020-07-30",-2,37.4214876033058,15.1818181818182,46.2396694214876,10.4793388429752
"101","NTABRT0002-53617","2012-04-03",13,25.0909090909091,18.7272727272727,55.1818181818182,15.3636363636364
"102","NTABRT0002-58862","2020-07-30",-1,38.0347826086957,13.6434782608696,46.9565217391304,10.7391304347826
"103","NTABRT0003-53618","2012-04-03",12,27.702479338843,16.1239669421488,55.0495867768595,14.6280991735537
"104","NTABRT0003-58872","2020-07-30",-2,34.4049586776859,13.5371900826446,50.8677685950413,11.3388429752066
"105","NTABRT0004-53619","2012-04-03",11,24.8909090909091,23.0727272727273,51.0363636363636,14.5363636363636
"106","NTABRT0004-58873","2020-08-07",-1,32.6776859504132,16.5454545454545,49.5702479338843,11.7355371900826
"107","NTABRT0005-53620","2012-03-27",3,33.6694214876033,22.8595041322314,42.0909090909091,10.2561983471074
"108","NTABRT0005-58863","2020-07-31",-2,58.6859504132231,18.0165289256198,21.6198347107438,7.50413223140496
"109","NTABRT0006-53621","2012-04-03",10,25.2727272727273,23.2727272727273,50.1818181818182,14.3636363636364
"110","NTABRT0006-58864","2020-08-07",-1,40.0661157024793,12.6115702479339,45.8760330578512,10.5206611570248
"111","NTABRT0007-58865","2020-08-07",0,46.7851239669422,12.5289256198347,39.1404958677686,9.83471074380165
"112","NTABRT0008-58866","2020-08-07",-2,50.0495867768595,7.79338842975207,40.297520661157,11.5454545454545
"113","NTADAC0001-53518","2013-05-29",1,5.85123966942149,42.6198347107438,50.6528925619835,17.8512396694215
"114","NTADAC0002-58039","2016-05-06",0,5.71900826446281,57.4214876033058,35.1818181818182,17.198347107438
"115","NTADMR0001-58868","2020-07-31",-3,39.7768595041322,11.7107438016529,47.0826446280992,9.01652892561983
"116","NTADMR0002-58869","2020-08-07",3,62.1487603305785,4.66942148760331,31.1239669421488,7.80165289256198
"117","NTAFIN0001-53519","2011-10-19",-1,30.8429752066116,0.768595041322314,67.1404958677686,10
"118","NTAFIN0001-58009","2016-02-27",-6,NA,NA,NA,NA
"119","NTAFIN0001-58735","2019-05-26",0,NA,NA,NA,NA
"120","NTAFIN0002-53622","2011-10-03",10,12.0102040816327,11.4795918367347,75.1428571428571,11.1836734693878
"121","NTAFIN0002-58018","2016-03-05",0,NA,NA,NA,NA
"122","NTAFIN0002-58787","2019-05-10",-18,NA,NA,NA,NA
"123","NTAFIN0003-53623","2011-09-17",-7,51.353982300885,11.5486725663717,35.7610619469027,7.64601769911504
"124","NTAFIN0003-58017","2016-02-27",-6,NA,NA,NA,NA
"125","NTAFIN0003-58788","2019-05-26",1,NA,NA,NA,NA
"126","NTAFIN0004-53624","2011-10-18",12,33.7107438016529,8.26446280991735,56.6528925619835,15.2727272727273
"127","NTAFIN0004-58010","2016-03-05",3,NA,NA,NA,NA
"128","NTAFIN0004-58789","2019-05-26",0,NA,NA,NA,NA
"129","NTAFIN0005-53625","2011-10-18",13,43.0661157024793,1.70247933884298,53.6694214876033,10.4628099173554
"130","NTAFIN0005-58011","2016-03-05",-1,NA,NA,NA,NA
"131","NTAFIN0005-58736","2019-05-25",0,NA,NA,NA,NA
"132","NTAFIN0006-53626","2011-10-18",11,66.495867768595,10.5123966942149,21.2644628099174,8.37190082644628
"133","NTAFIN0006-58012","2016-03-05",-1,NA,NA,NA,NA
"134","NTAFIN0006-58737","2019-05-26",0,NA,NA,NA,NA
"135","NTAFIN0007-53627","2011-10-18",6,68.4628099173554,5.00826446280992,24.7851239669421,9.49586776859504
"136","NTAFIN0007-58013","2016-03-05",3,66.0909090909091,12.9090909090909,19.0909090909091,6.72727272727273
"137","NTAFIN0007-58715","2019-05-10",-18,NA,NA,NA,NA
"138","NTAFIN0008-53628","2011-10-18",5,69.2479338842975,4.85123966942149,24.1239669421488,9.2396694214876
"139","NTAFIN0008-58014","2016-03-05",2,NA,NA,NA,NA
"140","NTAFIN0008-58790","2019-05-10",-20,NA,NA,NA,NA
"141","NTAFIN0009-53629","2011-10-18",1,66.9338842975207,8.80165289256198,22.4214876033058,9.55371900826446
"142","NTAFIN0009-58015","2016-03-05",-1,NA,NA,NA,NA
"143","NTAFIN0009-58738","2019-05-26",-1,NA,NA,NA,NA
"144","NTAFIN0010-53630","2011-10-18",0,76.3140495867769,9.94214876033058,12.0661157024793,8
"145","NTAFIN0010-58016","2016-03-05",-2,NA,NA,NA,NA
"146","NTAFIN0010-58786","2019-05-26",-1,NA,NA,NA,NA
"147","NTAFIN0011-53631","2011-10-19",-1,38.6272727272727,5.74545454545455,54.0909090909091,11.5909090909091
"148","NTAFIN0011-58019","2016-03-05",-1,NA,NA,NA,NA
"149","NTAFIN0011-58739","2019-05-26",-1,NA,NA,NA,NA
"150","NTAFIN0012-53632","2011-11-11",7,38.396694214876,6.22314049586777,53.8760330578512,10.6528925619835
"151","NTAFIN0013-53633","2011-11-12",7,41.8347107438017,18.1735537190083,38.7272727272727,9.70247933884298
"152","NTAFIN0014-53634","2011-11-12",5,42.1652892561983,8.56198347107438,47.6942148760331,10.9173553719008
"153","NTAFIN0015-53635","2011-11-11",3,35.801652892562,28.5702479338843,34.1735537190083,10.1735537190083
"154","NTAFIN0016-53636","2011-11-11",2,58.2066115702479,11.9173553719008,28.5123966942149,7.92561983471074
"155","NTAFIN0017-53637","2011-11-27",-2,46.5428571428571,21.6,30.4571428571429,9.22857142857143
"156","NTAFIN0018-53638","2011-12-13",13,46.3223140495868,11.3884297520661,40.7107438016529,10.7355371900826
"157","NTAFIN0019-53639","2011-11-27",-4,39.8347107438017,18.2479338842975,40.5619834710744,11.1735537190083
"158","NTAFIN0020-53640","2011-12-06",-1,34.5454545454545,9.81818181818182,54.2066115702479,10.8760330578512
"159","NTAFIN0021-53641","2011-12-22",14,63.9256198347107,9.93388429752066,24.6694214876033,7.16528925619835
"160","NTAFIN0022-53642","2011-12-06",-3,43.4876033057851,10.5867768595041,44.5289256198347,10.2148760330579
"161","NTAFIN0023-53643","2011-12-06",-4,44.8512396694215,14.2561983471074,39.3471074380165,9.76859504132231
"162","NTAFIN0024-53644","2012-02-24",11,36.5867768595041,18.1487603305785,43.8347107438017,9.64462809917355
"163","NTAFIN0025-53645","2012-02-08",-6,46.1652892561983,6.41322314049587,46.099173553719,9.12396694214876
"164","NTAFIN0026-53646","2012-03-27",13,20.5619834710744,27.702479338843,50.5702479338843,13.8264462809917
"165","NTAFIN0027-53647","2012-03-27",1,34.8760330578512,22,41.8595041322314,11.3388429752066
"166","NTAFIN0028-53746","2012-09-19",-3,63.1322314049587,7.11570247933884,28.1900826446281,7.09090909090909
"167","NTAFIN0029-53747","2012-09-19",-4,52.8842975206612,2.35537190082645,43.2396694214876,8.28099173553719
"168","NTAFIN0030-53748","2012-10-21",-3,37.7851239669422,6.01652892561984,54.7107438016529,10.9917355371901
"169","NTAFIN0031-53749","2012-10-21",-4,40.3783783783784,1.02702702702703,57.3243243243243,6.89189189189189
"170","NTAFIN0032-53750","2012-10-21",-11,38.9333333333333,7.78333333333333,51.775,11.4416666666667
"171","NTAFIN0033-53751","2012-10-21",-16,43.8760330578512,10.1157024793388,44.5206611570248,9.32231404958678
"172","NTAGFU0001-53648","2012-04-05",-7,12.7685950413223,27.396694214876,58.7520661157025,12.8595041322314
"173","NTAGFU0002-53649","2012-04-05",-8,19.2148760330579,15.0661157024793,64.6694214876033,10.9090909090909
"174","NTAGFU0003-53650","2012-04-21",7,22.2314049586777,29.6776859504132,46.7851239669422,13.5454545454545
"175","NTAGFU0004-53651","2012-05-07",22,39.2644628099174,21.1322314049587,38.1404958677686,9.5702479338843
"176","NTAGFU0005-53652","2012-04-21",5,11.5454545454545,38.0661157024793,49.0743801652893,13.7355371900826
"177","NTAGFU0006-53653","2012-04-05",-13,7.87603305785124,45.7438016528926,45.1074380165289,13.0909090909091
"178","NTAGFU0007-53654","2012-04-21",2,22.1404958677686,14.9752066115702,61.7355371900826,12.3305785123967
"179","NTAGFU0008-53655","2012-04-21",1,27.0413223140496,6.61157024793388,65.2479338842975,11.3801652892562
"180","NTAGFU0009-53656","2012-04-21",0,18.2561983471074,28.2892561983471,52.1487603305785,10.5785123966942
"181","NTAGFU0010-53657","2012-05-07",-2,25.5206611570248,21.1322314049587,52.1157024793388,11.3801652892562
"182","NTAGFU0011-53658","2012-05-23",13,6.6198347107438,24.9504132231405,67.504132231405,13
"183","NTAGFU0012-53659","2012-05-07",-4,13.6942148760331,27.3553719008264,57.8264462809917,12.0165289256198
"184","NTAGFU0013-53660","2012-05-23",11,6.43801652892562,28.6694214876033,63.8677685950413,13.1900826446281
"185","NTAGFU0014-53661","2012-05-07",-7,17.4117647058824,20.3176470588235,60.8588235294118,9.36470588235294
"186","NTAGFU0015-53662","2012-05-07",-7,12.0090909090909,20.1636363636364,66.5545454545454,11.9
"187","NTAGFU0016-53663","2012-05-23",7,26.3140495867769,20.1652892561983,52.0826446280992,15
"188","NTAGFU0017-53664","2012-05-23",6,0.305785123966942,42.5950413223141,56.3636363636364,15.1074380165289
"189","NTAGFU0018-53665","2012-05-23",5,6.03305785123967,27.8760330578512,65.2644628099174,15.1570247933884
"190","NTAGFU0019-53666","2012-05-23",5,26.9090909090909,22.4545454545455,49.3636363636364,12.7438016528926
"191","NTAGFU0020-53667","2012-06-15",10,4.00826446280992,41.2809917355372,53.9917355371901,14.8760330578512
"192","NTAGFU0021-53668","2012-06-15",9,11.6776859504132,26.0082644628099,61.1900826446281,13.3223140495868
"193","NTAGFU0022-53669","2012-06-15",8,13.5206611570248,14.1818181818182,71.4462809917355,12.6694214876033
"194","NTAGFU0023-53670","2012-06-15",6,7.51239669421488,41.6942148760331,49.5950413223141,14.3140495867769
"195","NTAGFU0024-53671","2012-06-15",5,14.2727272727273,23.5371900826446,61.2396694214876,12.9586776859504
"196","NTAGFU0025-53672","2012-06-15",5,6.69421487603306,34.9504132231405,57.1570247933884,15.504132231405
"197","NTAGFU0026-53673","2012-05-14",-29,8.12396694214876,37.4132231404959,53.6776859504132,12.5537190082645
"198","NTAGFU0027-53674","2012-06-15",2,13.2479338842975,25.5123966942149,60.0909090909091,12.7107438016529
"199","NTAGFU0028-53675","2012-06-15",1,16.6776859504132,29.6776859504132,52.3140495867769,11.1487603305785
"200","NTAGFU0029-53676","2012-06-15",0,10.504132231405,21.396694214876,67.099173553719,11.4380165289256
"201","NTAGFU0030-53677","2012-06-22",-13,10.5867768595041,30.2479338842975,58.2148760330578,16.0743801652893
"202","NTAGFU0031-53678","2012-07-24",18,8.58677685950413,26.2561983471074,64.1570247933884,13.6776859504132
"203","NTAGFU0032-53679","2012-07-24",17,23.8512396694215,15.4628099173554,59.3801652892562,8.84297520661157
"204","NTAGFU0033-53680","2012-06-22",-16,4.06611570247934,43.0330578512397,51.6528925619835,20.404958677686
"205","NTAGFU0034-53681","2012-07-24",15,18.8347107438017,24.297520661157,55.7272727272727,10.495867768595
"206","NTAGFU0035-53682","2012-07-24",14,15.495867768595,21.3140495867769,62.4628099173554,11.1570247933884
"207","NTAGFU0036-53683","2012-07-15",4,10,24.7107438016529,64.2148760330578,12.8099173553719
"208","NTAGFU0037-53684","2012-07-08",-4,6.84297520661157,26.9173553719008,65.3305785123967,12.1487603305785
"209","NTAGFU0038-53685","2012-07-08",-4,4.2396694214876,27.504132231405,67.396694214876,13.6363636363636
"210","NTAGFU0039-53686","2012-07-15",1,5.96694214876033,24.6363636363636,68.5454545454545,12.0578512396694
"211","NTAGFU0040-53687","2012-07-15",0,1.90082644628099,51.5702479338843,45.5702479338843,14.702479338843
"212","NTAGFU0041-58425","2016-04-29",-3,8.8099173553719,48.3884297520661,41.1239669421488,12.8181818181818
"213","NTAMAC0001-53574","2014-09-17",-19,58.9504132231405,19.2892561983471,19.7603305785124,8.07438016528926
"214","NTAMAC0001-58791","2019-05-10",-19,NA,NA,NA,NA
"215","NTAMAC0002-53575","2014-10-26",19,36.7603305785124,17.0743801652893,44.6776859504132,8.71074380165289
"216","NTAMAC0002-58734","2019-05-10",-19,NA,NA,NA,NA
"217","NTAMAC0003-53576","2014-09-17",-19,50.9338842975207,8.46280991735537,39.1157024793388,7.42148760330578
"218","NTAMAC0003-58740","2019-05-10",-19,NA,NA,NA,NA
"219","NTAMGD0001-53520","2014-03-11",-2,23.8347107438017,33.1900826446281,41.4710743801653,11.0495867768595
"220","NTAMGD0002-53466","2014-03-11",-1,28.2314049586777,32.4214876033058,37.8925619834711,9.70247933884298
"221","NTAMGD0003-58431","2016-04-22",-6,19.8181818181818,34.0495867768595,44.6611570247934,11.9504132231405
"222","NTAMGD0004-58432","2016-04-22",-7,25.3388429752066,29.8512396694215,43.1322314049587,9.09917355371901
"223","NTAMGD0005-58495","2016-04-22",-7,21.7685950413223,41.4710743801653,34.9669421487603,10.5702479338843
"224","NTAPCK0001-58037","2016-05-06",2,9.86776859504132,56.1487603305785,32.5206611570248,13.9834710743802
"225","NTAPCK0002-58038","2016-05-06",1,4.52892561983471,59.7851239669422,33.8347107438017,17.3553719008264
"226","NTAPCK0004-58920","2021-06-05",2,6.01652892561984,46.9173553719008,45.5123966942149,15.0330578512397
"227","NTAPCK0004-58934","2018-03-25",6,NA,NA,NA,NA
"228","NTAPCK0005-58921","2021-06-05",2,28.7355371900826,21.3388429752066,48.5289256198347,14.2892561983471
"229","NTAPCK0006-58922","2021-06-06",0,6.83471074380165,35.9834710743802,56.0909090909091,13.6115702479339
"230","NTAPCK0006-58935","2018-04-10",1,NA,NA,NA,NA
"231","NTAPCK0007-58924","2021-06-06",-1,4.25619834710744,44.603305785124,50.1487603305785,14.7272727272727
"232","NTAPCK0007-58936","2018-03-01",-4,NA,NA,NA,NA
"233","NTASSD0008-57074","2012-09-21",2,78.3884297520661,17.0247933884298,3.36363636363636,5
"234","NTASSD0011-53559","2013-03-07",-12,57.0413223140496,0,42.2809917355372,9.14876033057851
"235","NTASSD0012-53560","2013-03-07",-13,62.6115702479339,0,36.7355371900826,6.12396694214876
"236","NTASSD0013-53563","2013-03-07",-13,56.3636363636364,0,42.9090909090909,8.36363636363636
"237","NTASSD0014-53564","2013-03-23",0,82.6022727272727,0.886363636363636,14.9545454545455,4.10227272727273
"238","NTASSD0015-53565","2013-03-23",-1,64.0165289256198,10.2396694214876,24.3801652892562,5.92561983471074
"239","NTASSD0016-53566","2013-03-23",1,57.2396694214876,0,42.2809917355372,14.3388429752066
"240","NTASSD0017-53561","2013-03-07",-14,54.504132231405,0.223140495867769,44.4132231404959,8.02479338842975
"241","NTASSD0018-53562","2013-03-23",1,60.2231404958678,0.520661157024793,38.1322314049587,7.29752066115702
"242","NTASSD0019-53567","2013-03-23",-2,81.6776859504132,8.77685950413223,7.8099173553719,5
"243","NTASTU0001-58428","2016-04-21",-9,13.3801652892562,35.3636363636364,50.1322314049587,10.1652892561983
"244","NTASTU0002-58429","2016-04-29",-2,11.5289256198347,46.2644628099174,40.7603305785124,10.2479338842975
"245","NTASTU0003-58430","2016-04-29",-2,13.7851239669421,52.2892561983471,31.7438016528926,11.8595041322314
"246","NTASTU0004-58426","2016-04-29",-4,9.79338842975207,40.9917355371901,47.8512396694215,10.5537190082645
"247","NTASTU0005-58427","2016-04-29",-4,12.2396694214876,40.1157024793388,46.3223140495868,10.7851239669421
"248","NTATAN0001-58874","2020-08-07",2,34.801652892562,17.5867768595041,46.0578512396694,10.8512396694215
"249","NTATAN0002-58870","2020-08-07",2,34.9834710743802,20.1900826446281,43.3388429752066,10.8842975206612
"250","NTATAN0003-58871","2020-08-07",1,55.0330578512397,15.801652892562,27.1404958677686,7.50413223140496
"251","NTATAN0004-58875","2020-08-07",1,77.099173553719,17.702479338843,3,5.67768595041322
"252","NTTDAB0001-53580","2014-03-14",-3,2,62.6611570247934,33.6528925619835,17.1900826446281
"253","NTTDAC0001-53755","2014-03-29",11,3.31404958677686,51.702479338843,43.5289256198347,16.6859504132231
"254","NTTDMR0001-53582","2014-03-16",3,11.9421487603306,43.7272727272727,42.8842975206612,15.7355371900826
"255","NTTDMR0002-53581","2014-03-16",2,24.5537190082645,42.4380165289256,31.2396694214876,9.90082644628099
"256","NTTDMR0003-53583","2014-03-16",2,17.2644628099174,48.900826446281,32.2892561983471,11
"257","NTTMGD0001-53521","2014-03-15",0,8.94214876033058,49.4462809917355,40.5537190082645,12.6363636363636
"258","NTTPCK0001-53584","2014-03-22",3,16.6363636363636,53.8842975206612,28.3553719008264,17.8677685950413
"259","NTTSTU0001-53585","2014-03-15",0,3.83471074380165,53.0413223140496,41.702479338843,21.3305785123967
"260","QDABBN0001-58730","2019-04-09",2,20.297520661157,32.9586776859504,45.0495867768595,12.3801652892562
"261","QDABBN0002-58741","2019-04-09",1,3.49586776859504,46.8595041322314,48,16.1404958677686
"262","QDABBS0001-58708","2019-03-31",-4,11.099173553719,11.4628099173554,76.1157024793388,16.2231404958678
"263","QDABBS0002-58703","2019-03-31",-4,29.4297520661157,6.95867768595041,62.1157024793388,15.6198347107438
"264","QDABBS0003-58709","2019-03-31",-5,4.84297520661157,35.7355371900826,58.5371900826446,16.6446280991736
"265","QDABBS0004-58726","2019-03-31",-5,11.5454545454545,25.9256198347107,61.4710743801653,16.1818181818182
"266","QDABBS0005-58747","2019-03-31",-6,5.01652892561984,36.7520661157025,57.0165289256198,17.2066115702479
"267","QDABBS0006-58727","2019-04-10",0,15.5289256198347,35.6280991735537,47.3884297520661,19.2809917355372
"268","QDABBS0007-58711","2019-04-03",-7,17.8181818181818,34.5206611570248,46.3388429752066,14.3305785123967
"269","QDABBS0008-58728","2019-04-08",-3,74.7768595041322,7.36363636363636,16.2066115702479,4.87603305785124
"270","QDABBS0009-58729","2019-04-11",-2,5.82644628099174,50.2727272727273,42.6363636363636,17.8429752066116
"271","QDABBS0010-58963","2021-03-31",3,5.70247933884298,50.7520661157025,42.5454545454545,24.1239669421488
"272","QDACHC0001-53592","2013-04-21",-1,58.5950413223141,11.3057851239669,28.7190082644628,6.42148760330578
"273","QDACHC0002-53593","2013-04-29",5,48.3471074380165,16.3057851239669,33.6859504132231,7.56198347107438
"274","QDACHC0003-53467","2013-04-29",6,31.4214876033058,17.7107438016529,49.6776859504132,8.44628099173554
"275","QDACHC0004-53468","2013-05-29",10,24.2148760330579,18.6611570247934,55.8760330578512,10.0413223140496
"276","QDACHC0005-53522","2013-05-29",10,46.0413223140496,5.02479338842975,47.4049586776859,6.75206611570248
"277","QDACHC0006-53469","2013-05-14",-6,18.5454545454545,7.13223140495868,73,11.7768595041322
"278","QDACHC0007-53517","2013-05-29",9,52.801652892562,2.62809917355372,43.1157024793388,5.98347107438016
"279","QDACYP0001-58585","2018-06-22",15,13.1652892561983,52.4876033057851,33.1322314049587,13.2727272727273
"280","QDACYP0002-58586","2018-06-06",-1,16.7851239669421,52.0578512396694,30.0247933884298,12.198347107438
"281","QDACYP0003-58587","2018-06-06",-2,11.0661157024793,63.3388429752066,24.4545454545455,14.198347107438
"282","QDACYP0004-58588","2018-06-12",3,12.4132231404959,43.9752066115703,42.0165289256198,11.0743801652893
"283","QDACYP0005-58589","2018-06-12",2,9.69421487603306,49.198347107438,39.6446280991736,12.099173553719
"284","QDACYP0006-58591","2018-06-12",1,6.76859504132231,54.1404958677686,37.6115702479339,13.4297520661157
"285","QDACYP0007-58592","2018-06-12",1,12.900826446281,44.8099173553719,40.4628099173554,12.5867768595041
"286","QDACYP0008-58593","2018-06-12",0,9.00826446280992,53.9669421487603,35.4380165289256,13.7685950413223
"287","QDACYP0009-58594","2018-06-13",1,2.7603305785124,52.900826446281,43.1157024793388,15.2066115702479
"288","QDACYP0010-58595","2018-06-12",-2,6.93939393939394,48.1515151515151,43.1212121212121,22.030303030303
"289","QDACYP0011-58596","2018-05-27",-18,12.1239669421488,64.495867768595,21.7520661157025,11.8760330578512
"290","QDACYP0012-58597","2018-06-12",-3,2,87.1818181818182,8.33057851239669,19.8760330578512
"291","QDACYP0013-58598","2018-06-12",-22,4.4297520661157,66.4710743801653,27.2066115702479,15.5702479338843
"292","QDACYP0014-58599","2018-07-14",10,9.71074380165289,35.9173553719008,52.8347107438017,24.6115702479339
"293","QDACYP0015-58600","2018-07-30",25,11.404958677686,33.1239669421488,54.3388429752066,11.8264462809917
"294","QDACYP0016-58601","2018-07-30",24,15.3471074380165,38.4462809917355,44.7851239669422,13.6942148760331
"295","QDACYP0017-58602","2018-07-30",23,11.4876033057851,49.8677685950413,36.9421487603306,15.3140495867769
"296","QDACYP0018-58603","2018-07-21",13,50.7924528301887,36.9150943396226,11.3207547169811,6.68867924528302
"297","QDACYP0019-58604","2018-07-14",5,7.38842975206612,48.603305785124,42.4793388429752,11.6528925619835
"298","QDACYP0020-58615","2018-07-21",11,3.62105263157895,56.2947368421053,38.2631578947368,17.8947368421053
"299","QDACYP0021-58606","2018-07-21",11,3.62809917355372,69.9752066115702,24.1322314049587,17.4876033057851
"300","QDACYP0022-58607","2018-07-30",19,19.495867768595,43.3305785123967,35.5206611570248,12.9586776859504
"301","QDACYP0023-58608","2018-07-14",2,3.14876033057851,63.5454545454545,31.2892561983471,18.0413223140496
"302","QDACYP0024-58609","2018-07-14",1,3.92561983471074,65.6446280991736,28.6776859504132,19.9752066115702
"303","QDADEU0001-58888","2021-04-28",-2,8.31404958677686,39.9586776859504,50.2727272727273,13.4793388429752
"304","QDADEU0002-58962","2021-04-28",-3,12.6446280991736,36.1900826446281,49.8677685950413,11.7603305785124
"305","QDADEU0003-58898","2021-04-28",-3,4.48760330578512,56.4132231404959,37.5289256198347,15.3801652892562
"306","QDAEIU0001-53470","2013-06-08",-4,11.702479338843,16.0909090909091,71.1322314049587,24.4214876033058
"307","QDAEIU0002-53523","2013-06-16",4,22.0661157024793,23.404958677686,53.0826446280992,18.6528925619835
"308","QDAEIU0003-53471","2013-06-16",3,7.60330578512397,36.0247933884297,55.198347107438,14.9669421487603
"309","QDAEIU0004-53524","2013-06-16",3,8.63636363636364,38.2727272727273,52.0743801652893,15.1239669421488
"310","QDAEIU0005-53472","2013-09-28",-2,21.1735537190083,19.4710743801653,58.2314049586777,8.36363636363636
"311","QDAEIU0006-53473","2013-09-27",-4,6.21487603305785,42.2314049586777,50.1157024793388,15
"312","QDAEIU0007-53474","2013-09-27",-4,7.8099173553719,41.0909090909091,49.9090909090909,15.0909090909091
"313","QDAEIU0008-58882","2021-05-05",0,19.1239669421488,41.8760330578512,37.900826446281,11.2231404958678
"314","QDAEIU0009-58881","2021-05-05",0,11.9669421487603,49,37.7272727272727,11.1818181818182
"315","QDAEIU0010-58883","2021-05-30",-6,10.2809917355372,45.1652892561983,43.099173553719,13.2644628099174
"316","QDAGUP0001-53526","2013-06-16",0,12.4462809917355,20.6694214876033,65.7355371900826,12.900826446281
"317","QDAGUP0002-53475","2013-06-16",1,10.4628099173554,39.6859504132231,48.4628099173554,13.1818181818182
"318","QDAGUP0003-53527","2013-06-16",-1,39.3057851239669,16.0578512396694,42.8347107438017,7.92561983471074
"319","QDAGUP0004-53476","2013-07-25",-1,34.6528925619835,20.2396694214876,43.495867768595,8.45454545454546
"320","QDAGUP0005-53528","2013-06-23",5,16.6280991735537,29.3884297520661,52.7190082644628,10.8099173553719
"321","QDAGUP0006-53477","2013-06-23",4,22.396694214876,31.5785123966942,44.7107438016529,9.97520661157025
"322","QDAGUP0007-53478","2013-06-15",-4,29.75,1.25892857142857,67.7857142857143,9
"323","QDAGUP0008-53529","2013-06-23",3,16.3719008264463,26.8760330578512,55.4545454545455,11.8099173553719
"324","QDAGUP0009-53530","2013-06-23",3,35.6363636363636,5.96694214876033,57.0082644628099,9.43801652892562
"325","QDAGUP0010-53479","2013-06-22",1,32.1487603305785,21.1239669421488,45.297520661157,8.80165289256198
"326","QDAGUP0011-53531","2013-06-22",1,24.1652892561983,23.7272727272727,50.7107438016529,10.2892561983471
"327","QDAGUP0012-53525","2013-07-07",-3,36.6611570247934,4.99173553719008,56.8677685950413,8.47107438016529
"328","QDAGUP0013-53532","2013-07-07",-4,24.3223140495868,3.04132231404959,71.1900826446281,10.9504132231405
"329","QDAGUP0014-53480","2013-07-08",-3,10.7685950413223,9.49586776859504,78.4132231404959,9.76859504132231
"330","QDAGUP0015-53533","2013-07-15",3,8.27272727272727,14.8787878787879,75.7272727272727,9.63636363636364
"331","QDAGUP0016-53481","2013-07-16",4,13.7933884297521,19.6198347107438,65.2809917355372,10
"332","QDAGUP0017-53568","2013-07-15",3,37.7142857142857,14.9821428571429,45.8214285714286,6.01785714285714
"333","QDAGUP0018-53482","2013-07-16",3,5.14876033057851,36.0495867768595,57.3801652892562,11.2066115702479
"334","QDAGUP0019-53534","2013-07-16",2,37.9911504424779,46.0884955752212,14.3362831858407,11.2477876106195
"335","QDAGUP0020-53483","2013-07-15",0,11.7355371900826,22.2231404958678,64.6776859504132,10.6115702479339
"336","QDAGUP0021-53535","2013-07-16",0,14.495867768595,41.1487603305785,43.0578512396694,10.4132231404959
"337","QDAGUP0022-53484","2013-07-16",0,35.3223140495868,10.6859504132231,52.495867768595,5.98347107438016
"338","QDAGUP0023-53536","2013-07-16",-1,18.5702479338843,24.0413223140496,56.2066115702479,8
"339","QDAGUP0024-53485","2013-07-07",-10,30.0413223140496,4.25619834710744,64.4545454545455,4.52892561983471
"340","QDAGUP0025-53537","2013-07-15",-3,13.4545454545455,26.1735537190083,59.1157024793388,9.16528925619835
"341","QDAGUP0026-53486","2013-07-15",-3,14.1016949152542,23.2796610169492,61.3728813559322,9.15254237288136
"342","QDAGUP0027-53538","2013-07-16",-3,18.3719008264463,24.4214876033058,55.9338842975207,9.77685950413223
"343","QDAGUP0028-53487","2013-07-16",-3,15.0661157024793,27.3884297520661,56.2231404958678,11.6611570247934
"344","QDAGUP0029-53488","2013-09-27",3,25.1735537190083,17.2561983471074,56.1735537190083,7.82644628099174
"345","QDAGUP0030-53489","2013-09-27",2,16.2727272727273,22.3884297520661,59.8264462809917,8.17355371900826
"346","QDAGUP0031-53490","2013-09-27",3,24.3305785123967,20.3471074380165,53.7520661157025,8.44628099173554
"347","QDAMGD0001-53586","2013-04-13",-4,22.6115702479339,14.2892561983471,61.7768595041322,8.03305785123967
"348","QDAMGD0002-53587","2013-04-14",-4,34.9338842975207,19.8677685950413,43.801652892562,6.4297520661157
"349","QDAMGD0003-53491","2013-04-21",1,21.5289256198347,19.2561983471074,57.8760330578512,8.66115702479339
"350","QDAMGD0004-53588","2013-04-22",3,45.5206611570248,13.2314049586777,39.7190082644628,7.27272727272727
"351","QDAMGD0005-53589","2013-04-21",2,44.1818181818182,17.8677685950413,36.6694214876033,7.80165289256198
"352","QDAMGD0006-53492","2013-04-21",1,34.3140495867769,8.59504132231405,55.8595041322314,8.33884297520661
"353","QDAMGD0007-53590","2013-04-22",1,37.1652892561983,13.2066115702479,47.9917355371901,8.47107438016529
"354","QDAMGD0008-53493","2013-04-22",1,36.198347107438,6.72727272727273,55.9256198347107,7.97520661157025
"355","QDAMGD0009-53494","2013-04-21",-1,20.7768595041322,28.4297520661157,49.5454545454545,11.5289256198347
"356","QDAMGD0010-53591","2013-04-21",-2,29.1322314049587,33.1322314049587,36.2148760330578,12.8595041322314
"357","QDAMGD0011-53495","2013-04-21",-1,34.4017857142857,0.428571428571429,63.8482142857143,8.3125
"358","QDAMGD0012-53496","2013-04-22",-4,32.0661157024793,24.1322314049587,42.2809917355372,10.3057851239669
"359","QDAMGD0013-53539","2013-05-15",1,52.9090909090909,2.07438016528926,43.2396694214876,5.75206611570248
"360","QDAMGD0014-53497","2013-05-15",1,44.801652892562,2.44628099173554,51.1239669421488,5.09917355371901
"361","QDAMGD0015-53540","2013-05-15",0,32.9834710743802,10.3388429752066,55.0495867768595,5.19834710743802
"362","QDAMGD0016-53498","2013-05-15",0,25.6528925619835,10.1322314049587,62.8677685950413,7.23140495867769
"363","QDAMGD0017-53499","2013-05-23",7,19.0743801652893,1.96694214876033,77.8099173553719,10.0826446280992
"364","QDAMGD0018-53541","2013-05-23",7,19.3636363636364,1.6198347107438,77.7438016528926,9.77685950413223
"365","QDAMGD0019-53542","2013-05-14",-3,37.2396694214876,0.0991735537190083,61.6611570247934,8.55371900826446
"366","QDAMGD0020-53500","2013-05-14",-3,36.7355371900826,12.9586776859504,48.6528925619835,7.71900826446281
"367","QDAMGD0021-53543","2013-05-29",11,44.495867768595,2,51.8842975206612,5.0495867768595
"368","QDAMGD0022-53501","2013-05-29",11,44.2231404958678,4.60330578512397,49.5702479338843,6.64462809917355
"369","QDAMGD0023-53544","2013-05-29",8,14.8347107438017,32.4132231404959,51.2066115702479,12.5702479338843
"370","QDAMGD0024-53502","2013-05-21",0,54.900826446281,0.512396694214876,43.6198347107438,4
"371","QDAMGD0025-53545","2013-06-16",-1,24.3305785123967,26.4380165289256,47.6363636363636,11.4297520661157
"372","QDAMGD0026-53503","2013-06-16",0,31.2231404958678,21.4462809917355,45.9421487603306,11.3719008264463
"373","QDAMGD0027-56936","2014-03-11",1,33.8925619834711,34.8264462809917,29.7851239669421,9
"374","QDAMGD0028-56937","2014-03-11",0,24.3140495867769,38.198347107438,36.1404958677686,9
"375","QDAMII0001-53504","2013-07-07",-3,47.5537190082645,10.6859504132231,40.0082644628099,8.9504132231405
"376","QDAMII0002-53546","2014-03-11",0,27.6280991735537,24.6363636363636,46.5950413223141,9.97520661157025
"377","QDAMUL0001-53594","2013-04-22",-4,11.4545454545455,35.4710743801653,51.9256198347107,18.5206611570248
"378","QDAMUL0002-53505","2013-04-30",3,9.54545454545454,41.5702479338843,47.9586776859504,22.3553719008264
"379","QDAMUL0003-53595","2013-04-22",-4,16.1322314049587,30.1322314049587,52.0826446280992,18.0495867768595
"380","QDASEQ0001-58960","2021-03-24",0,0.173553719008264,81.8429752066116,16.7685950413223,25.4545454545455
"381","QDASEQ0002-58745",NA,NA,NA,NA,NA,NA
"382","QDASEQ0003-58961","2021-03-24",-1,0,75.5123966942149,23.4132231404959,25.9752066115702
"383","QDASEQ0004-58885","2021-03-24",-2,0,75.0661157024793,24.099173553719,25.7190082644628
"384","QDASSD0001-53756","2014-04-29",-1,56.4054054054054,3.27027027027027,39.1891891891892,7.62162162162162
"385","QDASSD0001-57621","2015-04-16",-9,NA,NA,NA,NA
"386","QDASSD0001-58680","2018-06-03",-8,NA,NA,NA,NA
"387","QDASSD0002-53757","2014-04-29",-2,71.2644628099174,8.59504132231405,18.5619834710744,6.28925619834711
"388","QDASSD0002-57622","2015-04-08",-8,NA,NA,NA,NA
"389","QDASSD0002-58681","2018-06-19",-2,NA,NA,NA,NA
"390","QDASSD0003-56912","2014-04-29",-2,63.1239669421488,6.41322314049587,28.9421487603306,7.02479338842975
"391","QDASSD0003-57623","2015-04-08",-8,NA,NA,NA,NA
"392","QDASSD0003-58682","2018-06-19",-2,NA,NA,NA,NA
"393","QDASSD0004-56913","2014-04-29",-3,56.0661157024793,2.87603305785124,39.6528925619835,7.71074380165289
"394","QDASSD0004-57624","2015-04-16",0,NA,NA,NA,NA
"395","QDASSD0004-58683","2018-06-27",-2,NA,NA,NA,NA
"396","QDASSD0005-56914","2014-04-29",-3,58.1239669421488,3.37190082644628,36.9752066115703,7.64462809917355
"397","QDASSD0005-57625","2015-05-02",6,NA,NA,NA,NA
"398","QDASSD0005-58684","2018-06-19",-3,NA,NA,NA,NA
"399","QDASSD0006-56915","2014-05-06",3,56.43,7.87,34.33,7.3
"400","QDASSD0006-57626","2015-04-16",-2,NA,NA,NA,NA
"401","QDASSD0006-58685","2018-06-19",2,NA,NA,NA,NA
"402","QDASSD0007-56916","2014-05-06",1,52.14,10.89,35.64,7.81
"403","QDASSD0007-57627","2015-04-23",3,NA,NA,NA,NA
"404","QDASSD0007-58686","2018-06-19",0,NA,NA,NA,NA
"405","QDASSD0008-56917","2014-05-07",3,42.2148760330578,15.6611570247934,40.6198347107438,9.14876033057851
"406","QDASSD0008-57628","2015-04-16",-4,NA,NA,NA,NA
"407","QDASSD0008-58687","2018-06-19",0,NA,NA,NA,NA
"408","QDASSD0009-56918","2014-05-07",3,27.9752066115702,18.1404958677686,52.5371900826446,10.8347107438017
"409","QDASSD0009-57629","2015-04-08",-13,NA,NA,NA,NA
"410","QDASSD0009-58688","2018-06-18",0,NA,NA,NA,NA
"411","QDASSD0010-56919","2014-05-07",2,59.4132231404959,6.1404958677686,32.5950413223141,8.54545454545454
"412","QDASSD0010-58689","2018-06-19",-1,NA,NA,NA,NA
"413","QDASSD0011-56920","2014-05-07",0,64.396694214876,12.6198347107438,20.801652892562,6.26446280991736
"414","QDASSD0011-57631","2015-04-24",1,NA,NA,NA,NA
"415","QDASSD0011-58690","2018-06-19",-3,NA,NA,NA,NA
"416","QDASSD0012-56921","2014-05-07",0,62.4462809917355,3.57851239669421,32.198347107438,5.22314049586777
"417","QDASSD0012-57632","2015-04-23",-1,NA,NA,NA,NA
"418","QDASSD0012-58691","2018-06-19",-4,NA,NA,NA,NA
"419","QDASSD0013-56922","2014-05-07",0,55.9586776859504,8.43801652892562,33.8347107438017,7.66115702479339
"420","QDASSD0013-57633","2015-04-23",-1,NA,NA,NA,NA
"421","QDASSD0013-58692","2018-04-24",-1,NA,NA,NA,NA
"422","QDASSD0014-56923","2014-05-07",-1,68.2892561983471,7.35537190082645,22.4793388429752,6.14876033057851
"423","QDASSD0014-57634","2015-04-16",-7,NA,NA,NA,NA
"424","QDASSD0014-58693","2018-06-26",3,NA,NA,NA,NA
"425","QDASSD0015-56924","2014-05-07",-1,62.5371900826446,10.1157024793388,25.3140495867769,6.8099173553719
"426","QDASSD0015-57635","2015-04-24",-1,NA,NA,NA,NA
"427","QDASSD0015-58694","2018-06-26",2,NA,NA,NA,NA
"428","SAABHC0001-58578","2018-04-18",-2,54.7355371900826,10.4710743801653,32.9173553719008,6.92561983471074
"429","SAABHC0001-58793","2019-10-06",1,NA,NA,NA,NA
"430","SAABHC0002-58563","2018-04-26",6,61.6198347107438,7.82644628099174,28.9586776859504,6.28925619834711
"431","SAABHC0002-58794","2019-10-07",0,NA,NA,NA,NA
"432","SAABHC0003-58577","2018-04-27",6,56.5123966942149,3.98347107438017,37.8099173553719,7.71074380165289
"433","SAABHC0003-58795","2019-10-07",-1,NA,NA,NA,NA
"434","SAABHC0004-58564","2018-04-19",-2,27.0909090909091,31.9090909090909,39.7851239669422,10.3636363636364
"435","SAABHC0004-58796","2019-10-07",1,NA,NA,NA,NA
"436","SAABHC0005-58797","2019-09-29",-4,76.7685950413223,1.9504132231405,19.702479338843,5
"437","SAABHC0006-58798","2019-10-07",3,75.9338842975207,2,19.6942148760331,5
"438","SAAEYB0001-57637","2015-10-18",6,15.3884297520661,39.2892561983471,43.8760330578512,14.2231404958678
"439","SAAEYB0002-58852","2020-08-20",0,7.79245283018868,44.2830188679245,46.4339622641509,18.4528301886792
"440","SAAEYB0003-58853","2020-09-13",-1,8.89256198347107,49.3636363636364,40.2479338842975,23.0330578512397
"441","SAAEYB0004-58846","2020-08-04",-15,16.655462184874,45.2436974789916,36.4705882352941,18.546218487395
"442","SAAEYB0005-58851",NA,NA,NA,NA,NA,NA
"443","SAAEYB0006-58850","2020-09-13",-18,8.90909090909091,49.1570247933884,40.6363636363636,22.4628099173554
"444","SAAEYB0007-58848","2020-08-19",1,11.7130434782609,34.7739130434783,51.9391304347826,38.1304347826087
"445","SAAEYB0008-58849","2020-09-13",-2,6.78512396694215,50.8347107438017,41.1157024793388,20.8760330578512
"446","SAAEYB0009-58841","2020-09-21",-7,13.6280991735537,43.4876033057851,41.3801652892562,16.3471074380165
"447","SAAEYB0010-58842","2020-09-20",-9,6.95867768595041,47.7768595041322,43.9917355371901,22.3388429752066
"448","SAAEYB0011-58847",NA,NA,NA,NA,NA,NA
"449","SAAEYB0012-58840","2020-09-05",-25,9.44628099173554,51.0165289256198,37.8181818181818,17.1157024793388
"450","SAAEYB0013-58845",NA,NA,NA,NA,NA,NA
"451","SAAEYB0021-58834","2020-09-12",1,26.5123966942149,23.5702479338843,48.3471074380165,11.5785123966942
"452","SAAEYB0022-58839","2020-09-12",0,13.396694214876,28.7851239669421,56.2479338842975,13.9256198347107
"453","SAAEYB0023-58835","2020-09-12",0,50.7438016528926,25.8677685950413,21.6611570247934,8.29752066115702
"454","SAAEYB0024-58836","2020-09-12",-1,36.9256198347107,32.702479338843,28.8512396694215,10.2396694214876
"455","SAAEYB0025-58844","2020-09-19",5,12.1570247933884,45.1900826446281,41.0495867768595,18.5619834710744
"456","SAAEYB0026-58843","2020-09-19",5,9.99173553719008,49.6363636363636,38.8181818181818,16.5702479338843
"457","SAAEYB0027-58854","2020-09-19",4,15.0743801652893,50.1322314049587,33.2231404958678,15.9338842975207
"458","SAAEYB0028-58829","2020-09-19",4,6.33884297520661,5.39669421487603,86.4876033057851,3.61157024793388
"459","SAAEYB0029-58855","2021-02-28",-2,56.504132231405,13.4628099173554,28.3388429752066,7.40495867768595
"460","SAAEYB0030-58856","2021-03-14",11,32.6776859504132,19.8181818181818,46.396694214876,22.1570247933884
"461","SAAEYB0031-58884","2021-02-28",-2,21.6942148760331,29.1735537190083,47.7520661157025,11.8925619834711
"462","SAAEYB0032-58899","2021-02-28",-4,35.3214285714286,17.5178571428571,46.0267857142857,10.1339285714286
"463","SAAEYB0033-58859","2021-02-28",-4,13.6198347107438,34.6776859504132,50.2314049586777,13.3140495867769
"464","SAAFLB0003-58033",NA,NA,NA,NA,NA,NA
"465","SAAFLB0003-58704",NA,NA,NA,NA,NA,NA
"466","SAAFLB0004-58526","2017-08-13",-4,NA,NA,NA,NA
"467","SAAFLB0005-58618",NA,NA,NA,NA,NA,NA
"468","SAAFLB0007-58620","2018-10-18",8,58.3140495867769,6.2396694214876,33.4710743801653,7.80165289256198
"469","SAAFLB0008-58621","2018-10-18",8,41.5454545454545,11.4132231404959,45.4132231404959,9.71074380165289
"470","SAAFLB0030-53506","2013-08-17",4,65.9752066115702,2.91735537190083,29.2314049586777,6.90909090909091
"471","SAAFLB0030-58617","2018-08-06",4,NA,NA,NA,NA
"472","SAAFLB0031-53507","2013-08-17",4,63.7107438016529,2.8595041322314,31.5785123966942,7.66115702479339
"473","SAAFLB0031-58616","2018-08-06",4,NA,NA,NA,NA
"474","SAAGAW0001-56992","2015-02-19",1,35.7438016528926,16.198347107438,46.504132231405,9.70247933884298
"475","SAAGAW0002-56993","2015-02-19",1,38.0413223140496,12.0247933884298,48.4049586776859,8.09917355371901
"476","SAAGAW0003-56994","2015-02-19",2,26.9834710743802,20.9834710743802,50.603305785124,12.4710743801653
"477","SAAGAW0005-58748","2019-05-20",-1,53.4049586776859,1.1404958677686,44.0082644628099,7.37190082644628
"478","SAAGAW0006-58717","2019-05-20",-2,58.9732142857143,13.3928571428571,26.1339285714286,7.65178571428571
"479","SAAGAW0007-58749","2019-05-20",-2,61.1743119266055,11.256880733945,26.0366972477064,7.35779816513761
"480","SAAGAW0008-58750","2019-05-20",-3,47.7438016528926,2.66115702479339,48.8181818181818,4.52892561983471
"481","SAAGVD0001-56925","2014-08-30",-4,37.504132231405,16.0826446280992,44.7933884297521,9.14049586776859
"482","SAAGVD0002-56926","2014-08-30",-4,44.0909090909091,15.0330578512397,39.3884297520661,8
"483","SAAGVD0003-56927","2014-08-31",-4,40.3553719008264,14.9421487603306,43.3223140495868,9.40495867768595
"484","SAAGVD0004-56947","2014-09-17",7,39.2396694214876,15.2479338842975,43.9504132231405,8.73553719008265
"485","SAAKAN0001-58610","2018-10-18",-1,22,48.0743801652893,27.9752066115702,12.7603305785124
"486","SAAKAN0001-58893","2020-09-13",-29,11.8677685950413,58.198347107438,28.702479338843,15.6363636363636
"487","SAAKAN0002-58630","2018-10-18",-2,8.27272727272727,58,31.8181818181818,23.5371900826446
"488","SAAKAN0002-58876",NA,NA,NA,NA,NA,NA
"489","SAAKAN0003-58622","2018-10-18",-3,8.2020202020202,52.5858585858586,37.7575757575758,16.5959595959596
"490","SAAKAN0003-58892",NA,NA,NA,NA,NA,NA
"491","SAAKAN0004-58623","2018-10-18",-4,12.7603305785124,51.4214876033058,34.1900826446281,18.5785123966942
"492","SAAKAN0004-58877",NA,NA,NA,NA,NA,NA
"493","SAAKAN0005-58624","2018-10-18",-5,5.24793388429752,60.3553719008264,32.5371900826446,25.2396694214876
"494","SAAKAN0005-58891",NA,NA,NA,NA,NA,NA
"495","SAAKAN0006-58625","2018-10-26",2,7.7603305785124,41.8925619834711,49.3471074380165,16.6942148760331
"496","SAAKAN0007-58632","2018-10-25",0,16.3388429752066,48.198347107438,33.7355371900826,23.9669421487603
"497","SAAKAN0007-58878","2020-09-28",-9,50.4903846153846,23.0769230769231,24.8076923076923,12.0576923076923
"498","SAAKAN0008-58626","2018-10-26",0,4.9,49.3727272727273,44.4272727272727,19.0090909090909
"499","SAAKAN0008-58894",NA,NA,NA,NA,NA,NA
"500","SAAKAN0009-58634","2018-10-26",-1,18.7272727272727,43.1818181818182,36.3636363636364,29.5454545454545
"501","SAAKAN0009-58901",NA,NA,NA,NA,NA,NA
"502","SAAKAN0010-58627","2018-10-26",-2,10.5619834710744,45.5537190082645,42.2314049586777,37.1570247933884
"503","SAAKAN0010-58895","2020-11-01",18,8.57851239669422,51.4710743801653,38.2231404958678,19.2892561983471
"504","SAAKAN0011-58628",NA,NA,NA,NA,NA,NA
"505","SAAKAN0011-58879",NA,NA,NA,NA,NA,NA
"506","SAAKAN0012-58629","2018-10-10",-20,19.9504132231405,44,34.7851239669422,15.1074380165289
"507","SAAKAN0012-58896","2020-11-01",17,16.9504132231405,50.3140495867769,30.9834710743802,15.6942148760331
"508","SAAMDD0007-53742","2011-06-26",10,11.9917355371901,39.2066115702479,47.495867768595,12.6363636363636
"509","SAAMDD0007-58833","2020-06-26",-12,43.2231404958678,18.7272727272727,36.4214876033058,8.77685950413223
"510","SAAMDD0008-53743","2011-06-26",9,0.148760330578512,51.5371900826446,47.3305785123967,19.8677685950413
"511","SAAMDD0008-58832","2020-07-04",-3,9.84297520661157,42.3471074380165,46.8595041322314,19.8760330578512
"512","SAAMDD0009-53744",NA,NA,NA,NA,NA,NA
"513","SAAMDD0009-58830","2020-07-04",-4,20.4876033057851,28.1735537190083,50.0165289256198,11.9173553719008
"514","SAAMDD0010-53700","2011-06-26",6,11.2479338842975,39.8512396694215,47.5785123966942,16.8760330578512
"515","SAAMDD0010-58831","2020-07-04",-5,17.396694214876,28.7355371900826,52.7438016528926,17.0247933884298
"516","SAAMDD0011-53745",NA,NA,NA,NA,NA,NA
"517","SAAMDD0011-58828","2020-07-04",-5,13.3057851239669,33.7520661157025,52.0330578512397,14.6363636363636
"518","SAANUL0001-56948","2014-09-17",8,32.3801652892562,16.6942148760331,49.5206611570248,9.13223140495868
"519","SAANUL0002-56949","2014-09-16",5,26.0413223140496,20.1322314049587,52.2727272727273,10.3057851239669
"520","SAANUL0003-56950","2014-09-08",-3,34.0743801652893,10.5289256198347,53.900826446281,17.5371900826446
"521","SAANUL0004-56951","2014-09-16",4,37.3223140495868,10.4214876033058,50.7603305785124,7.22314049586777
"522","SAASTP0001-53719","2012-06-24",-3,25.5454545454545,8.77272727272727,64.1022727272727,7.48863636363636
"523","SAASTP0002-53720","2012-06-24",-4,28.2396694214876,4.68595041322314,65.7190082644628,7.11570247933884
"524","SAASTP0003-53721","2012-06-24",-5,37.9090909090909,1.07438016528926,59.900826446281,6.9504132231405
"525","SAASTP0004-53722","2012-06-24",-7,40.8264462809917,11.2148760330579,46.5867768595041,7.0495867768595
"526","SAASTP0005-53723","2012-07-10",8,29.5289256198347,22.1487603305785,46.603305785124,7.55371900826446
"527","SAASTP0006-57066","2012-08-04",-4,10.3719008264463,47.9421487603306,39.7768595041322,11.099173553719
"528","SAASTP0007-53724","2012-08-11",2,19.2396694214876,16.2314049586777,62.8264462809917,8.09917355371901
"529","SAASTP0008-53725","2012-08-11",1,70.0743801652893,4.37190082644628,24.1900826446281,5
"530","SAASTP0009-53726","2012-08-04",-7,24.1271186440678,38.7203389830508,35.4745762711864,10.1525423728814
"531","SAASTP0010-53727","2012-08-11",-1,63.0826446280992,0.0743801652892562,35.8925619834711,5.9504132231405
"532","SAASTP0011-53728","2012-08-11",-2,54.7685950413223,0,44.2314049586777,4.37190082644628
"533","SAASTP0012-53729","2012-08-27",13,52.4297520661157,0.0247933884297521,46.6198347107438,7.36363636363636
"534","SAASTP0013-53730","2012-08-11",-4,55.495867768595,0.148760330578512,43.4049586776859,7.0495867768595
"535","SAASTP0014-57067","2012-09-05",-8,60.1214953271028,0.560747663551402,38.5420560747664,5.58878504672897
"536","SAASTP0015-53715","2012-08-20",-23,59.1157024793388,2.58677685950413,36.9256198347107,4.90082644628099
"537","SAASTP0016-53716","2012-09-21",7,39.3719008264463,6.25619834710744,52.9504132231405,6.96694214876033
"538","SAASTP0017-53717","2012-09-21",5,30.9421487603306,11.9917355371901,55.7272727272727,9.39669421487603
"539","SAASTP0018-53718","2012-09-05",-11,52.7355371900826,0.71900826446281,45.3719008264463,6.09917355371901
"540","SAASTP0019-53731","2012-09-21",4,55.1900826446281,0.0495867768595041,43.8181818181818,5.58677685950413
"541","SAASTP0020-53732","2012-09-05",-13,66.8595041322314,0.0991735537190083,32.2314049586777,5
"542","SAASTP0021-53733","2012-09-21",3,59.6942148760331,0.247933884297521,39.0578512396694,7.47107438016529
"543","SAASTP0022-53735","2012-10-14",-3,30.9669421487603,0.371900826446281,67.7107438016529,7.6198347107438
"544","SAASTP0023-53736","2012-10-14",-4,32.5867768595041,1.11570247933884,65.2231404958678,7.54545454545455
"545","SAASTP0024-53737","2012-10-30",11,46.4380165289256,0,52.6115702479339,9
"546","SAASTP0025-53734","2012-10-14",-5,45.8,0,53.4181818181818,9.12727272727273
"547","SAASTP0026-53738","2012-10-14",-6,46.8099173553719,0,52.4380165289256,8
"548","SAASTP0027-53739","2012-10-14",-7,48.9338842975207,0,50.1074380165289,8
"549","SAASTP0028-53740","2012-10-30",2,49.9256198347107,0.983471074380165,47.6694214876033,8.29752066115702
"550","SAASTP0029-53741","2012-10-23",0,57.4297520661157,0,41.6942148760331,6.49586776859504
"551","SAASTP0030-56935","2013-08-17",-2,56.7272727272727,2.42148760330579,39.0495867768595,7.44628099173554
"552","SAASTP0031-56938","2013-08-17",-3,57.9504132231405,3.14876033057851,37.0578512396694,6.84297520661157
"553","SAASTP0032-56939","2013-08-17",-3,50.3057851239669,2,46.0909090909091,8.47933884297521
"554","SAASTP0033-58724","2019-05-20",-3,61.6446280991736,0.454545454545455,36.7190082644628,8.30578512396694
"555","SAASTP0034-58751","2019-05-20",-4,53.4214876033058,1.39669421487603,43.8181818181818,6.05785123966942
"556","SASMDD0001-53710","2012-09-25",4,27.8264462809917,25.5702479338843,45.099173553719,12.1074380165289
"557","SASMDD0001-58760","2019-05-08",6,52.1038961038961,20.974025974026,25.7922077922078,7.90909090909091
"558","SASMDD0002-53711","2012-09-25",2,19.396694214876,31.801652892562,47.5867768595041,13.4628099173554
"559","SASMDD0003-57009","2015-04-19",-12,48.9059829059829,18.7008547008547,30.7863247863248,8.05982905982906
"560","SASMDD0004-56997","2015-04-19",-4,19.4628099173554,18.5785123966942,60.7107438016529,11.9256198347107
"561","SASMDD0004-57013","2013-01-15",-7,31.4462809917355,7.19834710743802,60.0330578512397,9.07438016528926
"562","SASMDD0005-53712","2012-09-25",1,23.4368932038835,17.9514563106796,57.6601941747573,12.4757281553398
"563","SASMDD0005-57006","2015-04-19",-10,28.6611570247934,12.7272727272727,57.3140495867769,10.4876033057851
"564","SASMDD0006-53713","2012-09-25",0,30.2727272727273,23.3719008264463,44.8842975206612,11.3801652892562
"565","SASMDD0006-57007","2015-04-11",-18,29.9173553719008,21.2314049586777,47.7520661157025,10.3636363636364
"566","SASMDD0006-58759","2019-05-08",7,31.353982300885,20.0442477876106,47.3628318584071,10.1592920353982
"567","SASMDD0008-57638","2015-04-19",-7,12.3140495867769,41.2148760330578,44.900826446281,16.1157024793388
"568","SASMDD0008-58757","2019-04-22",-8,13.9752066115702,32.1404958677686,52.6859504132231,13.7768595041322
"569","SASMDD0009-57008","2015-05-05",5,34.9090909090909,24.7272727272727,38.9421487603306,8.49586776859504
"570","SASMDD0011-56998","2015-04-19",-5,21.9669421487603,18.198347107438,58.6115702479339,12.099173553719
"571","SASMDD0011-57068","2012-12-30",14,33.8264462809917,8.15702479338843,56.5206611570248,10.0247933884298
"572","SASMDD0012-56974","2013-10-30",-20,17.6545454545455,30.0818181818182,50.8727272727273,13.1181818181818
"573","SASMDD0013-56979","2013-10-30",-19,40.0495867768595,22.198347107438,36.5785123966942,9.42148760330578
"574","SASMDD0014-56980","2013-10-30",-21,40.504132231405,15.8760330578512,42.4297520661157,8.43801652892562
"575","SASMDD0016-57000","2015-04-19",-6,18.2644628099174,18.0413223140496,62.3884297520661,27.0330578512397
"576","SASMDD0017-56999","2015-04-19",-5,29.1322314049587,23.4876033057851,45.8677685950413,14.8264462809917
"577","SASMDD0017-58021","2014-11-10",11,36.396694214876,19.8512396694215,42.1487603305785,10.1157024793388
"578","SASMDD0018-57010","2015-05-05",3,33.7169811320755,16.0188679245283,48.9528301886792,13.4150943396226
"579","SASRIV0001-57603","2015-05-05",7,37.9090909090909,16.2727272727273,44.5454545454545,7
"580","SASRIV0001-58758","2019-04-22",-8,42.0909090909091,1.33884297520661,55.6198347107438,7.85123966942149
"581","SASRIV0002-57604","2015-05-05",7,49.9913043478261,20.0434782608696,28.4782608695652,6.96521739130435
"582","SATEYB0001-56940","2014-10-24",-4,15.0578512396694,31.8099173553719,51.6528925619835,12.6446280991736
"583","SATEYB0001-58665","2018-09-25",0,NA,NA,NA,NA
"584","SATEYB0002-56991","2014-10-23",-7,14.9917355371901,36.4793388429752,47.0495867768595,14.0826446280992
"585","SATEYB0002-58662","2018-09-08",-4,NA,NA,NA,NA
"586","SATFLB0001-53698",NA,NA,NA,NA,NA,NA
"587","SATFLB0001-58672","2018-09-25",1,11.2727272727273,38.6363636363636,48.6363636363636,16.7272727272727
"588","SATFLB0002-53703","2012-07-30",-15,6.25,50.75,42,18.75
"589","SATFLB0002-58675","2018-09-25",0,7.2,54.3714285714286,36.6,20.9428571428571
"590","SATFLB0003-53704","2012-07-30",-16,29.9,48.8,19.6,23.1
"591","SATFLB0003-58674","2018-09-25",1,7.1404958677686,54.8595041322314,36.4132231404959,19.7685950413223
"592","SATFLB0004-53705",NA,NA,NA,NA,NA,NA
"593","SATFLB0004-58658",NA,NA,NA,NA,NA,NA
"594","SATFLB0005-53706",NA,NA,NA,NA,NA,NA
"595","SATFLB0005-58656",NA,NA,NA,NA,NA,NA
"596","SATFLB0006-53708","2012-08-06",-15,12,36,50,18
"597","SATFLB0006-58655","2018-08-15",3,21.5090909090909,32.4,44.5818181818182,16.8272727272727
"598","SATFLB0007-53709",NA,NA,NA,NA,NA,NA
"599","SATFLB0007-58657",NA,NA,NA,NA,NA,NA
"600","SATFLB0008-53752",NA,NA,NA,NA,NA,NA
"601","SATFLB0008-58670",NA,NA,NA,NA,NA,NA
"602","SATFLB0009-53753",NA,NA,NA,NA,NA,NA
"603","SATFLB0009-58659",NA,NA,NA,NA,NA,NA
"604","SATFLB0010-53714",NA,NA,NA,NA,NA,NA
"605","SATFLB0010-58673",NA,NA,NA,NA,NA,NA
"606","SATFLB0011-53754",NA,NA,NA,NA,NA,NA
"607","SATFLB0011-58671",NA,NA,NA,NA,NA,NA
"608","SATFLB0012-53699",NA,NA,NA,NA,NA,NA
"609","SATFLB0012-58677",NA,NA,NA,NA,NA,NA
"610","SATFLB0013-53701",NA,NA,NA,NA,NA,NA
"611","SATFLB0013-58664",NA,NA,NA,NA,NA,NA
"612","SATFLB0014-53702",NA,NA,NA,NA,NA,NA
"613","SATFLB0014-58667",NA,NA,NA,NA,NA,NA
"614","SATFLB0015-53707",NA,NA,NA,NA,NA,NA
"615","SATFLB0015-58676",NA,NA,NA,NA,NA,NA
"616","SATFLB0016-53547","2013-08-02",-4,36.8925619834711,19.3471074380165,42.3884297520661,11.0909090909091
"617","SATFLB0016-58651","2018-08-08",0,34.9338842975207,18.0413223140496,45.5289256198347,9.5702479338843
"618","SATFLB0017-53548",NA,NA,NA,NA,NA,NA
"619","SATFLB0017-58644",NA,NA,NA,NA,NA,NA
"620","SATFLB0018-53549",NA,NA,NA,NA,NA,NA
"621","SATFLB0018-58650",NA,NA,NA,NA,NA,NA
"622","SATFLB0019-53550",NA,NA,NA,NA,NA,NA
"623","SATFLB0019-58645",NA,NA,NA,NA,NA,NA
"624","SATFLB0020-53551","2013-08-17",7,32.4462809917355,22.1652892561983,43.9338842975207,12.3553719008264
"625","SATFLB0020-58648","2018-08-08",1,29.2727272727273,24.2727272727273,44.9090909090909,12.0909090909091
"626","SATFLB0021-53552","2013-08-17",3,21,25,52,14
"627","SATFLB0021-58641","2018-08-08",-1,23.771186440678,17.2627118644068,57.5169491525424,10.2627118644068
"628","SATFLB0022-53553","2013-08-17",3,22.3223140495868,24.9752066115702,51.3719008264463,14.3057851239669
"629","SATFLB0022-58649","2018-08-08",-1,21.4710743801653,27.4462809917355,49.7272727272727,12.1322314049587
"630","SATFLB0023-53554","2013-08-17",2,39.3863636363636,15.1363636363636,43.5454545454545,9.27272727272727
"631","SATFLB0023-58712","2018-08-07",-4,40.0272727272727,8.58181818181818,49.7363636363636,7.87272727272727
"632","SATFLB0024-53555","2013-08-17",1,48.4793388429752,19.2727272727273,30.297520661157,8.73553719008265
"633","SATFLB0024-58713","2018-08-15",4,57.3223140495868,7.86776859504132,33.2148760330578,8.05785123966942
"634","SATFLB0025-53556","2013-08-17",0,35.4545454545455,25.3057851239669,37.4628099173554,13.9256198347107
"635","SATFLB0025-58714","2018-08-15",2,39.2561983471074,17.4214876033058,41.6446280991736,13.4462809917355
"636","SATFLB0026-57001",NA,NA,NA,NA,NA,NA
"637","SATFLB0026-58678",NA,NA,NA,NA,NA,NA
"638","SATFLB0027-56975",NA,NA,NA,NA,NA,NA
"639","SATFLB0027-58669",NA,NA,NA,NA,NA,NA
"640","SATFLB0028-56995","2014-11-09",3,10.7692307692308,25.1794871794872,62.8974358974359,11.0769230769231
"641","SATFLB0028-58668","2018-09-16",2,NA,NA,NA,NA
"642","SATKAN0001-53688",NA,NA,NA,NA,NA,NA
"643","SATKAN0001-58695","2018-11-11",-9,0.677685950413223,66.4380165289256,31.6363636363636,25.6446280991736
"644","SATKAN0002-53689",NA,NA,NA,NA,NA,NA
"645","SATKAN0002-58679","2018-12-06",8,3.6198347107438,56.4214876033058,38.603305785124,22.198347107438
"646","SATKAN0003-56996","2014-10-24",-10,2.27272727272727,57.6280991735537,38.7768595041322,21.2231404958678
"647","SATKAN0003-58701","2018-10-27",-17,NA,NA,NA,NA
"648","SATKAN0004-56928","2014-11-01",-4,7.47933884297521,43.900826446281,47.3471074380165,13.7355371900826
"649","SATKAN0004-58696","2018-09-25",-7,NA,NA,NA,NA
"650","SATSTP0001-53557","2013-08-10",0,52.36,3.99,41.83,7.07
"651","SATSTP0001-58652","2018-08-08",-2,58.2066115702479,2.12396694214876,37.7190082644628,6.33057851239669
"652","SATSTP0002-53558","2013-08-10",-2,70.5123966942149,12.8760330578512,14.9256198347107,5.77685950413223
"653","SATSTP0002-58646","2018-08-08",-2,67.1487603305785,10.1074380165289,20.8181818181818,5.9504132231405
"654","SATSTP0003-53511","2013-08-17",2,59.8099173553719,4.00826446280992,34.4710743801653,7.21487603305785
"655","SATSTP0003-58638","2018-08-07",3,64.4462809917355,0.0495867768595041,34.3801652892562,6.1900826446281
"656","SATSTP0004-53512","2013-08-17",2,31.6611570247934,18.0082644628099,48.8595041322314,12.4710743801653
"657","SATSTP0004-58642","2018-07-30",-4,NA,NA,NA,NA
"658","SATSTP0005-53513","2013-08-17",0,68.5206611570248,11.0165289256198,18.5371900826446,5.83471074380165
"659","SATSTP0005-58639","2018-08-07",2,NA,NA,NA,NA
"660","SATSTP0006-53514","2013-08-17",0,34.2314049586777,20.8595041322314,43.3719008264463,7.82644628099174
"661","SATSTP0006-58640","2018-08-07",3,NA,NA,NA,NA
"662","SATSTP0007-53515","2013-08-17",-1,20.3553719008264,19.6280991735537,58.4297520661157,8.2396694214876
"663","SATSTP0007-58637","2018-07-30",-5,NA,NA,NA,NA
"664","SATSTP0008-53516","2013-08-17",-1,53.1900826446281,4.66942148760331,40.5371900826446,7.62809917355372
"665","SATSTP0008-58643","2018-08-07",2,NA,NA,NA,NA
"666","TCABEL0001-58801","2020-02-17",18,17.1157024793388,28.6694214876033,52.8760330578512,10.5123966942149
"667","TCABEL0002-58799","2020-02-17",17,14.1570247933884,33.7272727272727,50.396694214876,22.4793388429752
"668","TCABEL0003-58803","2020-01-16",-15,5.41322314049587,47.0082644628099,46.3057851239669,17.3305785123967
"669","TCATCH0001-58823","2020-02-16",14,5.82644628099174,51.5619834710744,40.9586776859504,26.8264462809917
"670","TCATCH0002-58805","2020-02-16",12,4.8595041322314,38.3884297520661,56.1074380165289,14.9504132231405
"671","TCATCH0003-58825","2020-01-16",-19,9.60330578512397,35.4628099173554,53.6776859504132,16.0165289256198
"672","TCATCH0004-58806","2020-02-16",11,10.8979591836735,35.1020408163265,52.6122448979592,18.6734693877551
"673","TCATCH0005-58824","2020-02-16",10,18.2148760330579,25.7438016528926,54.6611570247934,16.0413223140496
"674","TCATCH0006-58807","2020-02-16",10,1.34710743801653,52.9586776859504,44.9669421487603,14.1322314049587
"675","TCATCH0007-58809","2020-02-16",9,8.11320754716981,45.9056603773585,44.8301886792453,24.5943396226415
"676","TCATCH0008-58821","2020-02-16",8,1.78512396694215,57.0082644628099,40.504132231405,21.595041322314
"677","TCATCH0009-58811","2020-02-16",8,21.5454545454545,16.7190082644628,60.2479338842975,17.8760330578512
"678","TCATCH0010-58826","2020-02-16",7,5.1900826446281,52.3057851239669,41.504132231405,23.7933884297521
"679","TCATCH0011-58827","2020-02-16",6,19.5123966942149,24.4380165289256,54.702479338843,19.1322314049587
"680","TCATCH0012-58822","2020-02-16",5,3.2396694214876,57.2892561983471,38.4710743801653,16.6694214876033
"681","TCATNM0001-58742","2019-11-21",0,2.71074380165289,52.5454545454545,43.702479338843,20.0330578512397
"682","TCATNM0002-58782","2019-11-21",-1,4.03260869565217,46.5760869565217,48.0652173913044,12.9673913043478
"683","TCATNM0003-58775","2019-11-21",-2,2.29752066115702,42.297520661157,54.3305785123967,14.6528925619835
"684","TCATNM0004-58785","2019-11-21",-3,1.45454545454545,45.8925619834711,51.702479338843,16.6446280991736
"685","TCATNM0005-58792",NA,NA,NA,NA,NA,NA
"686","TCATNM0006-58800","2019-11-29",3,9.28099173553719,48.0909090909091,41.1818181818182,13.2066115702479
"687","VCAAUA0001-58565","2018-01-17",-5,5.32231404958678,67.2644628099174,25.5371900826446,17.6280991735537
"688","VCAAUA0002-58635","2018-01-25",2,1.66942148760331,66.5867768595041,30.2727272727273,16.4628099173554
"689","VCAAUA0003-58567","2018-01-25",1,0,71.8595041322314,27.2148760330579,24.2809917355372
"690","VCAAUA0005-58570","2018-01-17",-8,7.80165289256198,65.9504132231405,24.2479338842975,15.1157024793388
"691","VCAAUA0007-58543","2018-01-25",-2,4.58677685950413,65.9173553719008,27.8842975206612,15
"692","VCAAUA0008-58544","2018-02-10",14,0.058252427184466,68.495145631068,30.4757281553398,24.8155339805825
"693","VCAAUA0009-58569","2018-01-17",-11,2.12396694214876,71.7520661157025,24.1735537190083,22.2396694214876
"694","VCAAUA0010-58546","2018-02-02",4,23.3928571428571,57.75,17.3928571428571,10.9732142857143
"695","VCAAUA0011-58540","2018-01-25",-5,0.694214876033058,68.8842975206612,28.9586776859504,16.9173553719008
"696","VCAAUA0012-58613","2018-01-09",-22,0.280373831775701,66.8878504672897,31.6915887850467,17.2990654205607
"697","VCAAUA0013-58541","2018-02-02",0,4.90495867768595,64.4876033057851,29.0206611570248,14.7148760330579
"698","VCAAUA0014-58571","2018-02-02",0,4.62121212121212,64.1313131313131,29.510101010101,15.1010101010101
"699","VCAAUA0015-58539","2018-02-10",7,7.41964285714286,62.2589285714286,28.5982142857143,14.6785714285714
"700","VCAMDD0001-57011","2015-01-22",2,61.0413223140496,11.4876033057851,26.0495867768595,6.64462809917355
"701","VCAMDD0002-56990","2015-01-22",2,23.9504132231405,17.5785123966942,57.2727272727273,10.9090909090909
"702","VCAMDD0003-57012","2015-01-22",1,25.404958677686,26.801652892562,46.2561983471074,11.1074380165289
"703","WAAAVW0001-58517","2016-09-30",-4,11.5702479338843,19.4710743801653,67.6694214876033,15.5537190082645
"704","WAAAVW0002-58518","2016-09-30",-5,8.43801652892562,25.198347107438,65.0578512396694,15.0661157024793
"705","WAAAVW0003-58519","2016-09-29",-7,7.96694214876033,38.0330578512397,52.8512396694215,18.2148760330579
"706","WAAAVW0004-58520","2016-09-29",-7,8.86776859504132,36.2892561983471,54.0247933884297,17.2644628099174
"707","WAAAVW0005-58768","2019-08-28",1,26.0578512396694,25.396694214876,47.3305785123967,11.4545454545455
"708","WAAAVW0006-58810","2019-08-28",0,18.8677685950413,29.2809917355372,50.702479338843,11.2396694214876
"709","WAAAVW0007-58772","2019-08-20",-8,21.3388429752066,18.9586776859504,58.4545454545455,10.9421487603306
"710","WAACAR0001-58777","2019-07-25",-1,52.3884297520661,20.4132231404959,25.6115702479339,6.97520661157025
"711","WAACAR0002-58776","2019-07-25",-1,25.6859504132231,25.0247933884298,48.2396694214876,10.5785123966942
"712","WAACAR0003-58778","2019-08-02",6,26.9421487603306,26.7851239669421,44.9752066115703,11.3305785123967
"713","WAACAR0004-58779","2019-07-25",-2,47.495867768595,11.7190082644628,39.4710743801653,25.7685950413223
"714","WAACEK0001-58505","2016-06-12",3,28.5702479338843,27.0165289256198,42.9586776859504,12.9090909090909
"715","WAACEK0002-58506","2016-06-11",1,3.0948275862069,35.8793103448276,59.8965517241379,13.6293103448276
"716","WAACEK0003-58507",NA,NA,NA,NA,NA,NA
"717","WAACOO0001-53444","2013-07-04",2,14.8512396694215,25.2644628099174,59.0330578512397,22.7933884297521
"718","WAACOO0002-53445","2013-10-08",2,2.27272727272727,2,95.702479338843,8.16528925619835
"719","WAACOO0003-53447","2013-07-04",-6,16.900826446281,22.504132231405,59.5950413223141,19.495867768595
"720","WAACOO0004-53449","2014-07-15",1,16.0826446280992,30.3388429752066,52.7933884297521,19.9504132231405
"721","WAACOO0005-53446","2013-08-21",-2,40.8925619834711,9.29752066115702,48.2066115702479,16.5785123966942
"722","WAACOO0006-53438","2013-07-20",-3,3.12121212121212,16.7575757575758,79.9393939393939,13.8787878787879
"723","WAACOO0007-53440","2013-08-21",-2,7.89256198347107,40.9421487603306,49.6942148760331,16.2396694214876
"724","WAACOO0008-53442","2013-09-06",3,15.495867768595,31.2148760330579,52.4132231404959,16.404958677686
"725","WAACOO0009-53443","2013-10-08",5,41,10.8512396694215,46.3801652892562,8.86776859504132
"726","WAACOO0010-53441","2013-10-08",-7,52.6198347107438,9.90082644628099,35.7603305785124,8.18181818181818
"727","WAACOO0011-53439","2013-09-30",-4,1.22314049586777,2.65289256198347,94.900826446281,5.51239669421488
"728","WAACOO0012-53462","2014-03-01",-4,23,27.603305785124,47.9586776859504,11.5619834710744
"729","WAACOO0016-53459","2014-01-04",-2,15.1404958677686,4.28099173553719,79.3553719008264,8.64462809917355
"730","WAACOO0017-53460","2014-03-01",12,18.6859504132231,10.2561983471074,69.7520661157025,9.28925619834711
"731","WAACOO0018-53461","2014-03-01",9,18,14.198347107438,66.6280991735537,12.9090909090909
"732","WAACOO0019-53463","2014-03-01",-2,21.1404958677686,7.1900826446281,70.6446280991736,9.53719008264463
"733","WAACOO0020-53450","2013-11-01",2,42.5371900826446,15.7355371900826,40.099173553719,12.1322314049587
"734","WAACOO0021-53456","2013-11-01",0,33.099173553719,19.495867768595,45.9834710743802,12.9090909090909
"735","WAACOO0022-53453","2013-11-01",0,31.7685950413223,20.1074380165289,46.8760330578512,14.5702479338843
"736","WAACOO0023-53448","2013-11-09",-6,38.0413223140496,15.8181818181818,44.7355371900826,13.5371900826446
"737","WAACOO0024-53451","2013-11-26",0,24.8347107438017,15.0165289256198,59.0909090909091,17.4380165289256
"738","WAACOO0025-53452","2013-11-25",-4,49.5950413223141,7.82644628099174,40.9090909090909,11
"739","WAACOO0026-53454","2014-01-04",0,27.8595041322314,10.4545454545455,60.3140495867769,10.8099173553719
"740","WAACOO0027-53455","2014-01-20",-1,28.9752066115702,10.5702479338843,59.1239669421488,8.19834710743802
"741","WAACOO0028-53457","2014-01-12",2,30.3719008264463,13.7933884297521,54.3057851239669,9.84297520661157
"742","WAACOO0029-53458","2014-01-12",1,27.900826446281,16.9917355371901,53.702479338843,10.6363636363636
"743","WAACOO0030-56958","2014-06-25",-2,20.404958677686,33.7107438016529,44.5619834710744,12
"744","WAACOO0031-58512","2016-09-30",-3,25.6198347107438,16.2314049586777,56.7603305785124,11.6115702479339
"745","WAACOO0032-58511","2016-09-30",-3,26.7272727272727,9.95867768595041,62.099173553719,12.1487603305785
"746","WAADAL0001-58508","2016-06-11",-1,0.553719008264463,44.8842975206612,53.5371900826446,13.1239669421488
"747","WAADAL0002-58743","2019-07-05",1,42.4876033057851,8.84297520661157,47.2231404958678,6.78512396694215
"748","WAADAL0003-58767","2019-07-05",1,41.7933884297521,15.4297520661157,41.2066115702479,6.8595041322314
"749","WAADAL0004-58764","2019-07-05",0,8.40495867768595,41.1570247933884,49,12.2727272727273
"750","WAADAL0005-58815","2019-07-05",-1,12.1404958677686,37.4710743801653,48.9421487603306,12.2148760330579
"751","WAAESP0001-58516","2016-10-23",11,6.92561983471074,38.9421487603306,52.6942148760331,16.8925619834711
"752","WAAGAS0001-58420","2016-08-04",-4,67.7685950413223,2.08264462809917,28.2479338842975,9.81818181818182
"753","WAAGAS0002-58421","2016-08-04",-4,27.8347107438017,27.2479338842975,43.3884297520661,10.8181818181818
"754","WAAGES0001-58023","2016-09-02",3,23.1818181818182,26.2066115702479,49.5867768595041,10.9256198347107
"755","WAAGES0001-58802","2019-08-02",1,NA,NA,NA,NA
"756","WAAGES0002-58024","2016-09-02",3,12.1404958677686,30.4710743801653,56.2644628099174,16.4380165289256
"757","WAAGES0002-58732","2019-08-02",0,NA,NA,NA,NA
"758","WAAGES0003-58025","2016-09-02",2,16.1239669421488,31.7272727272727,50.9090909090909,13.1157024793388
"759","WAAGES0003-58731","2019-08-02",1,NA,NA,NA,NA
"760","WAAGES0004-58804","2019-08-02",0,36.3553719008264,17.9834710743802,44.0826446280992,7.92561983471074
"761","WAAGES0005-58808","2019-08-02",-1,34.6528925619835,8.97520661157025,54.9421487603306,7.23140495867769
"762","WAAGSD0001-58509","2016-06-17",3,58.5051546391753,14.4329896907216,25.2783505154639,6.61855670103093
"763","WAAGVD0001-56960","2014-07-02",2,27.7355371900826,22.2231404958678,48.7933884297521,13.9338842975207
"764","WAAHAM0001-56964","2014-06-26",2,30.8512396694215,40.4710743801653,27.4876033057851,11.1570247933884
"765","WAAHAM0002-56941","2014-06-26",2,17.7851239669421,25.900826446281,55.1157024793388,12.3140495867769
"766","WAAHAM0003-56959","2014-06-27",2,26.1900826446281,41.8429752066116,30.2479338842975,9.22314049586777
"767","WAAHAM0004-56942","2014-06-26",1,19.6198347107438,29.9834710743802,49.1239669421488,12.9338842975207
"768","WAAHAM0005-56961","2014-06-26",0,25.4793388429752,44.0082644628099,29.2148760330579,17.2727272727273
"769","WAAHAM0006-56944","2014-06-25",-3,16.1487603305785,46.2231404958678,35.8677685950413,18.9586776859504
"770","WAAJAF0001-58513","2016-09-29",-11,10.3884297520661,52.0247933884297,36.3884297520661,19.495867768595
"771","WAAJAF0002-58515","2016-10-15",4,3.37190082644628,72.7851239669422,22.5454545454545,17.8677685950413
"772","WAAJAF0003-58514","2016-10-15",3,17.7851239669421,41.7933884297521,39.1239669421488,11.0413223140496
"773","WAALSD0001-53569","2014-05-12",-3,41.7520661157025,13.6611570247934,43.1570247933884,10.0495867768595
"774","WAALSD0002-53570","2014-05-20",2,41,17.7851239669421,39.4628099173554,11.4132231404959
"775","WAALSD0003-53571","2014-05-20",-1,54.4462809917355,18.2148760330579,25.1404958677686,8.10743801652893
"776","WAAMAL0001-56962","2014-06-25",-2,15.2561983471074,39.7520661157025,43.5454545454545,17.6694214876033
"777","WAAMAL0002-58521","2016-09-30",-7,17.3305785123967,28.7438016528926,52.603305785124,11.6776859504132
"778","WAAMAL0003-58522","2016-09-30",-8,16.504132231405,28.9338842975207,53.1157024793388,13.6363636363636
"779","WAAMUR0001-58498","2016-09-30",-1,38.6280991735537,11.5206611570248,48.3388429752066,12.1900826446281
"780","WAAMUR0002-58510","2016-09-30",-1,44.9256198347107,7.73553719008264,45.7272727272727,12.9338842975207
"781","WAAMUR0003-58755","2019-08-19",-2,34.3388429752066,23.8181818181818,40.4380165289256,8.9504132231405
"782","WAAMUR0004-58813","2019-08-19",-3,38.3140495867769,19.4380165289256,41.1487603305785,8.30578512396694
"783","WAAMUR0005-58761","2019-08-19",-3,55.6528925619835,10.7438016528926,32.3801652892562,6.8595041322314
"784","WAAMUR0006-58763","2019-08-19",-4,53.1570247933884,9.92561983471074,35.6776859504132,6.90082644628099
"785","WAAMUR0007-58812","2019-08-19",-4,32.2892561983471,22.3305785123967,44.3553719008264,8.60330578512397
"786","WAAMUR0008-58765","2019-08-27",3,60.5289256198347,5.95867768595041,31.9090909090909,6.45454545454545
"787","WAAMUR0028-53572","2014-08-16",-1,42.0661157024793,14.603305785124,41.7107438016529,9.37190082644628
"788","WAAMUR0029-53573","2014-08-16",-3,40.5206611570248,9.18181818181818,48.5950413223141,11.0495867768595
"789","WAAMUR0030-53464","2014-03-25",-2,41.2314049586777,17.4793388429752,39.6611570247934,9.43801652892562
"790","WAAMUR0031-53465","2014-03-25",-3,41.4297520661157,12.8264462809917,44.2727272727273,9.87603305785124
"791","WAANOK0001-58752","2019-06-29",2,31.3636363636364,18.7768595041322,48.4380165289256,11.5123966942149
"792","WAANOK0002-58754","2019-06-29",1,22.7603305785124,23.8099173553719,52.3553719008264,12.4793388429752
"793","WAANOK0003-58773","2019-06-29",1,13.3553719008264,26.7851239669421,58.5289256198347,10.7768595041322
"794","WAANOK0004-58756","2019-06-29",0,7.21487603305785,33.6528925619835,57.9669421487603,12.2066115702479
"795","WAANOK0005-58746","2019-06-29",0,24.2314049586777,18.5867768595041,55.6611570247934,9.3801652892562
"796","WAANOK0006-58753","2019-06-29",-1,9.75206611570248,32.0743801652893,56.900826446281,12.5289256198347
"797","WAANOK0007-58762","2019-07-07",6,13.8595041322314,32.0909090909091,52.8925619834711,11.603305785124
"798","WAANOK0008-58744","2019-06-29",-2,9.83185840707965,28.8761061946903,59.7079646017699,12.0796460176991
"799","WAANUL0001-56966","2014-06-25",-4,39.3636363636364,23.4214876033058,35.4380165289256,9.14876033057851
"800","WAANUL0002-56945","2014-06-25",-4,31.8429752066116,25.0413223140496,41.6446280991736,9.03305785123967
"801","WAANUL0003-56946","2014-07-02",1,36.504132231405,19.4793388429752,42.603305785124,11.1322314049587
"802","WAANUL0004-56967","2014-07-03",1,34.3388429752066,27.4876033057851,36.8264462809917,9.28099173553719
"803","WAANUL0005-56931","2014-09-06",1,31.9173553719008,20.0909090909091,46.4628099173554,8.6198347107438
"804","WAANUL0006-56929","2014-09-06",0,39.5123966942149,20.1487603305785,38.9338842975207,7.85123966942149
"805","WAANUL0007-56932","2014-09-06",-1,31.5289256198347,26.2148760330579,40.6363636363636,8.99173553719008
"806","WAANUL0008-56933","2014-09-06",-1,54.0082644628099,9.37190082644628,34.8347107438017,6.70247933884298
"807","WAANUL0009-56934","2014-09-06",-2,38.6363636363636,11.9338842975207,47.9669421487603,9.38842975206612
"808","WAAPIL0001-57619","2015-04-27",-1,26.801652892562,28.3305785123967,43.3471074380165,17.7190082644628
"809","WAAPIL0002-57620","2015-04-26",-4,4.4297520661157,15.2561983471074,78.9752066115702,36.8099173553719
"810","WAAPIL0003-57601","2015-08-31",1,60.8429752066116,2.10743801652893,35.4214876033058,10.6776859504132
"811","WAAPIL0004-57085","2015-09-01",2,44.7107438016529,5.76859504132231,47.8264462809917,9.86776859504132
"812","WAAPIL0005-57618","2015-09-01",1,17.7190082644628,48.6528925619835,32.1157024793388,20.7933884297521
"813","WAAPIL0007-57602","2015-09-01",0,62.8512396694215,5.28099173553719,29.6363636363636,15.7355371900826
"814","WAAPIL0008-57605","2015-09-01",-1,31.9256198347107,13.9669421487603,52.7851239669422,9.87603305785124
"815","WAAPIL0009-57606","2015-09-01",-1,32.2892561983471,21.5454545454545,44.6198347107438,12.6363636363636
"816","WAAPIL0010-57607","2015-09-01",-2,60.9752066115703,12.1487603305785,24.702479338843,13.9256198347107
"817","WAAPIL0011-57608","2015-09-01",-3,51.0413223140496,10.8677685950413,36.0826446280992,11.8264462809917
"818","WAAPIL0012-57609","2015-09-01",-4,42.6198347107438,20.2479338842975,35.1818181818182,16
"819","WAAPIL0014-57611","2015-09-09",3,25.0495867768595,23.4132231404959,50.3057851239669,13.9421487603306
"820","WAAPIL0015-57613","2015-09-09",3,31.7,17.6818181818182,49.4090909090909,11
"821","WAAPIL0016-57615","2015-09-09",2,32.3223140495868,28.5206611570248,37.7272727272727,16.2727272727273
"822","WAAPIL0018-57617","2015-09-10",2,33.0165289256198,26.5123966942149,38.9421487603306,10.9421487603306
"823","WAAPIL0019-57614","2015-09-02",-7,46.8595041322314,17.3471074380165,34.2479338842975,12.3636363636364
"824","WAAPIL0020-58032","2016-08-02",5,58.396694214876,6.71074380165289,33.1652892561983,8.45454545454546
"825","WAAPIL0021-58034","2016-08-02",5,47.5206611570248,9.85950413223141,40.8181818181818,12.7933884297521
"826","WAAPIL0022-58035","2016-07-25",-4,33.3471074380165,18.8512396694215,46.6694214876033,13.4214876033058
"827","WAAPIL0023-58036","2016-08-03",3,24.0606060606061,24.7575757575758,49.8181818181818,15.2424242424242
"828","WAAPIL0024-58040","2016-08-03",2,47.5289256198347,18.603305785124,31.9669421487603,15.7107438016529
"829","WAAPIL0025-58043","2016-08-04",2,31.4462809917355,25,42.0826446280992,14.9669421487603
"830","WAAPIL0026-58044","2016-08-03",1,43.6776859504132,14.702479338843,40.0578512396694,12.7520661157025
"831","WAAPIL0027-58041","2016-08-04",1,40.5454545454545,22.3801652892562,35.3057851239669,9.54545454545454
"832","WAAPIL0028-58042","2016-08-03",0,42.2644628099174,17.2809917355372,38.9338842975207,11.2396694214876
"833","WAAPIL0029-58045","2016-08-04",0,37.495867768595,17.4462809917355,43.4049586776859,10.3553719008264
"834","WAAPIL0030-58057","2016-08-04",-1,33.7603305785124,11.3305785123967,53.4793388429752,13.3636363636364
"835","WAAPIL0031-58415","2016-08-03",-3,29.7685950413223,11.6611570247934,57.3636363636364,15.099173553719
"836","WAAPIL0032-58416","2016-08-03",-3,58.1810344827586,1.51724137931034,39.0775862068966,10.9224137931034
"837","WAAPIL0033-58417","2016-08-11",4,46.6363636363636,2.10743801652893,49.4545454545455,15.8595041322314
"838","WAAPIL0034-58418","2016-08-12",3,41.7272727272727,9.94214876033058,47.0661157024793,10.8925619834711
"839","WAAPIL0035-58419","2016-08-12",3,42.0247933884297,15.0082644628099,41.3471074380165,10.1404958677686
"840","WAASWA0001-58029","2016-09-03",1,10.1735537190083,43.1157024793388,45.1652892561983,18.0082644628099
"841","WAASWA0002-58030","2016-09-03",0,6.97520661157025,45.7438016528926,45.8677685950413,19.801652892562
"842","WAASWA0003-58031","2016-09-04",0,21.2148760330579,41.603305785124,35.9173553719008,16.5619834710744
"843","WAASWA0004-58499","2016-10-05",6,6.61157024793388,44.4876033057851,47.4710743801653,17.1487603305785
"844","WAAVIB0001-58494","2016-06-05",0,19.2479338842975,18.7520661157025,60.7190082644628,9.87603305785124
"845","WAAVIB0002-58497","2016-06-05",-1,24.1061946902655,18.787610619469,55.787610619469,10.5840707964602
"846","WAAVIB0003-58500","2016-06-05",-2,8.59504132231405,47.4876033057851,42.3223140495868,15.1074380165289
"847","WAAVIB0004-58504","2016-06-05",-3,12.8595041322314,35.5289256198347,50.1239669421488,14.6446280991736
"848","WAAYAL0001-58784","2019-07-24",-4,26.5619834710744,27.1900826446281,44.5537190082645,6.71074380165289
"849","WAAYAL0002-58818","2019-08-01",3,32.9090909090909,23.7603305785124,42.0165289256198,8.66942148760331
"850","WAAYAL0003-58780","2019-08-01",3,29.198347107438,37.9421487603306,31.6611570247934,12.702479338843
"851","WAAYAL0004-58820","2019-08-01",2,35.6776859504132,24.1818181818182,39.0413223140496,10.5206611570248
"852","WAAYAL0005-58781","2019-08-01",2,29.0495867768595,38.6611570247934,30.9669421487603,9.58677685950413
"853","WAAYAL0006-58766","2019-08-20",-6,26.702479338843,21.8677685950413,50.0661157024793,16.5206611570248
"854","WAAYAL0007-58819","2019-08-28",2,32.4628099173554,19.7768595041322,46.5123966942149,9.93388429752066
"855","WAAYAL0008-58814","2019-08-28",1,30.4380165289256,17.2892561983471,51.2727272727273,12.1487603305785
"856","WAGCOO0001-53613","2012-11-07",30,28.2314049586777,25.801652892562,44.7190082644628,10.801652892562
"857","WAGCOO0004-53615","2012-10-06",-4,32.1900826446281,10.6446280991736,56.2066115702479,9.85950413223141
