,SLGA_1,SLGA_2,SLGA_3,DER_000_999
NSABHC0015,0.7828087227514108,3.857306584388543,0.37488174679454983,49.353374
NSABHC0018,0.8920289241503025,3.2323305074533577,1.2695039385063127,36.07513
NSABHC0019,0.34227706087022086,3.2254566505712305,0.04250255104336658,48.75927
NSABHC0020,-0.3910663862865941,3.2943042542558536,0.39739211948381115,30.916204
NSABHC0021,1.006375729207988,4.63410087666928,0.568124181088649,37.56787
NSABHC0022,1.029162028122119,4.151949460096801,0.2804580448625599,7.89821
NSABHC0023,-2.2387155663145877,1.3978067639536982,-0.02220374677541452,59.728725
NSABHC0024,-1.1362309911292428,2.3482869614834074,-0.22238936083831964,57.8619
NSABHC0025,0.5615511123159405,4.014604627345994,0.6565151457719755,35.519543
NSABHC0026,-0.12022366704409178,3.163232149778938,-0.4074930226547956,56.60799
NSABBS0001,3.919473797169107,-0.5863223851982502,1.776444675580594,1.218544
NSABBS0002,4.079485884631869,-0.5043521804397529,0.5730106915456087,2.5273805
NSABBS0003,0.0016675560945596801,-1.0415004402173031,0.7178896437854496,44.21376
NSABBS0004,-0.2798592938697439,-1.028505373591093,1.1297070320812497,44.146587
NSABBS0005,-0.38357096999848006,-1.1789023490532926,1.1112732521613835,40.557777
NSABBS0006,-0.22552825277118266,-1.1279776115497009,1.4506301807860538,41.669144
NSABBS0007,11.711797785220808,7.560226201934867,1.0005752488411654,40.76725
NSABBS0008,11.515861321806845,7.2502401843676125,0.5415503014138474,32.036594
NSABBS0009,9.403448671890429,3.2313291806761333,2.5341593122185375,3.5650113
NSABBS0010,7.324568552230453,2.1385777716415095,2.6616301091035552,5.9737244
NSABBS0011,10.514408369525892,6.633530820657498,-0.5301842568216416,48.85251
NSABBS0012,2.1508794006274856,0.44889703229669364,-0.9472127616504297,4.71982
NSABHC0001,-1.0331172190319577,1.3993198799258084,-1.2191332761398883,3.36494
NSABHC0002,-1.1002726924574369,2.2841420647231976,-0.7105488097161958,4.433163
NSABHC0003,-1.4193519400206907,1.9621461903391217,-1.13285212586765,7.081241
NSABHC0004,0.9771357330447537,4.10285394121757,0.5173605328606964,47.128254
NSABHC0005,0.8711945595760847,4.477140380329598,0.3456166965387016,48.13492
NSABHC0006,-0.39732457149093386,3.635635974320837,0.2321617832233291,6.716973
NSABHC0007,-0.2656019953292366,3.9010220496194683,0.4019874643275097,7.9337096
NSABHC0008,-0.5510908813316509,1.9227892942861278,-0.693363596432642,12.688286
NSABHC0009,1.0635165882408089,4.115212281424681,0.38673281843305324,4.2481527
NSABHC0010,0.5999649934471053,3.711010863926674,0.836525398006429,3.8319137
NSABHC0011,-0.05577494119962613,3.337321855597092,0.19061571720619294,9.227689
NSABHC0012,1.4509198587620318,4.807476001208733,0.6837094133555621,16.03684
NSABHC0013,-0.18958456535240145,3.483402782586372,0.6344909952819415,12.050462
NSABHC0014,-0.6433612626154325,2.6732536705273686,-0.4255453553229909,7.891452
NSABHC0016,0.2424343123485392,3.562677732950798,0.6286490573134431,49.185253
NSABHC0017,0.5245513555057468,3.0949569512915103,1.0824248519584845,6.2516837
NSABHC0028,1.1203363557780557,3.8200610900561967,0.08090470996797078,2.0127988
NSABHC0029,0.06331410381705645,3.300691661420371,0.09302723065152935,8.661336
NSACHC0001,-0.5042160428287574,2.682937942244066,1.1412585513713212,12.288816
NSACHC0002,3.2256316331243595,5.026243763868491,0.1627385978173129,25.689768
NSACHC0003,3.3558699919655774,5.574024287349505,0.07433394249341214,17.956934
NSACHC0004,-0.6733181107175148,1.828023330300365,0.22064040743294877,15.335673
NSACOP0001,0.4279977823779292,1.2416558285609742,0.32077481065494046,24.059591
NSACOP0002,-0.647295866273185,0.0384367869805089,-1.093272628697215,7.4856343
NSAMDD0001,-2.1705134818926064,2.0978328708459637,2.6472239102146484,153.19438
NSAMDD0002,-2.1622056889315804,1.3942720046223722,2.5070425447698987,166.24928
NSAMDD0003,-1.9069438282131228,1.8196401663523436,2.3236489424347373,166.71342
NSAMDD0004,-1.8222375053734152,1.6223052811721257,2.1295241754062917,148.53015
NSAMDD0005,-3.1154047635988555,0.5983739031019398,2.504840821216243,62.064896
NSAMDD0006,-0.22548150687150711,2.564557696419401,1.9566694892054943,78.14122
NSAMDD0007,-3.984381149225251,-0.18513359581978103,1.6890594966075854,82.29065
NSAMDD0008,-3.4312139869629337,0.32443481711210725,2.081913228704129,92.44784
NSAMDD0009,-2.8488934648501734,0.5941291354021078,1.8422105730317102,102.15593
NSAMDD0010,-3.7989917423900197,0.095535429584336,2.1795209882156557,92.652885
NSAMDD0011,-3.879987324380094,-0.48974350071613393,2.6687927259368944,83.26514
NSAMDD0012,-1.486492267365453,1.7419681981331554,1.5457972343285884,99.14523
NSAMDD0013,-3.7965358314017275,-0.495655183960871,2.0307927405299253,71.97044
NSAMDD0014,-3.8749574051592792,-0.44044422892407264,2.19134235682519,60.174664
NSAMDD0015,-2.7482044101742007,0.29641123924560686,1.723211050451009,91.36391
NSAMDD0016,-2.478504887292081,0.49705747639411624,1.4373295000674489,81.579544
NSAMDD0017,1.8901780359229847,3.1598482083085613,-0.06669317519844228,54.5378
NSAMDD0018,0.4789628018123752,1.3077345685683477,0.3826527294612764,42.155724
NSAMDD0019,0.7076758425817955,2.2208849583737473,0.430402219864005,69.235504
NSAMDD0020,1.6235529706445633,1.9546629514038851,0.3321603412834442,68.06007
NSAMDD0021,0.8556257096325605,2.0072024715444265,0.4235870304813534,65.809616
NSAMDD0022,1.2124439067208275,1.2235490523575743,0.5703033837338058,55.097126
NSAMDD0023,-0.9373334906262919,1.9618049390342118,1.9391006451890356,53.697502
NSAMDD0024,-0.4404507089209369,2.4106676461487915,1.4461675986776141,59.181225
NSAMDD0025,2.560323717797317,4.39468626130827,0.033396260046494715,47.850224
NSAMDD0026,0.3821505296331447,2.669255245437812,1.325182555905419,51.1212
NSAMDD0027,-0.6086910116554644,1.6296146963002052,0.7945982522181205,4.5000668
NSAMDD0028,-1.1712674727701222,1.342552859767994,0.8663381223100072,6.447939
NSAMDD0029,-0.4818413071610547,2.6805830433570748,0.9853341587072448,53.02046
NSAMDD0030,0.28210706525583173,3.0894254644322228,0.9647523994382202,49.66232
NSAMDD0031,-1.4960262269493338,0.3181728524720653,0.8393761450009075,36.802956
NSAMDD0032,-1.0399103126030347,0.8990534366282137,-0.6584672192411026,36.633842
NSAMUL0001,-1.2603374012499473,0.8750371652442362,0.41654457276345386,56.32891
NSAMUL0002,-1.758422495854393,0.5419220666808047,0.5401042747004305,53.052914
NSAMUL0003,-0.4423015139139379,1.4612515955127239,-0.40795606773940135,50.077755
NSAMUL0004,0.4663436519567328,2.217246071197322,-0.46810061527386504,49.336117
NSANAN0001,6.257308045189867,-3.0024628918814016,0.669391332973144,1.3548986
NSANAN0002,5.8144434016490365,-3.129571559561491,0.6268429945182197,1.5116682
NSANET0001,1.168351387236443,-2.605339146515101,-2.287109719279532,1.5757743
NSANET0002,2.665743788247288,-1.4811232913084906,-3.9285845353853364,1.7616622
NSANET0003,1.5214182024869634,-1.7777344941915325,-2.681066733614826,1.0955721
NSANET0004,1.2887129542405653,-1.7871866062732005,-2.663307056765033,1.2451288
NSANET0005,1.4342508271160852,-1.2957563993305854,-3.0763223956363372,1.1486564
NSANET0006,1.7539210148512883,-2.279877425093395,-2.5622448260080954,1.6132934
NSANSS0001,1.5325011822397139,-0.7316910073233972,-2.810969425455854,6.2081447
NSANSS0002,2.0719250111830974,-0.22054070853097862,-2.73300277067217,5.4105625
NSASEQ0001,6.040528877715605,-1.0182511211136713,-0.0934098968684182,9.172938
NSASEQ0002,6.689820200125258,-0.890441263414486,0.6243363747348081,8.677288
NSFNNC0001,11.000036586536954,-1.3647513516640595,-0.988965217374263,1.6258028
NSFNNC0002,9.768416209823332,-1.3284523201465939,-1.6831383449050568,6.225866
NSFNNC0003,8.23071428931707,-3.5042257602217517,-1.244905875168356,1.4522638
NSFNNC0004,10.868286352900437,-1.4333710148069536,-2.721872858986084,6.441596
NSFNNC0005,9.311169579806219,-1.8853493210388779,-3.079165386937931,1.5372863
NSFNNC0006,8.5058745180207,-2.0962096952366087,-1.9334452107531361,3.5962696
NSFNNC0007,7.465928223740875,-1.1413939309269185,-4.0557784720828005,5.6728907
NSFNNC0008,7.599253796855336,-0.33978918570736727,-5.6926382905417565,3.391077
NSFSEC0001,4.922156138159355,-2.676194472134989,-2.7719348746820587,4.4153123
NSFSEC0002,4.310457549555708,-2.1759973640702057,-3.283205811099367,5.129597
NSFSEC0003,4.619986137459483,-3.0979725581430824,-2.6791015669891194,1.647399
NSFSEC0004,4.374219350004967,-4.110992805417148,-2.263048474023619,1.4244196
NSFSEC0005,4.370998908908499,-3.3309782765186573,-2.8435689589171753,1.441302
NSTNSS0001,3.9518109627125915,-0.09606027564987545,-2.602888501155317,1.602304
NSTSYB0001,4.589854959637813,-3.1788446774250736,-2.717941511946189,2.136458
NSTSYB0002,4.6120142777381945,-3.0726750218493466,-2.704354757983633,1.1591761
NSTSYB0003,5.316797869342409,-2.538370678667285,-3.210873542774389,3.2294228
NSTSYB0004,4.744329789121182,-3.7912149611988246,-2.6420485793004036,1.2977072
NSTSYB0005,3.0604091590260722,-4.631826136864811,-1.952478844927228,1.3732591
NSTSYB0006,5.380577700523452,-2.3679021693292186,-2.947511654274586,5.6864095
NSTSYB0007,4.959299896977711,-1.7869542670172591,-4.2623685741924,5.034134
NSTSYB0008,3.8520033596560976,-0.8952018921945638,-3.790804800405798,1.5965836
NSTSYB0009,4.3506664582406644,-4.250082483420575,-2.607872616853459,1.2211835
NTAARP0001,-2.0822058465240554,-3.752178196413904,-0.11435492977504963,13.361765
NTAARP0002,-2.669847581572183,-3.7871577297993997,-0.38937848098495015,11.39699
NTAARP0003,-0.3627366741382352,-2.129839578896153,-0.9802830603476294,2.3281283
NTAARP0004,-2.7034603357172333,-3.8033601186071038,-0.4574098015363134,9.051735
NTAARP0005,-3.1116578094444014,-3.7254124346944955,-0.5760952019154958,21.7099
NTABRT0001,-2.0165149604364614,-0.035447530573016445,0.9245861806895852,47.35414
NTABRT0002,-2.022414901354312,0.15963361903049297,0.9069004292082318,46.575584
NTABRT0003,-2.273594673763261,-0.005436864606563717,0.5340011049620068,42.835754
NTABRT0004,-2.593952661736174,-0.6265976235291782,-0.16810555585437037,52.06893
NTABRT0005,-2.876611615345271,-0.9161458770318156,0.08746526476753544,52.656506
NTABRT0006,-2.621635683361756,-0.8762179653539596,0.10001589823089205,52.600876
NTABRT0007,-2.632975083271427,-0.6724798692829811,0.009085642981779819,48.903046
NTABRT0008,-0.8345232028707728,0.06697277089547368,-0.8082270450706963,3.0822434
NTABRT0009,-2.282730613050123,0.36486918906820515,-0.11617817321443545,46.442593
NTADAC0001,-0.9612793336283552,-2.7241172674691505,-1.7762080056052187,29.98821
NTADAC0002,-1.5629322097962826,-2.8993422232043335,-1.1681396613712969,18.215296
NTADMR0001,-0.9197467400112497,-0.8051246146504089,-1.8557559241254065,18.651585
NTADMR0002,-1.475614953445329,-0.9813636356325683,-1.5124394443947584,18.389402
NTAFIN0001,-3.15186674679375,-0.1102842127809237,0.2848983380137755,42.64637
NTAFIN0002,-2.727282892924797,-0.9418719846802087,-0.5902131506967796,6.713324
NTAFIN0003,-3.266161225013908,-0.13676436985681517,0.34946487370099555,44.999096
NTAFIN0004,-2.710821013394706,-1.3281227785779448,-0.7589776861362165,3.2611837
NTAFIN0005,-2.6278899375457923,-0.9336505935449897,-0.6253047514380182,6.115376
NTAFIN0006,-3.252050439794272,-1.479023328266929,-0.26928118525171374,14.807007
NTAFIN0007,-3.036148518414178,0.2517204723966571,0.3426598473829292,9.076096
NTAFIN0008,-3.30549886969805,0.24187711548731064,1.0343135576617082,8.500857
NTAFIN0009,-4.003348232675605,-1.3269535818675238,0.2350701300914733,41.360863
NTAFIN0010,-3.802059041405279,-1.0138654493240418,0.4633905100553778,39.533516
NTAFIN0011,-3.199003025890612,-1.8506952709564453,-0.42034910894911465,8.735683
NTAFIN0012,-0.7292518341232644,0.9894346845076288,-1.4030942145937664,7.669826
NTAFIN0013,-1.4895107285716176,0.02969268847964392,-0.8097170099995377,20.902876
NTAFIN0014,-2.656132806467224,-0.46150728966059895,-0.2547723782367794,13.162494
NTAFIN0015,-0.9700744407955488,0.43935181027653375,-0.1282660608576735,11.4549
NTAFIN0016,-1.2519453392175934,0.5316815072127721,-1.1512463119514904,3.2931907
NTAFIN0017,-1.6399754350091038,0.2522646569326111,-0.46076155249049383,10.7891
NTAFIN0018,-1.4542680349826396,-0.05961674451503069,-0.4696315112917609,2.744947
NTAFIN0019,-1.4439021313391196,-0.043877497261793394,-0.34206421512747665,6.45702
NTAFIN0020,-2.954703304663561,-1.5213124403299927,-0.041583658931006066,9.159246
NTAFIN0021,-1.2726818730020244,0.25993072695420527,-1.3176784658841008,8.800377
NTAFIN0022,-2.512666068445775,-0.17077737451949573,-0.4224254253196007,6.7720785
NTAFIN0023,-2.757433973566118,-0.5871780601270122,-0.12076967979209856,13.301462
NTAFIN0024,-0.5592588158717541,0.1506618363061306,-1.6878601368833563,8.259435
NTAFIN0025,-1.791095007050242,-0.6674367234736412,-0.6501909719812314,4.271763
NTAFIN0026,-2.991018742463738,0.7456508609708914,0.5729887703274477,7.135911
NTAFIN0027,-2.400687067695458,-0.16074115549142576,-0.08784120909843575,6.2821836
NTAFIN0028,-2.0808484350396186,1.2249038569403237,-0.5304469872924111,11.72658
NTAFIN0029,-1.4456831222441593,2.0964601744070124,-0.6409638267113639,27.151257
NTAFIN0030,-1.5426099294579134,1.0560398382515466,-0.6025126393570037,9.389911
NTAFIN0031,-1.0026699494780327,0.9403425390649929,-1.1397788746403377,4.3470383
NTAFIN0032,-3.357075222223676,0.2216353015354636,0.8604865072951634,19.32975
NTAFIN0033,-3.6857269990959542,-1.4915893507682785,0.269085488218725,10.879724
NTAGFU0001,0.4526215614835506,0.8415616140260932,-0.6378962608622833,20.393702
NTAGFU0002,-0.8888831512366346,-0.7771244948670175,-0.6910962681346751,19.658829
NTAGFU0003,-0.5145566260857898,-0.9280545806143902,-1.6504045595300185,17.657372
NTAGFU0004,-2.2774032551045584,-1.8163168425036205,-1.4144959671347073,24.254564
NTAGFU0005,-1.5646388597108432,-1.9682188865016819,-1.2901131236287555,7.563198
NTAGFU0006,-1.4339942437904998,-0.9864839456742448,-1.0572136057146135,21.942726
NTAGFU0007,-0.3421279964754033,-0.6617638397539088,-0.8071505122019647,14.910557
NTAGFU0008,-1.0383174221040625,-0.33961247843482884,-1.1137939029419708,24.35646
NTAGFU0009,-1.4127106586657918,-0.583683085806864,-0.7791114930851737,26.602156
NTAGFU0010,-0.08812884854410963,0.29510577221596773,-1.4656612611433157,10.970535
NTAGFU0011,0.3919064685147785,0.5410553777085839,-0.8910268795473445,14.053227
NTAGFU0012,-0.24058640284966623,-0.46917743844314586,-1.1642918138422684,14.286519
NTAGFU0013,-1.0282832771001742,-0.8968074315920281,-1.381800355262665,16.064098
NTAGFU0014,-0.5171642328471343,0.0819899928377656,-2.1647343617842805,22.751205
NTAGFU0015,-0.596446585040973,-0.0305611588517036,-1.773781638421489,23.844574
NTAGFU0016,-2.7865680867907026,-2.6022114988140066,-1.080558372122584,10.1419115
NTAGFU0017,-2.622087557773398,-2.353327924424901,-1.4747821563582897,15.753831
NTAGFU0018,-1.0974981469289857,-1.9492042242613223,-1.4727604888734533,8.581646
NTAGFU0019,-1.5665215085770707,-2.221143831058348,-1.0202927912835864,8.752297
NTAGFU0020,0.11625948830943195,-0.4196974923509204,-1.558150606954608,8.064843
NTAGFU0021,0.4889964656519771,-0.5108003494555813,-1.0074193087834729,1.8077247
NTAGFU0022,0.9849443151785922,0.3411126217365411,-1.6605924774271348,10.759789
NTAGFU0023,-1.4819347560320693,-1.0097075658630457,-1.976778186137982,18.973482
NTAGFU0024,-1.3686918148888227,-1.4322252238970683,-1.4436486316406565,15.6145315
NTAGFU0025,-0.07740425611325914,-0.6353721736192712,-1.8338142612973423,17.901068
NTAGFU0026,-0.0543352775962767,0.2528500825337631,-1.978927637630101,16.046747
NTAGFU0027,-2.7316931897371886,-3.0104559603902286,0.27814384909246226,4.0137305
NTAGFU0028,-0.46723565031060804,-2.329447902366941,0.27067549437096994,1.698134
NTAGFU0029,-1.072142958516481,-0.6447366540186894,-2.0351068875984475,6.718252
NTAGFU0030,-0.062265757720654034,-0.7015356404065025,-1.7121974229543488,5.5545363
NTAGFU0031,0.07027271707188215,-0.5681002157465733,-1.9525570005166688,14.528581
NTAGFU0032,0.6192050985125155,-0.3488074808740449,-1.780140141120802,3.6675954
NTAGFU0033,0.7121250839711971,-1.1934728081602821,-0.8359891782409273,4.1405506
NTAGFU0034,1.6100023103273713,-0.21162464558380437,-1.6784179402102994,5.726228
NTAGFU0035,0.3022881361690721,-0.688238440346527,-1.6653378120276865,9.697282
NTAGFU0036,1.4145961840969843,-0.24783259781575182,-1.2962104492349666,3.1641865
NTAGFU0037,1.9437890248955523,1.909310130347998,-3.181583847557483,14.82303
NTAGFU0038,0.41352529785617337,-0.0008425508943232391,-2.065858000320248,4.059354
NTAGFU0039,1.384137692141208,0.7594243122560006,-2.428157312630769,12.716568
NTAGFU0040,1.4812783565383323,0.8446879003697307,-2.1947544591497326,14.356006
NTAGFU0041,-3.4729478643216374,-2.469079230351423,-0.18884916549806005,14.650933
NTAMAC0001,-3.93779792127242,-0.8599180327702132,0.7597285943941713,10.825453
NTAMAC0002,-3.161330940358627,-0.45572367962156063,0.22352022617718564,12.405685
NTAMAC0003,-3.0983879640206173,0.16868835998063453,1.1351759207492744,8.785676
NTAMGD0001,3.5556843234246935,5.980508731047246,-2.4049381390915596,23.739634
NTAMGD0002,2.9070371037794023,5.95794582593459,-1.6831540801368088,22.30282
NTAMGD0003,0.18467679774212542,0.08685338761659495,-1.3084239921700644,9.063331
NTAMGD0004,-3.874953705559427,-3.0630531057617554,-0.20519819092620994,15.020556
NTAMGD0005,-4.555635754073973,-3.089329128840437,-0.23825311398319898,30.232378
NTAPCK0001,-1.491136625690556,-3.2222037266374937,-1.4293013333927738,19.66515
NTAPCK0002,-1.6673839367996566,-3.0619127410270437,-1.4850350360487632,22.499018
NTAPCK0003,-1.926237501697015,-3.4759920673819833,-1.1657950391188305,22.564703
NTAPCK0004,-1.4007120799853756,-3.030848244891858,-1.62743082927793,30.994022
NTAPCK0005,-1.4921717982298657,-3.169308275513785,-1.5464648786345718,22.89476
NTAPCK0006,-2.13420589924296,-3.123890152371027,-1.3362382780420567,25.270666
NTAPCK0007,-1.8879600035438429,-3.0870032825591944,-1.4792260431162065,30.719908
NTAPCK1009,-1.951226849450779,-3.3614436431934163,-0.7093392426801147,19.563889
NTAPCK1010,-2.4477524447813086,-3.044583788198436,-0.9247780275363443,23.57476
NTAPCK1011,-1.868688001171195,-2.91953008913176,-1.6372569408277193,15.83762
NTAPCK1012,-1.7625869220442458,-2.882509893118427,-1.8523244672940633,12.599618
NTAPCK2002,-1.5619094076818423,-3.228609262095951,-1.361327152712062,22.156984
NTAPCK2003,-1.4863567375777718,-3.35803979468778,-1.0211536671707355,18.607574
NTAPCK2013,-1.6367465542336033,-2.828930195792297,-1.5315706614644569,18.624363
NTAPCK2014,-1.5998444952149253,-2.8123878418748745,-1.6777906849166009,19.646347
NTASSD0001,-4.50140927139892,-1.9713056194607521,0.9858731126534559,117.795654
NTASSD0002,-2.0165149604364614,-0.035447530573016445,0.9245861806895852,47.35414
NTASSD0003,-4.536587474273338,-2.0649108973686405,1.0958453568735111,117.73983
NTASSD0004,-4.4365979318630595,-1.957818750458921,1.0193473252497007,120.3463
NTASSD0005,-4.812954708657172,-1.8940476830013313,1.7553000228832105,73.48516
NTASSD0006,-4.38628165586214,-1.6232316795328805,1.3074430130070043,82.85341
NTASSD0007,-4.693849110602087,-1.8694251290047874,1.777018250008429,73.29872
NTASSD0008,-4.454674700381737,-1.7739055007766449,1.2470727541337803,80.45291
NTASSD0009,-3.5096961462277587,-1.8208481651634427,0.6842602231326145,62.06767
NTASSD0010,-3.531707070596409,-1.7382644255132842,0.890250692169255,59.519184
NTASSD0011,-0.21628627483944482,2.108215530014702,-0.6448634236889784,12.577653
NTASSD0012,0.5247755221831547,2.9648910397464325,-0.8396726486746392,18.63438
NTASSD0013,-0.9098594196026131,1.9512253577358822,-0.3984424488528677,10.5423
NTASSD0014,0.43081661433039675,2.7744506642882754,-0.659650981659023,44.40427
NTASSD0015,-1.764207125636864,0.20720687363161713,-0.2952142287758162,13.510293
NTASSD0016,-0.48519795165417656,1.7318017201613034,-0.7025342159892598,11.780512
NTASSD0017,-0.4968618409959094,1.9224107353073256,-0.20735869402912413,12.280157
NTASSD0018,-0.5673419083015874,1.3345799331257675,-0.5706076310384305,10.400702
NTASSD0019,-1.5750398211877008,0.5158689649958824,-0.32740902345865563,15.429239
NTASTU0001,1.5544422447613455,1.6947556897460876,-2.4869940769607806,34.189476
NTASTU0002,0.8666951217593295,0.9485776010216765,-2.2053443178318277,21.688087
NTASTU0003,0.9990730732464527,1.8147438971373462,-1.4277298149132673,20.380688
NTASTU0004,-3.2927921669035087,-2.1044222209151244,-0.0928467787448496,17.004955
NTASTU0005,-3.9435105598067848,-2.5897778277783035,0.2219308197273458,21.983187
NTATAN0001,-3.6667709084778464,-2.3866942816399654,-1.2370212000427325,44.656433
NTATAN0002,-3.5825859802165434,-2.4760845557387663,-1.2736679753607365,48.97278
NTATAN0003,-3.5362877459583197,-2.3217905404587644,-1.1595110216553628,37.529526
NTATAN0004,-3.4014802073165096,-2.6071727301196774,-1.0608450972122017,48.510468
NTTDAB0001,-1.549790460442167,-2.8258163603636093,-0.4282754537289583,8.138099
NTTDAC0001,-1.1986160003852493,-3.0192230288797277,-0.6299951973889473,22.9567
NTTDMR0001,-1.3907722974756187,-1.2574613414395435,-2.0315308753073826,12.086564
NTTDMR0002,-0.856828260873827,-0.3401586860550999,-2.169201650526759,31.015478
NTTDMR0003,-1.7619356876503112,-1.0476099269815036,-1.345370978692335,25.63052
NTTMGD0001,0.22750322294062636,2.178480105852027,-1.9051978602568864,22.142149
NTTPCK0001,-0.47047855566571173,-2.7283486313397693,-1.233635518504881,7.7298822
NTTSTU0001,-0.5419224017043887,-0.2268061568812893,-1.8111312092349474,25.373259
QDABBN0001,0.8115027035275603,-1.0479127105449146,-1.8254696761192024,7.390909
QDABBN0002,1.6019160838062305,-0.31732546636006975,-0.5859400730961716,12.411262
QDABBS0001,7.158198888472355,0.7544911001550351,2.640890470975472,8.345679
QDABBS0002,3.6488182222940435,1.0720978583088816,0.621148227955542,17.777956
QDABBS0003,3.373772239436965,-0.8095837863490354,1.0374025205734767,1.3809359
QDABBS0004,7.140236416631071,-0.05530884036898761,2.3494139681379043,5.6409607
QDABBS0005,7.064974436989432,-0.5999477493667882,3.39604704629205,5.768425
QDABBS0006,5.634712316757242,4.242215783610663,-1.8981124597371106,54.857338
QDABBS0007,7.449136299763511,4.01259191883218,0.39727178822374254,62.285732
QDABBS0008,6.810562464285434,4.09751317806049,0.6095224723693513,60.851646
QDABBS0009,8.171044945165168,3.9350808988482617,2.74441041382853,17.562521
QDABBS0010,10.095256315332767,3.688091192499246,2.24381886278087,6.0423217
QDACHC0001,-1.7535491713069167,0.02114976973331001,-0.4483086903296215,53.402004
QDACHC0002,-1.192538595044811,0.41272648612932433,-0.33640220433643564,50.66367
QDACHC0003,-1.1470127741235192,0.40442830140162844,-0.5821490019795129,50.776295
QDACHC0004,4.3938641943132914,6.961340793081658,-1.2842549931408145,85.001144
QDACHC0005,4.697939771551046,7.197734913818947,-1.1605646186625298,71.1039
QDACHC0006,4.131810304198803,6.8110089719144735,-1.0643999481827853,65.38821
QDACHC0007,4.247444965995143,7.002327768327879,-1.3273931842672855,52.750927
QDACYP0001,0.05293971325331727,-3.0149476810902796,-0.9886466662824881,6.2016125
QDACYP0002,-0.5232447851371602,-1.3652620936724251,-2.1950635607839457,23.51356
QDACYP0003,0.6839592787384422,-2.645331731362217,0.08989219121574486,9.301337
QDACYP0004,-2.4107933351498168,-3.012988932491778,-2.101199030934001,8.194061
QDACYP0005,-2.3463721324220765,-2.6528817713794455,-1.7927817424329402,10.49654
QDACYP0006,-1.6910499387944873,-2.4225196780397975,-2.0319046450101856,11.678155
QDACYP0007,-1.4634042941541792,-2.5077550987895854,-1.8758160155294064,7.0871964
QDACYP0008,-0.516222158594214,-1.8561027418124996,-2.653941823401115,28.136845
QDACYP0009,-0.09829256878240454,-2.443078923426921,-1.6831273508153888,5.1841226
QDACYP0010,2.9094303238322516,0.883737987469365,-3.3096924344517995,16.834396
QDACYP0011,0.6222099466060008,-0.4085165539901684,-4.025657134270687,20.899883
QDACYP0012,0.8252389847770999,-0.9571378450226367,-2.802052513506955,15.906586
QDACYP0013,-0.5550207663935884,-2.13646689789938,-2.1827647222289417,14.187847
QDACYP0014,-0.19946350786459777,-1.7633189693775335,-2.432081419450627,16.755146
QDACYP0015,0.7493776553460576,-0.9925289808019557,-3.24120756073989,15.680588
QDACYP0016,-2.1537497308819753,-3.334109829384287,-1.5676389817287961,15.395093
QDACYP0017,-2.425594728310841,-3.4418073150025035,-2.1452440522033327,5.7523594
QDACYP0018,-2.1841707134391615,-3.0915563628443232,-1.736059934479434,12.1490555
QDACYP0019,-3.192052572511686,-4.234861521971942,-0.310173940341824,11.031082
QDACYP0020,-3.7246273871523927,-4.765027306360501,-0.6618260951752243,11.475739
QDACYP0021,-3.3106385156275953,-3.585856907343395,-1.6433726165720979,6.323749
QDACYP0022,-2.9652451989732107,-3.3814797423016656,-0.8298922562976867,12.69647
QDACYP0023,0.5756857752263905,-1.4298137891813116,-2.6430154418676435,18.274422
QDACYP0024,-0.18520898359601748,-1.7055499578253275,-2.5451190339451637,29.691565
QDADEU0001,0.055841157801302076,1.4354724957789422,-2.2375906948848483,46.702724
QDADEU0002,-1.1012769586868227,0.4939737557391551,-1.689575835957184,46.754692
QDADEU0003,0.6294089835703824,1.671949388757733,-3.151913779970404,46.390747
QDADEU0004,1.0568058367626196,1.8889535266786337,-3.283182026726693,46.18022
QDADEU0005,0.39737153031249406,1.664979849490816,-2.663366342074506,46.900085
QDADEU0006,0.9643520869763283,2.532264663734206,-3.0133847043672697,47.30643
QDAEIU0001,9.444471360582652,1.2393251260988112,5.5540435561957855,15.737185
QDAEIU0002,13.372619142336841,0.9495414752832048,8.316924566034926,13.28949
QDAEIU0003,2.4294502695800118,-0.048020262754790044,-1.0263506363983008,12.492631
QDAEIU0004,2.8701119066694494,-1.3144644337717886,2.6157316249403264,2.9007928
QDAEIU0005,1.8805604523598514,-0.18059212833038707,-1.6600957830438146,20.34084
QDAEIU0006,0.6581035815277019,-1.889787559021151,-0.2887540289332361,16.78635
QDAEIU0007,0.7727279184838931,-1.9687962949776745,-0.27905971015504477,15.451719
QDAEIU0008,3.618501099727844,3.182883687373162,-0.81868906820218,15.555455
QDAEIU0009,3.4338578374026967,3.0871228610217427,-0.8541107071835637,15.152101
QDAEIU0010,1.175747915064366,-0.05635397728697547,-0.3016534764163621,4.413349
QDAGUP0001,-2.7838397882241246,-2.6644729283598827,-0.856604133131744,12.177154
QDAGUP0002,-3.0657469340360004,-2.6997224079113686,-0.9488325977333029,13.122922
QDAGUP0003,-1.1146847651511005,-0.7885606802806187,0.15211802271154878,19.437954
QDAGUP0004,-4.108057551089694,-2.460373965673395,0.5073297319235945,34.965996
QDAGUP0005,-3.627894651070625,-2.420620901280743,0.2667554929784909,37.62784
QDAGUP0006,-4.154481381110198,-2.5126811076930964,0.45923179008170434,42.777
QDAGUP0007,3.0370571426007036,6.440684736259492,-1.55820605543297,42.356796
QDAGUP0008,-4.6163813189562255,-2.5001115245199115,1.1345473610872339,34.88543
QDAGUP0009,3.4841925515825003,6.257585804751813,-1.7139586803461209,39.592052
QDAGUP0010,-2.724532023290556,-0.10205771175737749,0.9704281894366975,40.887123
QDAGUP0011,-3.9479949731078787,-2.1169244273861887,0.8405578281436814,40.5845
QDAGUP0012,1.3240825682305106,4.063928636865499,-0.5707405400972233,35.144737
QDAGUP0013,3.0533686490277616,5.934482866972931,-1.7357208683174234,43.684357
QDAGUP0014,2.1074232659297394,4.280629727440926,-1.9798649183699948,39.127956
QDAGUP0015,2.8011619488495265,4.65818086225887,-1.8704018688547612,43.522907
QDAGUP0016,1.905318033266387,4.030018809692352,-1.951944515286954,43.498833
QDAGUP0017,-0.4220180570783122,-0.15485830239817716,-1.4026091655296633,29.902037
QDAGUP0018,1.314142434446836,1.347505259608705,-2.022702233305427,22.37577
QDAGUP0019,0.9723681908076768,1.4804611148297386,-2.393871998031423,30.079206
QDAGUP0021,0.41974209778868016,0.03856608170266116,-0.7031494793813245,50.902615
QDAGUP0022,1.239527990004918,0.9470512057026308,-2.582129206549246,53.294098
QDAGUP0023,1.5791111434356686,1.5190189690906908,-1.4766141683503358,54.887306
QDAGUP0024,0.8827129293146425,0.33086947266047234,-1.6384549416595375,32.309017
QDAGUP0026,0.691219207600931,-0.2327026543319389,-1.3889377378583987,30.425451
QDAGUP0027,0.4222444387123828,0.8376613710409591,-1.8917589960991037,41.27266
QDAGUP0028,0.5837208091083351,0.9331026154868929,-2.1154489007956236,44.50416
QDAGUP0029,-1.1730791836200285,-1.408233187767981,-1.816622637098333,42.358868
QDAGUP0030,-1.2427504679370536,-1.4517077768236786,-1.625439968829587,41.871784
QDAGUP0031,-1.3646780031759094,-1.554215141529473,-1.6177866764929858,43.020313
QDAMGD0001,4.3775091194747535,6.833115266068651,-0.6957136890871469,36.502937
QDAMGD0002,4.202998796441954,6.278438750979578,-1.2227529851892045,34.125053
QDAMGD0003,4.782790939714089,6.984852896612624,-0.3055072357403741,25.373867
QDAMGD0004,4.086711618924308,6.048444864717303,-0.7218373704457991,22.473255
QDAMGD0005,4.856765879050283,6.274567905122457,-0.528896221593669,22.035297
QDAMGD0006,4.552838288448777,6.46352146989817,-0.6989847717985053,29.177868
QDAMGD0007,4.541424505387302,6.327431671715515,-1.0575208833960488,31.042646
QDAMGD0008,5.025859853548268,6.661820322071337,-0.3707414807657799,26.868559
QDAMGD0009,5.241316506640052,7.653837150631575,-1.5680130552451634,54.82988
QDAMGD0010,5.141875785760443,6.430941186693189,-1.0121841711427497,56.71206
QDAMGD0011,3.239986785080398,5.854663646632198,-1.7044087704001771,57.369713
QDAMGD0012,3.462507124193984,2.4030509352766884,-0.5818037317402528,20.994726
QDAMGD0013,3.2907109359997695,5.532897989244185,-0.7223708260720739,25.35503
QDAMGD0014,2.90699399689394,5.833812807757537,-0.8709013683447303,42.834076
QDAMGD0015,1.7480648617646746,4.136857992454015,-0.9998027007194562,29.12646
QDAMGD0016,3.341415227971517,4.2063799201904715,-1.6303899390600107,20.540668
QDAMGD0017,5.056516958628772,6.277348929481581,0.44284550590869765,16.717955
QDAMGD0018,4.733221749421033,5.618151378984604,0.4121333368673222,17.211544
QDAMGD0019,3.22705295686744,5.376692391105601,-0.6690022652389371,26.821915
QDAMGD0020,2.353803879628174,4.047897009397179,-0.41682207683036093,25.60697
QDAMGD0021,4.09636821664436,5.307871215318115,0.04704871870898745,21.813742
QDAMGD0022,4.056740226253811,5.342587307176772,0.0005576596793335181,23.483837
QDAMGD0023,2.6806102289071596,5.016975998522656,-0.63569454485799,55.128017
QDAMGD0024,2.6921928189616247,5.188083774276493,-0.2922078250889217,55.28711
QDAMGD0025,4.897104837717066,2.8011777758866208,-0.8893196414533678,7.90085
QDAMGD0026,5.088784226683108,3.147858092078348,-0.9435442445084286,6.3244705
QDAMGD0027,1.3032444852292304,3.135040085151179,-2.054100998381631,22.722069
QDAMGD0028,2.894214159069215,5.388216020240608,-1.9987900493635469,19.19388
QDAMII0001,-0.25135773483951285,0.839152013264775,-0.05206168690286389,0.50016636
QDAMII0002,0.09762842456691602,0.9433659204218542,-0.5237955845155344,12.9136715
QDAMUL0001,-0.472870425999406,-0.8834563830425911,-2.4979303680210196,17.429825
QDAMUL0002,-0.37110372437706823,-0.9398010059243299,-2.4230969434200644,15.447915
QDAMUL0003,-0.888354614934471,-1.3341166895294463,-2.451158855562496,18.70366
QDASEQ0001,4.147120509460439,-1.3456090822889064,-1.2609962728504989,7.037359
QDASEQ0002,6.196798314522795,-0.8199111809073615,-0.7591008760302299,1.2335925
QDASEQ0003,4.148795180639795,-1.0352600264960852,-1.2870531980700595,7.69731
QDASEQ0004,3.72500696206007,-0.8637365928224463,-1.865334662065769,7.5968056
QDASSD0001,-3.3683781102381634,-1.2202554132679382,-0.680030987564814,32.4579
QDASSD0002,-4.438877528645882,-1.7063574905968766,0.5046765043627411,47.367508
QDASSD0003,-4.31950047427688,-1.8054274629181644,0.39507979584944597,48.245525
QDASSD0004,-4.298811145442841,-2.1169900823320424,0.2565174441136032,49.658707
QDASSD0005,-4.047987332915079,-2.0768122818311645,0.29699032697535616,47.477463
QDASSD0006,-4.643760285151436,-2.4069296085058576,0.3864196089849568,42.840637
QDASSD0007,-4.26075184710037,-2.3945464734540267,0.41073423621414884,47.40625
QDASSD0008,-4.6520890387775715,-2.229873702214071,0.9017226857227514,48.85089
QDASSD0009,-3.087448892914951,-1.3238777664726347,0.1876376095335712,55.09743
QDASSD0010,-0.4264684316477292,0.8979544219385741,-0.36519332460583537,16.477896
QDASSD0011,-2.929083136348108,-1.662392999496807,-0.9226005428812661,21.698332
QDASSD0012,-1.1393804009233368,0.6832767070483967,-1.8294086129266904,16.352383
QDASSD0013,-3.465030816344357,-1.6140304333812647,-0.33355301094405165,19.268112
QDASSD0014,-1.8581814801721208,0.13530567399768495,-0.4829598645662838,15.085205
QDASSD0015,-2.7837709300113467,-0.9695710703416237,-1.130861609508012,15.56061
QDAWET0001,5.436410350101741,-1.6897785619914363,-2.6647645045022497,6.1306233
QDFWET0001,6.640935726901491,-0.5004503337819167,-2.3899294018877173,14.246608
QDFWET0002,5.458761961785399,-1.1513687059442939,-3.3734408606584414,11.558702
QDFWET0003,7.474978150079547,-2.6361595816101415,0.6762810349503563,1.9996538
QDFWET0004,8.42365295535821,-1.712934342734505,-1.0088123543167833,4.123616
SAABHC0001,-0.8802003097087933,3.1410708474796634,0.9061865582172025,4.9698505
SAABHC0002,-0.8623641111781127,3.447304598783031,0.6379378907229522,15.500607
SAABHC0003,0.6540692420473403,1.3066587063561914,2.0705973390964942,0.98914003
SAABHC0004,-0.2570779412025443,2.882785309082849,0.15767228817598303,16.891212
SAABHC0005,0.3156279083444026,4.28322787444935,0.51628203270653,26.058298
SAABHC0006,0.2310886922782539,4.285601057711381,0.7748116724691547,41.08385
SAACHC0003,1.4135868042224198,5.3104726203233295,-0.43449105945641914,83.58992
SAACHC0004,1.3526845156277223,5.463732398306563,-0.050436872238073846,97.798805
SAACHC0005,0.7752543942561987,4.480154116590721,0.342094747682011,94.78262
SAACHC0006,0.5068585869056305,4.099452678424385,-0.06664740079951197,97.990135
SAACHC0007,-3.483863718662447,0.5241917547938032,0.3257549397416074,70.54836
SAACHC0008,-1.30963262554287,2.7949443192766683,-0.10695668931809836,91.694176
SAACHC0009,-0.7321254618769847,3.3275307994315875,-0.15356271957253356,92.16046
SAACHC0012,-1.6730716572243363,2.5059182691006847,-0.09789940298514643,82.591446
SAACHC0013,-0.9546716453977055,2.0345784422306594,0.4600138713537681,44.293022
SAACHC0014,-0.29903321651504083,4.01952112741958,-0.12926221764163942,84.02354
SAACHC0015,-0.9114903539943582,3.4929828344396907,-0.12562800614837233,84.72563
SAAEYB0002,-4.641032345876232,1.824016950059175,3.6486972768522072,37.641014
SAAEYB0003,-3.2108961313690916,1.8191789083189098,4.072362146463114,30.049435
SAAEYB0004,-3.9792162020785686,1.7074370447694327,4.142847137364817,27.583681
SAAEYB0005,-3.650851811117905,1.763611039383611,4.186505554769712,32.39482
SAAEYB0006,-4.115368186474722,1.774363928334312,3.844151472333175,33.26918
SAAEYB0007,-3.49966029013538,1.7381779357798728,4.103004902345432,6.1671133
SAAEYB0008,-4.418221431736909,1.7450464513243618,3.664405636896604,45.201996
SAAEYB0009,-3.8721226227748513,1.5147520436193773,4.193930139032182,9.166613
SAAEYB0010,-3.2144783080323847,0.8674847023016902,4.976342843028012,17.972023
SAAEYB0011,-3.684598058804476,1.7225128203027964,4.103898353772658,34.7322
SAAEYB0012,-4.51531002086437,2.0595722177382663,3.3169977878168666,20.101435
SAAEYB0013,-3.8721788263220898,1.5196354381531352,4.169264700715045,21.928076
SAAEYB0014,-3.3296221227991007,1.6242133894641397,4.250016642995377,4.525816
SAAEYB0015,-4.236335287735648,1.7538459287927435,3.906905966341435,39.318497
SAAEYB0016,-2.8818844992160653,1.3321893688463016,4.761613404657341,26.749638
SAAEYB0017,-3.3313851023260024,1.7027345146957344,4.091457454118043,6.8239346
SAAEYB0018,-3.562044493541115,2.44695160720406,3.179829024748648,38.29347
SAAEYB0019,-3.9175087980820034,1.4951047486501365,4.1656873933337195,21.35454
SAAEYB0020,-4.679939097782206,1.4648139243762992,3.939184014777922,36.27089
SAAEYB0021,-4.48601471614729,0.543655380678473,1.537219908227128,6.7331157
SAAEYB0022,-4.878882754888533,0.4167064003811077,1.8846774071480337,33.184616
SAAEYB0023,-4.872822929872736,1.731976117684363,2.594406757564944,29.770061
SAAEYB0024,-4.24774520692643,2.4343004701821607,3.1946898170097837,39.234104
SAAEYB0025,-4.896548994351534,1.5356163109515595,3.498427356707073,20.484442
SAAEYB0026,-4.469501849132927,1.7433269454186147,3.232850451394188,18.573746
SAAEYB0027,-4.946792040442207,1.463550630712293,3.5527169792198525,21.862497
SAAEYB0028,-4.681691519682347,0.21669621749935497,2.7914743276823906,17.085365
SAAEYB0029,-1.488509611294082,2.2080293830168296,0.2967094189740204,7.1901484
SAAEYB0030,-1.437016206796784,2.62075248268456,1.0082108870609652,10.6448555
SAAEYB0031,-1.4380970824280361,2.4730527239433266,0.49169372545855106,7.4171042
SAAEYB0032,-1.6219692781958879,2.0497338667642158,0.5285942406704992,10.363553
SAAEYB0033,-1.2938819219394868,2.61416710023559,0.6837642280318265,4.8437514
SAAEYB0034,-2.822736195887269,1.962239223644103,4.33773590661864,15.796424
SAAEYB0035,-4.016423331958423,1.8437128557128164,4.190016641676276,27.147802
SAAEYB0036,-3.072005085326988,2.1278183076286874,4.192400685666599,43.3525
SAAEYB0037,-3.9081310901891313,1.8489744269012538,3.8470863760378595,36.124256
SAAFLB0003,2.3236521400700765,-0.9751999134009445,-1.7951753733637064,0.98492986
SAAFLB0004,-0.529339312297423,-1.105694370893632,-0.28020590950910107,5.687697
SAAFLB0005,0.90450969701914,0.9201646161451997,0.0055741549519412285,1.4439249
SAAFLB0006,0.821240140301071,-1.5824373842398278,0.4255934565223838,1.2335526
SAAFLB0007,1.6919349538924633,4.315317756572214,-0.06678831105190186,15.975671
SAAFLB0008,1.1338053029303603,1.9787630771796236,-0.8715051464003719,3.1950142
SAAFLB0030,-0.14084538627936244,2.191754468353027,-0.670835764463189,2.4708788
SAAFLB0031,-0.07889017575880368,2.611654083255309,-0.44257564981813197,4.284021
SAAGAW0001,-1.8760211169108374,2.0405347177304796,2.4503976944884514,27.539656
SAAGAW0002,-1.5569331817041985,2.672797392829026,2.238692802416837,7.8735647
SAAGAW0003,-1.3548518656547002,2.1851583050723824,2.35834568697131,7.7973056
SAAGAW0004,-3.434049512462774,0.34908069871222286,1.0342074949265905,30.935186
SAAGAW0005,-2.2901287560216907,0.6940375864014994,-0.28019924031938304,3.355674
SAAGAW0006,-3.1792089733195703,0.048213911819086235,-0.08321490975265029,42.808647
SAAGAW0007,-2.5737623330311763,0.47773733905488236,0.06621030288051707,38.261333
SAAGAW0008,-2.3873326237999484,1.0874985048270787,-0.07156196238752914,23.245598
SAAGAW0009,-2.7413269348608855,0.44770019374149667,-0.4068387656303306,50.18193
SAAGAW0010,0.19247129558712775,2.3848321279493274,0.9318060301756642,14.819546
SAAGAW0012,0.5686192860873941,2.892186918653012,-0.042650389289790126,7.2090244
SAAGAW0013,0.7941394380690829,3.160338716054138,0.9579669094198086,8.953647
SAAGVD0001,-2.358994991697183,-0.19007106567020188,-0.6405004257751027,56.007553
SAAGVD0002,-2.6598619614706376,-0.20017803283043703,-0.6508689070858548,56.942966
SAAGVD0003,-2.5264418714979153,-0.23799627862641776,-0.4303813618484955,55.104046
SAAGVD0004,-2.264488886017211,0.7215153920244328,1.7769450946194314,7.570408
SAAGVD0005,-1.6277769031654663,0.7698300849470824,-1.0271790574265793,28.515793
SAAGVD0006,-1.7020747956886764,0.353387212798171,-1.0644513179807713,16.328577
SAAKAN0001,-0.10539454078256265,-1.1730637862586457,-2.56765132016754,12.192133
SAAKAN0002,1.3900018074087968,-1.2151982300423931,-1.7645828109942066,0.9825342
SAAKAN0003,0.44865686367696783,-1.3927550919676552,-1.515820951075732,2.9899387
SAAKAN0004,0.5775022356017437,-2.1426398011569217,-2.7363161356574617,4.0531654
SAAKAN0005,-0.48816974964210186,-3.113855883346728,-2.8118625181505275,11.127726
SAAKAN0006,0.11295903565158567,-2.3728372859521394,-2.829581009997415,10.696255
SAAKAN0007,-1.1977681800028535,-5.009131042443417,0.346560654891979,9.493164
SAAKAN0008,-2.704603591362087,-3.3423213192266554,1.6865851517113306,11.638605
SAAKAN0009,-2.9272919653694958,0.08677799604984499,3.8171023421317525,25.95307
SAAKAN0010,-3.5458874636391906,0.2676882681887945,5.46242222506942,11.715301
SAAKAN0012,-2.308588024017463,1.9230277302923273,4.2185791821787415,1.2042149
SAAMDD0007,-1.2763274650044873,3.905356110193924,2.7895732591024758,46.943123
SAAMDD0008,-1.67099273580413,2.647204587675347,4.249574109348409,40.00898
SAAMDD0009,-1.5140327559741003,3.596920874798663,3.0661499002104917,45.019627
SAAMDD0010,-2.851343228447824,2.040765510917169,4.904232799220783,45.54326
SAAMDD0011,-2.1509601381650105,3.025205120260931,3.516892881077367,49.559055
SAANUL0001,-1.8845503376998989,1.320970762189477,1.7449665751715822,7.455624
SAANUL0002,-4.122819422027301,0.7491798630482694,2.9666627431109966,31.820803
SAANUL0003,-3.2405404666209487,0.8861425135279497,3.4281611343128544,33.669876
SAANUL0004,-3.231922573723506,0.2650893669254205,2.7843012325503937,40.20274
SAANUL0005,-0.0422235143886172,3.26910483858712,3.3156286985150065,37.74035
SAARIV0001,2.60122779333139,3.6852001951925653,1.4834553069780172,193.45357
SAARIV0002,2.39021283006412,3.2460657590735047,1.580965959406576,187.16919
SAARIV0003,2.8631470091588755,3.097574506591036,2.2714177141458207,191.05975
SAARIV0004,-0.4985146950050718,2.6985589140036645,1.716410743400461,118.15963
SAARIV0005,-0.13713813823404575,2.5052716117210143,1.9607257688478432,115.41889
SAARIV0006,-1.5396798441176691,1.6778878646113868,2.027466489913159,121.67448
SAARIV0007,-0.610214348756908,1.7820531607376597,3.7195285394008977,65.13092
SAARIV0008,-0.5654300534364127,2.0769676609068592,3.3328067531508996,65.57232
SAARIV0009,-0.6109132312705589,1.5350993079526083,3.78918891270666,57.12965
SAARIV0010,-0.3290635859087865,1.9747033405413992,2.974064548663871,110.21525
SAARIV0011,0.3928723238486574,2.670381598414623,2.34478357755749,140.42987
SAARIV0012,-0.46251184265805306,2.911990527237405,1.8841263493541265,102.07902
SAARIV0013,-1.5630376477290826,2.678475895314489,2.3111561538667367,102.65263
SAARIV0014,0.29119341651816655,2.242705536008194,2.701661825683744,154.70107
SAARIV0015,-1.4681196848939213,2.1835699785254503,2.4790937438653344,139.42464
SAASTP0001,1.0031213235392984,2.8172188736373913,-1.393922234432288,19.070126
SAASTP0002,1.18825236307529,3.409590294414377,-1.6071062967885568,21.241571
SAASTP0003,0.8597408892541013,3.459510907186737,-1.216611852020559,22.83709
SAASTP0004,1.3187860813406378,2.9117274574642216,-0.691365038360069,22.669697
SAASTP0005,1.6677411830137567,3.1414251919706517,-0.8369773230818963,32.91964
SAASTP0006,1.8690783096219674,4.517292027405183,-1.107155390345784,24.099838
SAASTP0007,1.1916371935134513,3.9534754551254703,-1.0384541997032206,22.53552
SAASTP0008,-0.27977405479085327,2.4075937528970166,0.11040205412069913,14.41884
SAASTP0009,1.03223720032791,3.7230260569495837,-0.6066974642253425,24.097277
SAASTP0010,0.0316434452331701,2.4930899742335537,-0.354284484821462,13.879695
SAASTP0011,-0.9937809048395619,2.0558227255546986,-1.3006508966752055,13.694547
SAASTP0012,-0.3801939203070017,2.428049570888921,-0.6257871332764491,31.840876
SAASTP0013,-0.5550668160290025,2.1624544871360047,-0.9229109238215611,17.106882
SAASTP0014,0.2099604884134668,3.1655372511983217,-0.6396271145961213,22.346037
SAASTP0015,-0.5044649576715442,2.8447837211841267,-0.749518689353946,16.9659
SAASTP0016,-0.027128074482609194,3.310716363975846,-0.7260861279941413,23.21038
SAASTP0017,0.7084753293331327,3.814704239814011,-1.0118825440847068,21.450891
SAASTP0018,1.6166591892921691,4.166520221950834,-0.23241152768057247,13.872199
SAASTP0019,0.6126111178571091,4.110039806390383,-0.9755688354186123,18.521051
SAASTP0020,1.3679399597622002,4.479851788724159,-0.8089162167414925,17.110617
SAASTP0021,0.3321020316431362,3.056664257485811,0.6650834611962609,14.390882
SAASTP0022,2.2152570887173404,4.142915851006001,-0.9668362749009105,32.18341
SAASTP0023,2.064916305558283,3.9537130452626648,-0.6211331957520176,11.776651
SAASTP0024,1.2342166719844267,3.3230708429703983,-0.2867564760827384,12.732357
SAASTP0025,1.2711179949981675,3.446813312897086,-0.4467562776274667,10.627277
SAASTP0026,0.02960660713835422,1.9160571497109755,-1.1746089614682127,20.053072
SAASTP0027,0.05026256217694438,1.9905782799148497,-0.954094211045821,27.499115
SAASTP0028,-0.045293649412397184,1.7855791005591708,-1.1334071606183527,20.868868
SAASTP0029,0.8347462377406272,3.2635109728650007,-0.9176198337981487,9.008061
SAASTP0030,-3.4838240496207176,0.5638459611830438,2.2893947114816653,53.427094
SAASTP0031,-4.106527441774016,0.2539486903067313,2.342932259315775,47.706795
SAASTP0032,-0.9150769355663767,2.723590177280962,0.9715290039878866,54.684464
SAASTP0033,-0.22232965915321087,2.2844345858389254,-0.4042376026704329,14.187411
SAASTP0034,0.6347715599908199,3.436369039870758,-0.03039099348883183,12.878897
SAASTP0036,0.13051229148617083,2.555007899198405,-1.0578121789247064,21.02445
SAASTP0037,-0.6657690674984871,1.8197168006387312,-1.0049257223073176,22.57823
SASMDD0001,-3.419206348386551,1.2716638161397018,2.5452948865310425,125.32334
SASMDD0002,-3.0809207818462134,1.1678656287672093,2.6080723213006607,133.36862
SASMDD0003,-3.5014411817896427,1.2432128600316577,2.560758684552786,128.4033
SASMDD0004,-1.7658075854254769,2.155981943807094,2.3436431973159477,151.16531
SASMDD0005,-2.6761730351217174,0.8220278779508581,3.6292812159020227,124.38271
SASMDD0006,-2.676879170837755,0.8187296769724435,3.5853143783926966,128.1365
SASMDD0008,1.9917730020150426,3.9462920253852536,1.2196976113292686,181.48512
SASMDD0009,-1.8770474613873063,1.9090424792666678,2.8574061992903523,170.08586
SASMDD0010,-3.2228536762597892,1.1650091794516655,2.8650528516022358,126.7262
SASMDD0011,-1.8632740891510522,1.7307220543587578,2.610652154575878,131.13472
SASMDD0012,1.9541497931106309,4.108624069669728,1.615562682120938,184.99959
SASMDD0013,2.3449362481324223,4.861767076596828,0.034337908966706014,178.15999
SASMDD0014,-0.3429964673866003,3.3177908584634874,1.2991050573345513,147.80843
SASMDD0016,-2.5086033072811538,1.1286255671219685,3.0437785518246354,123.85519
SASMDD0017,-2.2908071408553736,1.2823727817781845,2.9713008756088977,122.484566
SASMDD0018,-2.975995865115265,1.2917564246212456,2.5703115937109375,124.98065
SASRIV0001,1.650118919935414,4.959294393238112,0.2860033785837239,178.14075
SASRIV0002,2.3663965622018126,4.773460983099109,0.8464460195413046,170.73907
SATEYB0001,-0.18760563079825848,2.0973743759378998,2.841268674240662,31.230795
SATEYB0002,-1.2044334991862904,1.277900302549857,3.446265744692269,17.674587
SATFLB0001,-1.6524082511668223,-1.2171532425124196,0.027613525573630986,8.194218
SATFLB0002,1.0055621162229818,-1.9772423882993688,-2.283282626428391,1.2587489
SATFLB0003,-0.357554918847071,-2.4604331369067456,-2.2701587160980177,4.507621
SATFLB0004,1.4098339377975235,2.100832531799104,0.2730299616363564,0.39441413
SATFLB0005,0.7171968104029589,1.6279250649934998,2.037866589825364,0.54911184
SATFLB0006,-1.5284088937258486,2.002951465822516,0.5115404257964526,0.9241713
SATFLB0007,0.05335058881410931,1.8564696284079312,1.0932588768245686,0.7808721
SATFLB0008,0.042336056884321634,2.3019435435373095,0.4557090231833118,1.0607054
SATFLB0009,0.7669601474314116,1.5932785688301287,0.7402890161002594,1.4656935
SATFLB0010,0.06178539472969441,0.8543959026376667,1.3960446410279206,1.3455043
SATFLB0011,0.6265572770434669,-0.19968992229142443,0.8614024864487154,2.982471
SATFLB0012,2.5187893941556436,-1.1797214607291338,-0.7387907883248581,0.989257
SATFLB0013,1.6331492599114894,-0.40715736089215354,-2.0103361199209986,1.6923629
SATFLB0014,0.8886188588438307,-0.3672666008090353,-0.5338528631604096,3.6729538
SATFLB0015,1.9945075448009733,-2.290392771325201,-2.2741865658049645,1.9953917
SATFLB0016,0.03168004393070079,2.155471295132301,-0.09489557622276477,5.0074434
SATFLB0017,-0.6588403218332154,1.5602124615098596,-0.9611582623230516,1.4477075
SATFLB0018,1.156007115092404,0.6847832773864293,2.5086281673475264,1.3987491
SATFLB0019,-0.14886142648238881,2.622165208563665,0.9514404381927303,1.3134938
SATFLB0020,-0.26623351873024614,2.242288796170756,0.7082789056382494,2.2193394
SATFLB0021,-1.0592772227275804,2.2734030707362303,0.019062917586985736,0.7123277
SATFLB0022,-1.267719934180504,1.9755356101434682,-0.40184471089228496,1.3495003
SATFLB0023,0.017819408822994688,2.47679914832362,0.4717608975424514,2.8007615
SATFLB0024,0.5806661730432577,1.982776013696608,-0.1115526247818579,3.862052
SATFLB0025,-0.24575983446437957,1.9641709777239438,0.14491193515180206,2.574973
SATFLB0026,4.071640188990024,-2.6558803040263257,-1.275735990592632,1.0309004
SATFLB0027,2.076291652173745,-1.7000210291028905,-1.8857237302881955,1.1398772
SATFLB0028,0.6821591841812056,4.128689308116456,-0.385194389735868,4.4859715
SATKAN0001,2.346551702956816,-0.9581736176760797,-3.8318492497647307,9.10933
SATKAN0002,1.6073083003117596,-2.0277400189172115,-2.520459431168784,6.9385695
SATKAN0003,0.6829461141839441,-1.739103439908419,-1.269445975802863,2.5007477
SATKAN0004,0.31607543745719663,-1.4955479948119834,-1.8495467435087325,5.8807764
SATSTP0001,1.2210473128764827,3.6384686635821373,-0.09570859887538416,54.660637
SATSTP0002,0.6616375296563024,2.965225482151646,0.04365083129196949,66.39558
SATSTP0003,0.5961024978729743,4.124430764891234,-0.5108274572170098,59.782455
SATSTP0004,3.079403829797707,5.169080155484357,-1.005729998152132,66.64934
SATSTP0005,-2.2675739111536988,1.3939758257084622,0.8275248335278174,43.854645
SATSTP0006,-0.32786108606971365,3.788939945358558,-0.9355945425014848,77.66547
SATSTP0007,0.8016961843723871,4.279346345447872,-1.6193298078039662,56.81372
SATSTP0008,-1.12866470396433,2.9547544337727447,0.5403086081044334,23.173172
TCABEL0001,12.704919499681086,-6.110748874863431,5.985498090924861,1.6802238
TCABEL0002,14.287093772567712,-6.5001790270539175,7.212041722473783,2.0495105
TCABEL0003,10.63018792543555,-5.467870644263138,3.578183148101337,4.013459
TCATCH0001,9.16812250044883,-4.6690162037743725,2.3566516203711343,1.2498548
TCATCH0002,10.902265139733592,-2.9735610650120137,3.152051773087302,8.507362
TCATCH0003,8.01449241689227,-3.026467393002343,1.2411391089581256,14.684968
TCATCH0004,6.72058281539203,-3.5604717926822755,0.7916383188209369,1.0858319
TCATCH0005,7.401146991260687,-2.603119473178571,0.6466740982902374,11.271127
TCATCH0006,7.552564994542403,-2.543650770681837,0.6643609662837235,6.913898
TCATCH0007,8.934067491219196,-5.490947040115501,4.963551366587764,9.401227
TCATCH0008,10.355376960398338,-3.7458578441082597,3.178326590012082,7.4236474
TCATCH0009,8.267458078614162,-3.1165831000570594,1.28610783409179,7.8108563
TCATCH0010,9.765476456385004,-4.328311482901478,2.085360939143263,12.787924
TCATCH0011,7.507655445883553,-4.400809514236362,1.0536502631808418,1.3892907
TCATCH0012,6.009323397672534,-3.300868532819222,1.8872922536551473,5.294712
TCATNM0001,2.234998555806184,-1.1692537963081844,-1.4776676682466976,14.396755
TCATNM0002,3.019629318145122,-0.948006957597642,0.8380160033943258,3.2661479
TCATNM0003,1.9068195158968164,-1.1620023943513242,-1.4467204322781642,1.7527326
TCATNM0004,2.516621998451472,-0.9508124213051226,-1.2187355915377234,20.00187
TCATNM0005,2.5448312254064147,-1.5688519590713808,-1.9374512871874003,1.5280725
TCATNM0006,3.124252149552594,-1.082122692391545,0.5063107362979848,3.7509148
TCFBEL0001,6.614482942996191,-4.859221618474808,-0.25959773164882183,2.2470694
TCFBEL0002,9.289560760188415,-5.796828876681142,2.269077863560915,1.3734004
TCFKIN0001,6.024869482604072,-4.562781767506341,0.908169459640656,4.4733167
TCFKIN0002,4.870546314120084,-5.501747632120678,0.754715861854259,1.2806016
TCFTNS0001,7.9341302846088055,-5.23410443414003,1.4913399683311885,1.2102677
TCFTNS0002,12.693450849921163,-4.888926258425732,3.0861611791529797,9.113305
TCFTNS0003,10.961812096268803,-5.413474094937613,3.1291426776909677,4.0648174
TCFTNS0004,8.035080882323989,-4.796935094310258,0.9628431167187296,1.1339802
TCFTSR0001,9.323824433452325,-4.830514442191225,0.9766958237438566,1.4539468
TCFTSR0002,8.293269142226709,-4.630818014421354,0.23522448165036688,4.946676
TCFTSR0003,10.946838558991567,-6.463822270633399,1.925187733938004,1.1274269
TCFTSR0004,6.220568912145404,-3.12120447955268,-0.30647809082489874,1.8330865
TCFTSR0005,8.243859150579139,-4.451792606213176,-0.042370252844139346,1.3448373
TCFTSR0006,9.329527277079862,-6.2267237311646415,0.8957372996725995,1.3282126
VCAAUA0001,7.954308751064551,-6.57507479370123,3.8360428285058323,3.6918757
VCAAUA0002,7.741921967264983,-6.198072348081386,3.623552062272113,4.29393
VCAAUA0003,9.009635870599713,-7.079171143694665,4.576832484491075,7.76414
VCAAUA0004,8.367578034054612,-6.283234524236962,3.5008798018068523,3.3708878
VCAAUA0005,7.571582833570619,-5.8934893626937415,3.2982138260099845,3.3884962
VCAAUA0006,12.097841552585177,-6.826612352120516,7.020256372780725,7.772749
VCAAUA0007,8.295481659086548,-6.722721220383337,3.850732025511043,5.2233515
VCAAUA0008,8.532002867208485,-6.819823666104402,3.815757396053076,2.9675977
VCAAUA0009,8.31760381351728,-5.758492744282335,3.255101433597015,4.1605163
VCAAUA0010,8.791170242092946,-6.626273787568695,3.3838150609409743,2.73644
VCAAUA0011,12.669527090060193,-4.891957939851708,6.349124335470512,10.203415
VCAAUA0012,9.696001275569444,-5.422525662905052,3.5499948537733714,5.768991
VCAAUA0013,5.547495625393396,-4.631747989485078,-0.20048107341433477,2.6474755
VCAAUA0014,5.3809205408901635,-4.446278908198102,-0.8854682352430232,3.597039
VCAAUA0015,4.923871166974763,-4.67801368719877,-1.4592007687957287,1.8258333
VCAMDD0001,-3.1361389698983118,2.1810516326994573,2.4762500073279567,176.1236
VCAMDD0002,-3.037815009186333,2.1235490235118473,2.494102759137375,185.22142
VCAMDD0003,-3.360555831639879,2.1622421301800214,2.3176664822774984,185.84933
VCFSEH0001,8.235582744638862,-5.0706379486681765,0.6509998452309667,11.515957
VCFSEH0002,11.45713581436701,-5.498298943644135,3.363615169429248,15.256788
VCFSEH0003,10.185346786954529,-4.186942531867201,0.7854149040627929,2.2853944
VCFSEH0004,9.6107845570456,-5.616762551021905,2.197377255429951,1.4077717
VCFSEH0005,11.392938629644336,-5.358035653720259,2.6229714628851375,5.8954825
VCFSEH0006,6.948329946176728,-4.319333583702124,-1.3489464085904794,17.78578
VCFSEH0007,7.317710768168092,-4.881710405147193,-0.05567198972700198,11.879546
VCFSEH0008,7.832180913594873,-5.305820851240681,1.1659249350916256,8.89287
WAAAVW0001,-3.81824753425924,-2.648192233975195,-1.0366473361100388,13.681172
WAAAVW0002,-3.853999115063253,-2.451648591441755,-1.5044441510004203,16.952011
WAAAVW0003,-2.727341574309866,-3.2213724277406013,-1.2156302519118296,2.4808095
WAAAVW0004,-2.6653364779628608,-3.142507345889174,-1.1136605302705511,3.3762627
WAAAVW0005,-1.593644934824269,-0.2817882974688827,-1.4341417586466574,13.0652
WAAAVW0006,-1.9425859807953545,-1.295741212596352,-2.1924158158501497,10.377536
WAAAVW0007,-3.0658702013172454,-1.345167889136591,-0.44829851388926967,20.788826
WAAAVW0008,-2.6375102304871034,-2.904193987120049,-1.4843486931307828,4.8603806
WAACAR0001,-1.418574332622698,-1.0599011685088107,1.3496788262197346,43.118137
WAACAR0002,-1.9850894567478505,-1.769528720221108,1.930084407334678,35.132004
WAACAR0003,-3.1863590252047262,-3.3210747449649594,2.44494001870889,39.857887
WAACAR0004,-2.459315305247913,-1.6674366654893231,0.7096763140740683,7.016237
WAACEK0001,-1.6755192541151591,-1.935346406586538,-0.8844733814058735,11.95281
WAACEK0002,-0.605732212226725,-1.0466549150567492,0.010431980843531585,17.87082
WAACEK0003,0.10896352812773384,-0.9125782977798419,-1.1340632523189627,2.488836
WAACOO0001,-4.233719126895371,-1.5560906268066024,-0.19045362155013296,21.016153
WAACOO0003,-3.4716445103234133,0.1728480912389232,1.013974159555132,26.630964
WAACOO0004,-2.7969467338428498,0.058186870316002864,0.5967123248490794,23.698286
WAACOO0005,-2.5722927976233865,0.08679130180910788,-0.28547228868179714,8.664665
WAACOO0006,-3.285154364228759,-0.7688517973417788,-0.7228247013483383,18.45105
WAACOO0007,-2.454146883888248,0.7681064376030612,-0.4527241624354458,20.100233
WAACOO0008,-1.5793845510768891,0.09877052220972153,0.0937840158996625,16.060753
WAACOO0009,-2.348529930013697,0.5558147398738037,-1.2248274010651146,7.856735
WAACOO0010,-2.8108015971858844,-0.11572589693844587,-0.7580396916292594,6.083829
WAACOO0011,-3.3126303294617263,1.213164213151885,0.38494220010345215,16.050032
WAACOO0012,-2.5231943719752596,0.8891562248659678,-1.0873744153387521,9.791886
WAACOO0016,-4.6535965975420615,-2.8148179399569018,-0.5395106392280862,17.978973
WAACOO0017,-4.201713714060777,-2.2708438363309,-0.9753160680307202,15.913976
WAACOO0018,-4.008100609974417,-1.9345685582644903,-0.8322333583018809,22.846472
WAACOO0019,-4.387047726844099,-0.997550263328819,-0.2499233077824188,22.154802
WAACOO0020,-1.5425217622444307,0.6573832643763853,-1.333770812414129,17.886343
WAACOO0021,-1.301949539186133,0.6903924491859725,-1.818214774929545,15.632942
WAACOO0022,-1.0959190585192433,1.1115537812105483,-1.6333693394902227,17.42132
WAACOO0023,-1.6418613874354309,0.7810227533571693,-1.2533038652177269,14.349793
WAACOO0024,-2.6181443835401166,-0.016289014137826623,-0.5882446294861386,13.325946
WAACOO0025,-1.647038225590194,-0.022860406900886053,-0.4501782170311514,9.953522
WAACOO0026,-5.049844991365157,-2.5426919171960103,-0.3381048044679909,13.773639
WAACOO0027,-5.057461385876815,-2.381341628784409,0.11440291313534341,15.119833
WAACOO0028,-4.877518909964297,-1.7338042365324893,-0.18623480942572623,13.175725
WAACOO0029,-5.056440101485464,-2.595926782249719,-0.12822670901630812,11.695072
WAACOO0030,2.165124893034609,4.410552041217135,0.5655970133819146,6.4311423
WAACOO0031,-4.979545606257253,-2.44305964329126,-0.02841699570962986,14.149099
WAACOO0032,-4.908043418665928,-3.097698792723714,-0.1802061444473097,17.997631
WAACOO0034,-1.6331998899226874,-0.2710694716488581,-1.0619044794239687,11.049542
WAACOO0035,-2.7555304897603303,-0.3841033468987996,-0.8328665653691228,12.592466
WAACOO0036,-1.9086194477244063,1.0099441918001588,-0.07895602625902064,21.76017
WAACOO0037,-2.8542521548064004,-0.20884486689856777,-0.7313577057815563,26.20652
WAACOO0038,-1.4010968168202929,0.3017795209387178,-0.0720171462672439,11.413266
WAADAL0001,2.9770112856377917,0.6097704314039235,-0.021346085856334393,3.7045636
WAADAL0002,-3.707785932173573,-2.573107002078882,-1.135282003518644,41.07797
WAADAL0003,-0.5085241496235857,1.0710131755624233,0.3328730064931609,42.35818
WAADAL0004,-4.081437970874229,-2.7528454242490517,-0.9862395620570497,47.663345
WAADAL0005,-2.807949004337667,-2.4116271202102593,-1.4046301488985824,13.919819
WAAESP0001,-3.2561079118989427,-4.388485485377718,1.030879361698354,21.749058
WAAGAS0001,-1.0018632324750154,-0.07227452198710274,-0.9695241134579144,14.736129
WAAGAS0002,-0.15918280120055261,0.29820901102174346,-0.6246507959204913,9.303605
WAAGES0001,-4.36621816731949,-2.9664655313451753,1.131995716761801,21.310793
WAAGES0002,-3.347952773333347,-2.630692970672192,0.5881048312936747,6.235213
WAAGES0003,-2.6077878104077836,-1.0950727205237658,-0.8146181017907749,37.939663
WAAGES0004,-3.5889243596011235,-2.250790462868823,0.5383490137710103,13.973498
WAAGES0005,-3.8055286705450264,-1.7630998537211002,0.7602445600377001,16.928238
WAAGSD0001,-4.8445104127002585,-3.6403776739353693,-0.1926253426042004,32.768757
WAAGSD0002,-0.09503075298815017,1.9233482418149008,0.5575364448717056,50.354404
WAAGSD0003,-4.427797399834411,-3.3924959192735176,-0.4263318764743755,39.01485
WAAGSD0004,-1.1403180128742785,1.0007283674885055,0.38931924114869887,44.6192
WAAGVD0001,-2.1379828882530085,0.43954572416624715,0.23662104303926165,32.648136
WAAGVD0002,-3.4516465786043518,-0.6400801810262767,-0.5417255083281102,31.286448
WAAGVD0003,-3.723825689275849,-1.2561170597203268,-0.7035851530216615,32.296196
WAAGVD0004,-3.9040749971191158,-1.1232826809308636,-0.3596784695493678,27.653133
WAAGVD0006,-3.7100978930634634,-0.4191310049153406,-0.1997636802214433,33.13362
WAAGVD0007,-2.958088508806183,-0.23528157797799465,-0.5694490424380773,31.44878
WAAGVD0008,-3.685660615857466,-0.6696333066690033,-0.2531319615214571,25.933645
WAAGVD0009,-3.963288100019672,-0.6646375672624927,0.010807578449240867,29.43043
WAAGVD0010,-3.8390442176102395,-0.757059982740257,-0.16948928078296602,34.888363
WAAGVD0011,-3.814172073080981,-0.739987062813372,-0.19122650979737196,35.842644
WAAGVD0012,-4.224513194691951,-1.1481323741730873,-0.09406009786772271,34.606262
WAAGVD0013,-3.474305674441565,-0.7447287210247875,-0.49437703377338615,40.64138
WAAGVD0014,-4.020176288169459,-1.0363916415443954,-0.4283915781375674,29.702343
WAAGVD0015,-3.7696507012202503,-1.223240082814217,-0.6038879968962165,34.330658
WAAGVD0016,-3.5336674136409516,-1.2846721987856928,-0.6126466225065563,32.82554
WAAGVD0017,-3.6751276526190635,-1.15280376025849,-0.3715158478546981,39.542107
WAAHAM0001,-4.374116437273984,-0.47246662046791726,1.9112525503227449,60.358494
WAAHAM0002,-0.9044026255209011,1.9549605417346152,1.2617946739268757,62.72339
WAAHAM0003,1.638540924336762,3.7591650010261803,0.721656107162442,18.0615
WAAHAM0004,0.29447858237739283,3.0417985060626105,1.700027661092249,55.39012
WAAHAM0005,-5.317377262447479,-0.22423649270458154,3.0818317064585314,55.32417
WAAHAM0006,-3.743384698555885,-0.7229010225336197,3.33835789763793,36.62556
WAAJAF0001,-2.679031809744559,-5.105711517087212,-0.44533496084429414,15.909981
WAAJAF0002,-2.0290299330732897,-4.6883294103728055,-0.8050192105895511,11.371873
WAAJAF0003,-3.139282237286456,-4.331400116177566,0.7883629602801012,11.988407
WAAJAF0004,-1.4867282477993007,-2.5080102814611585,-1.6511483613355675,4.0730305
WAAJAF0005,-1.691338285832427,-2.4509417719937128,-1.1091828426323824,1.8165884
WAAJAF0006,-2.3445266105829794,-2.481113662622385,-0.7646872296808644,2.854146
WAAJAF0007,-1.7409338550640758,-2.3992096894071837,-1.1903913002639026,5.1740236
WAAJAF0008,-2.60547388656397,-2.279591287203179,-0.9402691150052793,2.6982017
WAAJAF0009,-1.4352769381683375,-2.029063334170889,-0.8552827847888236,9.414087
WAAJAF0010,-1.7285279243826772,-1.8818267777244035,0.1809453012392521,11.412187
WAAJAF0011,-1.4362767901876314,-2.309399342732065,-1.2717842959218473,3.0103726
WAAJAF0012,-2.199658977781656,-2.953124801015004,-0.734725364181926,21.017761
WAALSD0001,-3.1631550027910884,-1.7581067042507748,-1.610966317847375,15.3790455
WAALSD0002,-3.7213921641068186,-2.316029178063581,-1.4041812695776825,21.874619
WAALSD0003,-4.069414138806696,-2.3949119072740066,-0.5153800890566789,12.014257
WAALSD0004,-3.550432852324704,-2.045783855631053,-0.831441502792682,14.310962
WAAMAL0001,0.05996406963784326,2.138368576604198,2.1977898016512105,41.081062
WAAMAL0002,-3.251535279674926,-1.670758025757115,-0.4223101113771058,17.530607
WAAMAL0003,-3.3191192301662937,-1.1694533836574463,-1.0046984516089503,17.000761
WAAMAL0004,-2.946841970250079,1.174225129382837,0.5043196773806539,24.999804
WAAMUR0001,-3.662963970175417,-1.7337105123970702,-0.10201513426281486,23.120764
WAAMUR0002,-4.314625746810961,-2.8362000946601307,-0.21127156099126154,18.546926
WAAMUR0003,0.35720204717760357,0.9166624251999769,-0.8248734575284338,34.90239
WAAMUR0004,-0.2359866372556737,-0.04886729783511621,-1.1257239202609248,47.610435
WAAMUR0005,-0.40067951257981854,0.2165769083415746,-1.1325633460842026,38.112556
WAAMUR0006,-0.434067053690212,0.1413364471084515,-1.001666310960594,15.27062
WAAMUR0007,-0.6626221709088607,0.27554081247598894,-1.2473205778083813,35.119225
WAAMUR0008,-0.7655884901116584,-0.11560768679999993,-0.46121684656140116,3.8052986
WAAMUR0009,-1.7288897371121126,0.5976299520777789,-0.6635055028418008,13.32913
WAAMUR0011,-1.6414870677275177,0.8263454546703778,-0.7849440496996519,17.04931
WAAMUR0012,-1.2254254912710083,1.1567546668405246,-0.2965254770937113,18.217573
WAAMUR0013,-1.2894038264374468,0.6638876596298612,-0.8862339571517217,14.83395
WAAMUR0028,-4.209228238985978,-1.4473524936606628,1.0596998063368117,17.563755
WAAMUR0029,-4.556194138063397,-2.379218649811547,0.12645815972679236,11.267749
WAAMUR0030,-4.352183328381121,-2.0733047124411623,0.45584782832629067,21.87089
WAAMUR0031,-4.3971484747365945,-2.177102086636411,0.19925371335884315,12.997916
WAANOK0001,-1.1256821703864452,-1.7564290441127628,-1.7036568877950855,15.058277
WAANOK0002,-0.7493906324953675,-2.1318339690307133,-1.5003390932648748,14.053321
WAANOK0003,-2.4698900386674887,-3.3346837579343283,-0.9271932699904056,19.650444
WAANOK0004,-0.6615759141738363,-2.519106953781375,-0.3979785569352074,6.359728
WAANOK0005,-3.223413075682877,-3.4805679895202433,-0.38610353421221666,12.158543
WAANOK0006,-2.5641999615665902,-3.6514474173092513,-0.30711470107181316,19.458
WAANOK0007,-2.3261015130431004,-2.789037176513494,0.1042568332489357,19.362616
WAANOK0008,-0.6750353433853665,-2.3510457869782755,-0.39152823050552105,3.899315
WAANUL0001,2.3500353005659336,3.7948940585341817,-1.1943112751877105,10.743223
WAANUL0002,2.0675854207813145,3.621031338873817,-1.0365829158779367,10.936943
WAANUL0003,-1.4011421981785686,0.5038740249563216,-0.28545636383749984,43.442684
WAANUL0004,-2.5240581993368885,-0.3776742964845052,-0.4598498902069565,52.18384
WAANUL0005,0.3876008871816246,2.2563184458543337,-1.3073899757950753,13.302586
WAANUL0006,-0.9135060266236413,1.2447743276918983,-0.57644386995204,11.873805
WAANUL0007,-0.08593001456460904,1.9215841304839283,-0.9470286739489411,10.502285
WAANUL0008,-0.8949212794351908,1.0793595452433622,-0.20267367474146833,12.488409
WAANUL0009,-1.435226944922123,-0.10936517737367576,-1.2886912537960793,53.422474
WAAPIL0001,-0.33053736378640236,-0.1244687966401384,-1.6338737156076923,28.428469
WAAPIL0002,-0.2082707467777262,0.2720736854982424,0.04017140664584233,16.30483
WAAPIL0003,-0.44986124129996174,-0.4734138391241129,-1.3983143253410324,9.731331
WAAPIL0004,0.8976783555948826,1.1253446573315613,-1.5702051175953777,20.652334
WAAPIL0005,-0.5196307320453996,-0.6749712700121354,0.25086556699656953,12.137006
WAAPIL0006,-0.656219921538161,-0.648237135395225,-0.6183146565342138,2.1410074
WAAPIL0007,-1.37919846354356,-1.0340461474511469,-0.8945385408464932,40.88077
WAAPIL0008,0.8518492421319777,1.914710385607896,-0.05281044485984304,17.104216
WAAPIL0009,0.3846274488942364,1.6412249842791171,-0.705906027871676,42.954155
WAAPIL0010,-0.6461037178072282,-0.38150348739264267,-1.4742502412327874,23.386555
WAAPIL0011,0.019179988736698853,1.4644301599177936,-1.814703462230252,34.332596
WAAPIL0012,-2.150637443549777,0.11270592657387775,-0.7327188896193134,14.229655
WAAPIL0013,-1.4833601140955917,0.42540435710037977,-0.4320535108418439,3.8699508
WAAPIL0014,0.04552738501600887,0.8860091437381027,-0.9676608829679502,38.15164
WAAPIL0015,0.5467977655558973,0.9642833349252811,-2.6760352939651644,15.210648
WAAPIL0016,-1.9202048454530178,-1.0086899311803996,-1.1270528383146639,21.083515
WAAPIL0017,-0.4880941171347543,-0.27881592372640296,-0.9234631673728547,2.0628896
WAAPIL0018,0.20968749263029712,1.185679933719757,-1.581049461340934,22.717506
WAAPIL0019,0.09994763913536986,0.6733660444689155,-1.4517927864348419,18.883732
WAAPIL0020,-0.7587079696827198,1.3864523036934333,0.6365640703493989,26.01402
WAAPIL0021,1.3989728142560396,2.521395484402602,-0.32891925179586495,24.073183
WAAPIL0022,0.6420025473467154,0.5400524502229908,-0.37997718230709154,11.627652
WAAPIL0023,-0.0390346247202293,1.1888817842669062,-1.4429680413218147,42.153557
WAAPIL0024,-0.0951882059159862,0.6209974828178416,-1.3134150339544974,24.56131
WAAPIL0025,-0.045633089637019286,1.240961907042801,-0.34875150717948844,36.488102
WAAPIL0026,-0.3080257902078224,0.885546432163294,-1.0338192410626774,25.935165
WAAPIL0027,-0.8963099718815352,0.9307908561157064,0.2910899156913171,49.05123
WAAPIL0028,-1.1859779877400076,0.5820152074146641,-0.23755267806054042,52.57051
WAAPIL0029,0.30793288407619046,1.3968410448942807,0.2774739082113658,47.62618
WAAPIL0030,0.008481141847731842,0.7072856127476957,-1.9120484858093072,8.392558
WAAPIL0031,-1.3560259893173965,-0.5752186079523415,-1.168650397785858,4.41702
WAAPIL0032,0.029196951113288752,1.1732131048869303,-1.0121707842981245,32.389847
WAAPIL0033,0.18617166998614362,0.5113283295022552,-1.9782465588511973,24.047281
WAAPIL0034,-2.8390649152418566,-0.7982574212039386,-0.05770592296187351,21.872423
WAAPIL0035,-2.5239948796971734,-0.7872316499181066,-0.18809544209198836,15.935635
WAASWA0001,-2.998029065073958,-6.205089382601463,1.6992025588602222,47.762417
WAASWA0002,-3.3272738443423298,-6.111949544796971,1.3853766965938865,43.54044
WAASWA0003,-2.3860140317776297,-5.192104692852922,0.8093352340396104,42.906773
WAASWA0004,-4.245794837566273,-5.161886814858245,1.209332966777443,65.95231
WAASWA0005,-4.265700560797717,-4.976846588310244,1.3161532048155908,56.855133
WAASWA0006,-4.539339962432257,-4.797072040074452,1.1945059248693644,54.398026
WAASWA0007,-4.07919311314666,-5.339546628485616,1.3429829122607988,73.52507
WAASWA0008,-4.367769870932733,-5.851280649348026,0.8168818443953252,65.278275
WAASWA0009,-4.418303939181721,-5.4352607918105855,0.9924720418737228,53.294235
WAASWA0010,-4.042487395156644,-4.902479222549127,1.2904073847720654,69.81085
WAASWA0011,-3.5376840539727303,-6.112291885769564,1.2367659705502452,57.738968
WAASWA0012,-4.473038204672271,-3.6601851601590787,1.0406667342752356,17.662323
WAASWA0013,-4.554711279605804,-4.199775957645628,1.6003859436061376,21.02034
WAASWA0014,-5.260222989546716,-2.6796733570706803,2.7602009814585733,57.567642
WAAVIB0001,2.3747949209602135,4.187194661818252,-1.3961112158620048,11.623605
WAAVIB0002,-2.765257816662542,-1.541610409531875,0.7654315616836648,2.2871075
WAAVIB0003,-1.525417353312996,-2.801236382298288,1.2321554303589113,5.230685
WAAVIB0004,2.7490812449342483,-2.315752358326595,2.5112349559285865,2.4204903
WAAYAL0002,-4.92095491369822,-3.544406046688878,1.6927096990951715,27.07867
WAAYAL0004,-4.521370032047619,-3.2236292369677306,2.043897227988706,32.58064
WAAYAL0005,-3.7436520833708067,-4.261246968619274,2.4083554804486735,22.20474
WAAYAL0006,-2.592726524588537,-1.6835048016148135,-0.6832215256726223,8.290091
WAAYAL0007,-2.054872467296679,0.1651125942050373,-0.5284698446991009,27.750998
WAAYAL0008,-1.4338729147690734,0.12704065205122322,-0.9449858499828171,15.748121
WAFWAR0001,-0.2699755741012627,-5.630992951704736,-0.2023377957915268,3.4718616
WAFWAR0002,-0.20180078071416452,-5.0653339681459695,-0.1202652675289314,14.801294
WAFWAR0003,0.006506084395672728,-5.980935682079119,1.2379024957321945,2.5973647
WAFWAR0004,0.25279680128490517,-4.050493499884726,-2.246469539768276,7.675428
WAFWAR0005,0.640018962693702,-4.882269932903578,-1.3812239497948138,11.634305
WAFWAR0006,0.1440092613495124,-4.075977483257505,-0.7240911066702659,5.579861
WAFWAR0007,2.2680898439060106,-4.182634264465993,-0.5487909835246527,4.631181
WAFWAR0008,0.7796056069366005,-4.565415858066411,-1.3363866017063135,4.7313285
WAFWAR0009,0.11622665025547164,-4.474793983882447,-0.22288244679902222,5.4391184
WAGCOO0001,-2.562527285950174,-1.3181891354006512,-1.9540839300665136,9.971666
WAGCOO0002,-4.030456485675524,-2.441815106128924,-1.4064079568393273,12.24135
WAGCOO0004,-2.2220384389962895,0.9387352020439853,-1.1171794144667055,16.2026
