"","site_unique","Andropogoneae","Chloridoideae","non_applicable/no_tribe","latitude","longitude"
"1","NSABBS0001-58580",0,0,54.3,-31.281189,148.976552
"2","NSABBS0002-58555",0,0,64,-31.2794527777778,148.992461111111
"3","NSABBS0003-58581",0,0,72.5,-30.4546472222222,149.226827777778
"4","NSABBS0004-58556",0,0,91.1,-30.4609638888889,149.246894444444
"5","NSABBS0005-58582",0,0,84.2,-30.4987833333333,149.279986111111
"6","NSABBS0006-58557",0,0,95.6,-30.5102722222222,149.267288888889
"7","NSABHC0001-53596",0,2.9,24,-31.8933505555556,141.433754444444
"8","NSABHC0002-53597",0,5.8,25.3,-31.9270269444444,141.432960833333
"9","NSABHC0003-53598",0,0.4,25.1,-31.8287208333333,141.434033611111
"10","NSABHC0004-53599",0,9.5,27.5,-31.8472788888889,141.9480675
"11","NSABHC0005-53600",2.2,35.8,9.8,-31.8449577777778,141.940497777778
"12","NSABHC0006-53601",2.3,26.5,22.3,-31.8842083333333,141.782308888889
"13","NSABHC0007-53602",0,13.3,28.7,-31.9011336111111,141.764431944444
"14","NSABHC0008-53603",0,5.5,27.1,-31.8859216666667,141.52881
"15","NSABHC0009-53604",1.9,11.3,28.9,-31.0802347222222,141.697368611111
"16","NSABHC0009-58026",0.1,1.2,61.9,-31.0802347222222,141.697368611111
"17","NSABHC0010-53605",0,3.2,11.9,-31.0767180555556,141.700309722222
"18","NSABHC0011-53606",2,10.2,21.9,-31.0253161111111,141.6780775
"19","NSABHC0012-53607",2,4.8,26.7,-31.0795666666667,141.741110277778
"20","NSABHC0012-58022",0,0,46,-31.0795666666667,141.741110277778
"21","NSABHC0013-53608",0,1.1,21,-31.3239188888889,141.600803055556
"22","NSABHC0014-53609",1.8,5.8,18.4,-31.3311533333333,141.5914625
"23","NSABHC0015-57104",3.2,22.8,19.6,-31.83394,141.05925
"24","NSABHC0016-57105",0,0.3,11.1,-31.8340347222222,141.0614425
"25","NSABHC0017-57106",0,16.5,5.7,-31.8433097222222,141.192628888889
"26","NSABHC0018-57077",0,12.9,13.1,-32.249087,142.0537
"27","NSABHC0019-57078",0,21.2,14.9,-32.514855,141.549646
"28","NSABHC0020-57599",0.1,16.1,15.1,-32.264805,141.500681
"29","NSABHC0021-57098",0,10.5,11.8,-32.120072,141.868274
"30","NSABHC0022-57086",0,0.1,13.4,-30.666082,142.472433
"31","NSABHC0023-57099",0,3,15.3,-31.34395,142.136552777778
"32","NSABHC0024-57100",0,7,15.3,-31.3467916666667,142.148516666667
"33","NSABHC0025-57101",0,14.9,8.6,-32.420531,141.535447
"34","NSABHC0026-57102",0,2.1,27.8,-31.778032,142.268019
"35","NSABHC0028-58027",0,0.1,22,-31.0659777777778,141.717325
"36","NSABHC0029-58028",0,0.1,95.4,-31.0621666666667,141.669402777778
"37","NSACHC0001-58574",0,0,6.4,-29.4453861111111,142.264755555556
"38","NSACHC0002-58558",0,0.1,27.8,-29.3067333333333,142.180561111111
"39","NSACHC0003-58575",0,0,25,-29.2130861111111,141.895477777778
"40","NSACHC0004-58576",0,0.6,25.2,-29.06618333,141.8645194
"41","NSACOP0001-58551",0,0,15.5,-32.5910611111111,145.540680555556
"42","NSACOP0002-58552",0,0,36.5,-32.6045194444444,145.665288888889
"43","NSAMDD0001-56965",0,0,50.9,-34.1839194444444,142.560225
"44","NSAMDD0002-56952",0,0,74.2,-34.2048166666667,142.602588888889
"45","NSAMDD0003-56968",0,0,69.6,-34.2075416666667,142.604063888889
"46","NSAMDD0004-56953",0,0,44.9,-34.1653666666667,142.5594
"47","NSAMDD0005-56969",0,0.1,45.3,-33.6561944444444,143.203866666667
"48","NSAMDD0006-56954",0,0,45.3,-33.6643194444444,143.166536111111
"49","NSAMDD0007-56970",0,0,51.9,-33.3799805555556,141.160811111111
"50","NSAMDD0008-56955",0,0,36.3,-33.4309611111111,141.072030555556
"51","NSAMDD0009-56971",0,0,44.6,-33.4404944444444,141.065522222222
"52","NSAMDD0010-56956",0,0,57.1,-33.4076027777778,141.293472222222
"53","NSAMDD0011-56981",0,0,31.6,-33.4388194444444,141.012675
"54","NSAMDD0012-56957",0,0,7.5,-33.2631611111111,141.266244444444
"55","NSAMDD0013-56982",0,0,34.8,-33.2376527777778,141.106466666667
"56","NSAMDD0014-56963",0,0,66.4,-33.1679388888889,141.191816666667
"57","NSAMDD0015-57636",0,0,41.5,-33.3118222222222,141.090063888889
"58","NSAMDD0016-56973",0,0,39,-33.2822888888889,141.089808333333
"59","NSAMDD0017-57080",0,0,45.2,-33.6687638888889,145.566383333333
"60","NSAMDD0018-56976",0,0,65.6,-33.5672333333333,145.784008333333
"61","NSAMDD0019-57081",0,0.3,36.5,-33.1921472222222,145.699369444444
"62","NSAMDD0020-56984",0,0,46.5,-33.2068027777778,145.708558333333
"63","NSAMDD0021-57082",0,0,38.2,-33.2008361111111,145.717186111111
"64","NSAMDD0022-56985",0,0,78.4,-33.2252222222222,145.760172222222
"65","NSAMDD0023-57083",0,0,49.2,-32.6900916666667,144.649777777778
"66","NSAMDD0024-56986",0,0,40.9,-32.6822083333333,144.627461111111
"67","NSAMDD0025-57084",0,0.1,35.8,-31.6085916666667,144.246994444444
"68","NSAMDD0026-56987",0,0,24.4,-31.6280111111111,144.201152777778
"69","NSAMDD0027-57087",0,0,51.1,-31.4869194444444,144.189633333333
"70","NSAMDD0028-56988",0,0,29.7,-31.4914388888889,144.182816666667
"71","NSAMDD0029-57088",0,3.2,26.9,-31.3325166666667,144.366963888889
"72","NSAMDD0030-56989",0,0.7,36.4,-31.3179277777778,144.363766666667
"73","NSAMDD0031-58572",0,0,36.7,-32.5862694444444,145.492225
"74","NSAMDD0032-58573",0,0,45.7,-32.7432472222222,145.420908333333
"75","NSAMUL0001-58549",0,0,24.8,-29.2461944444444,145.009269444444
"76","NSAMUL0002-58559",0,0,41.5,-29.21015,145.042447222222
"77","NSAMUL0003-58550",0,0,30.5,-29.1858916666667,145.057058333333
"78","NSAMUL0004-58560",0,0,45.2,-29.1699861111111,145.066908333333
"79","NSANAN0001-58583",0,0,122.2,-30.2837416666667,150.152725
"80","NSANAN0002-58561",0,0,60.6,-30.2822805555556,150.152063888889
"81","NSANET0001-58584",0.2,0,88.4,-29.2564805555556,151.707944444444
"82","NSANSS0001-58579",0,0,113.1,-32.7498555555556,148.347694444444
"83","NSANSS0002-58562",0,0,80.1,-32.8352299647222,148.323979966389
"84","NSTNSS0001-57641",0,0,77,-33.0839138888889,150.228138888889
"85","NSTSYB0001-58122",0,0,161.4,-33.6733444444444,151.134961111111
"86","NSTSYB0002-58008",0,0,189.3,-33.5947055555556,150.625916666667
"87","NSTSYB0003-58414",0,0,166,-33.5266944444444,150.565833333333
"88","NSTSYB0004-58493",0,0,190.2,-33.7050222222222,150.456416666667
"89","NSTSYB0005-58501",0,0,149,-33.6479138888889,150.319194444444
"90","NSTSYB0006-58502",0,0,126,-33.3110111111111,150.251194444444
"91","NSTSYB0007-58496",0,0,147,-33.3293666666667,150.139719444444
"92","NSTSYB0008-58503",1.1,0,106.6,-33.22035,150.027222222222
"93","NSTSYB0009-57649",0,0,138.3,-33.5788305555556,150.364622222222
"94","NTAARP0001-58422",21.7,0,86.7,-13.5572916666667,132.270091666667
"95","NTAARP0002-58423",16.6,0,55.1,-13.5456111111111,132.294363888889
"96","NTAARP0003-58424",5.1,0,32.6,-13.5169694444444,132.457058333333
"97","NTAARP0004-58918",17.6,0,56.8,-12.6917831785377,132.986464155063
"98","NTAARP0004-58932",54.5,0.1,54.1,-12.6917831785377,132.986464155063
"99","NTAARP0005-58919",2.6,0,115.2,-12.727229,132.98496
"100","NTAARP0005-58933",10.8,0,100.6,-12.727229,132.98496
"101","NTABRT0001-53616",0,0,63,-22.2836,133.247327777778
"102","NTABRT0001-58861",0.4,0.5,63.9,-22.2836,133.247327777778
"103","NTABRT0002-53617",0,0,76.1,-22.2836694444444,133.250630555556
"104","NTABRT0002-58862",2.1,2.1,69.3,-22.2836694444444,133.250630555556
"105","NTABRT0003-53618",0,0,65,-22.2835805555556,133.269858333333
"106","NTABRT0003-58872",0.9,0.7,69.7,-22.2835805555556,133.269858333333
"107","NTABRT0004-53619",0,0.2,53.7,-22.2898083333333,133.616422222222
"108","NTABRT0004-58873",0,5.8,49.8,-22.2898083333333,133.616422222222
"109","NTABRT0005-53620",0.2,0,46.2,-22.2910805555556,133.612075
"110","NTABRT0005-58863",0,1,33.8,-22.2910805555556,133.612075
"111","NTABRT0006-53621",0,0.3,53,-22.2890805555556,133.613255555556
"112","NTABRT0006-58864",0,11.5,69.5,-22.2890805555556,133.613255555556
"113","NTABRT0007-58865",0,0.3,39.6,-22.2883483,133.6380666
"114","NTABRT0008-58866",0,0,29.1,-21.9042505,133.448367
"115","NTADAC0001-53518",0,0,170.7,-13.15835,130.777911111111
"116","NTADAC0002-58039",34.9,0.2,64.4,-12.739225,132.340336111111
"117","NTADMR0001-58868",0.1,0.1,27,-19.3530953,134.5673747
"118","NTADMR0002-58869",0,0,28.8,-19.5750838,134.2030725
"119","NTAFIN0001-53519",0.1,0.1,22.6,-24.1243027777778,133.467922222222
"120","NTAFIN0001-58009",0.2,1.7,11.3,-24.1243027777778,133.467922222222
"121","NTAFIN0001-58735",0.1,0.3,17.5,-24.1243027777778,133.467922222222
"122","NTAFIN0002-53622",0,18.7,78.8,-24.0094222222222,133.434311111111
"123","NTAFIN0002-58018",0,7.1,54.8,-24.0094222222222,133.434311111111
"124","NTAFIN0002-58787",0,3.8,58.2,-24.0094222222222,133.434311111111
"125","NTAFIN0003-53623",0.5,0,28.6,-24.1322027777778,133.477008333333
"126","NTAFIN0003-58017",0.1,0.1,28.9,-24.1322027777778,133.477008333333
"127","NTAFIN0003-58788",0.1,7.7,27.6,-24.1322027777778,133.477008333333
"128","NTAFIN0004-53624",0,0,84.1,-24.1872416666667,133.376366666667
"129","NTAFIN0004-58010",0,0,54,-24.1872416666667,133.376366666667
"130","NTAFIN0004-58789",0,0.2,53.3,-24.1872416666667,133.376366666667
"131","NTAFIN0005-53625",0,0,45,-24.1965,133.373936111111
"132","NTAFIN0005-58011",0,0,19.7,-24.1965,133.373936111111
"133","NTAFIN0005-58736",0,0.2,20.6,-24.1965,133.373936111111
"134","NTAFIN0006-53626",0,0.1,2,-24.1775916666667,133.379402777778
"135","NTAFIN0006-58012",0,1.5,11.3,-24.1775916666667,133.379402777778
"136","NTAFIN0006-58737",0,2,25.7,-24.1775916666667,133.379402777778
"137","NTAFIN0007-53627",0,1.3,8.1,-23.9411861111111,133.436038888889
"138","NTAFIN0007-58013",0,9.3,7.6,-23.9411861111111,133.436038888889
"139","NTAFIN0007-58715",0,5.6,30.1,-23.9411861111111,133.436038888889
"140","NTAFIN0008-53628",0,0.2,5.6,-23.930625,133.415494444444
"141","NTAFIN0008-58014",0.1,0.2,46,-23.930625,133.415494444444
"142","NTAFIN0008-58790",0,0.5,46.4,-23.930625,133.415494444444
"143","NTAFIN0009-53629",0,0,16,-24.1280194444444,133.390894444444
"144","NTAFIN0009-58015",0,0,32.7,-24.1280194444444,133.390894444444
"145","NTAFIN0009-58738",0,3.4,36.5,-24.1280194444444,133.390894444444
"146","NTAFIN0010-53630",0,0,10.4,-24.1332916666667,133.373297222222
"147","NTAFIN0010-58016",0,0.3,31.2,-24.1332916666667,133.373297222222
"148","NTAFIN0010-58786",0,0.5,29.4,-24.1332916666667,133.373297222222
"149","NTAFIN0011-53631",0,0,73.7,-24.1618805555556,133.327180555556
"150","NTAFIN0011-58019",0,0.4,38.6,-24.1618805555556,133.327180555556
"151","NTAFIN0011-58739",0,3,31.5,-24.1618805555556,133.327180555556
"152","NTAFIN0012-53632",0,16.4,32.3,-24.5692277777778,133.142097222222
"153","NTAFIN0013-53633",0.4,1.7,41.2,-24.5415361111111,133.184572222222
"154","NTAFIN0014-53634",0,0.9,47.3,-24.5309111111111,133.169541666667
"155","NTAFIN0015-53635",0,1,46.8,-24.5156972222222,133.222825
"156","NTAFIN0016-53636",0,25.4,4.7,-24.4843638888889,133.302966666667
"157","NTAFIN0017-53637",0,0.2,35.6,-24.3774861111111,132.960286111111
"158","NTAFIN0018-53638",0,7.7,27.7,-24.3646638888889,132.949441666667
"159","NTAFIN0019-53639",0,0.2,59.5,-24.3581777777778,132.935747222222
"160","NTAFIN0020-53640",0,1.2,53.7,-24.6685694444444,133.401686111111
"161","NTAFIN0021-53641",0,7.7,4.9,-24.6720166666667,133.463872222222
"162","NTAFIN0022-53642",0,4.2,23.8,-24.6311888888889,133.452183333333
"163","NTAFIN0023-53643",0,0.1,45.3,-24.5597722222222,133.437363888889
"164","NTAFIN0024-53644",0,0,26.5,-24.9175722222222,133.659202777778
"165","NTAFIN0025-53645",0,6.2,30.7,-24.8183638888889,133.676455555556
"166","NTAFIN0026-53646",0,20.8,34.3,-23.9072555555556,133.749905555556
"167","NTAFIN0027-53647",0,37.5,7.4,-23.8357277777778,133.633302777778
"168","NTAFIN0028-53746",0,3.6,11.3,-25.7699305555556,133.393080555556
"169","NTAFIN0029-53747",0,14.9,8.7,-25.737475,133.438483333333
"170","NTAFIN0030-53748",0,3.6,58.4,-25.9481083333333,133.781244444444
"171","NTAFIN0031-53749",0,0.1,19,-25.8998916666667,133.896594444444
"172","NTAFIN0032-53750",0,0.1,53.5,-23.9537666666667,133.92255
"173","NTAFIN0033-53751",0,6.2,40.7,-24.0336583333333,133.971755555556
"174","NTAGFU0001-53648",10,8.1,44.9,-18.9055055555556,137.069263888889
"175","NTAGFU0002-53649",0.7,4.8,50.3,-18.9181194444444,137.052238888889
"176","NTAGFU0003-53650",16.9,0,43.7,-18.6343694444444,137.124438888889
"177","NTAGFU0004-53651",0.5,0,31.4,-18.6240555555556,137.12345
"178","NTAGFU0005-53652",5.5,0.5,75.7,-18.6531916666667,137.121141666667
"179","NTAGFU0006-53653",46.8,0.6,39.8,-18.7786916666667,136.847072222222
"180","NTAGFU0007-53654",0.2,0,91.1,-18.7769138888889,136.826202777778
"181","NTAGFU0008-53655",0.2,0.8,38.1,-18.786075,136.865338888889
"182","NTAGFU0009-53656",10.8,0,51.7,-18.800975,136.983425
"183","NTAGFU0010-53657",0.1,0,65.3,-17.8962777777778,137.100602777778
"184","NTAGFU0011-53658",14.6,0.6,66.8,-17.8957055555556,137.072363888889
"185","NTAGFU0012-53659",12.5,0,49.5,-17.8956416666667,137.018994444444
"186","NTAGFU0013-53660",34.4,0,49.7,-17.8959083333333,137.011625
"187","NTAGFU0014-53661",3.8,7.5,30.7,-17.7517888888889,136.9389
"188","NTAGFU0015-53662",8.2,0,61.9,-17.7444611111111,136.94305
"189","NTAGFU0016-53663",38.8,0.4,29.1,-17.2208861111111,137.260258333333
"190","NTAGFU0017-53664",22.1,1.3,73.6,-17.3548972222222,137.157961111111
"191","NTAGFU0018-53665",23,0,50.7,-17.2724861111111,137.183413888889
"192","NTAGFU0019-53666",34.3,0,39.6,-17.2177416666667,137.236291666667
"193","NTAGFU0020-53667",45.5,0.2,62.2,-16.724875,135.96335
"194","NTAGFU0021-53668",12.1,0,61.6,-16.7154027777778,135.942922222222
"195","NTAGFU0022-53669",3.7,0,52.5,-16.7310138888889,135.963408333333
"196","NTAGFU0023-53670",2.7,0,79,-16.8238944444444,135.830038888889
"197","NTAGFU0024-53671",6.5,0,50.1,-16.8260027777778,135.893211111111
"198","NTAGFU0025-53672",48.1,0,76.8,-16.8252416666667,135.855180555556
"199","NTAGFU0026-53673",43.6,0,47.1,-15.8091222222222,135.406069444444
"200","NTAGFU0027-53674",25,0,53.8,-15.679275,135.460613888889
"201","NTAGFU0028-53675",13.1,0,55.9,-15.6292388888889,135.459755555556
"202","NTAGFU0029-53676",45.5,11.9,28.7,-15.5381,135.409022222222
"203","NTAGFU0030-53677",26.5,0,65.5,-14.1348972222222,134.377833333333
"204","NTAGFU0031-53678",23.4,0,49,-14.1258555555556,134.386677777778
"205","NTAGFU0032-53679",25.2,0.4,30.9,-14.150625,134.373602777778
"206","NTAGFU0033-53680",3,0.1,89.2,-14.1769611111111,134.355480555556
"207","NTAGFU0034-53681",5.3,7.4,47.1,-14.062225,134.421583333333
"208","NTAGFU0035-53682",17.8,0.1,36.5,-14.0478638888889,134.420675
"209","NTAGFU0036-53683",14.8,0,61.1,-14.674575,133.862983333333
"210","NTAGFU0037-53684",16.8,28,48.8,-14.673675,133.892355555556
"211","NTAGFU0038-53685",20.8,0,71.4,-14.689975,133.893744444444
"212","NTAGFU0039-53686",59.6,0.3,35.6,-14.6768,133.882252777778
"213","NTAGFU0040-53687",32,0.2,92,-14.6737055555556,133.844775
"214","NTAGFU0041-58425",39.3,0,64.3,-14.7799944444444,132.891461111111
"215","NTAMAC0001-53574",0,1.4,37.9,-23.9659083333333,133.3723
"216","NTAMAC0001-58791",0,10.5,38.1,-23.9659083333333,133.3723
"217","NTAMAC0002-53575",0.2,0,33.9,-23.9616444444444,133.403508333333
"218","NTAMAC0002-58734",0.6,0,37.6,-23.9616444444444,133.403508333333
"219","NTAMAC0003-53576",0,0,48.5,-23.9590944444444,133.408488888889
"220","NTAMAC0003-58740",0,0.2,43.9,-23.9590944444444,133.408488888889
"221","NTAMGD0001-53520",0.1,10.3,47.5,-20.0230222222222,137.327141666667
"222","NTAMGD0002-53466",6.5,9.6,21.7,-20.0246361111111,137.3258
"223","NTAMGD0003-58431",7.7,0.7,43.8,-17.3582083333333,133.438933333333
"224","NTAMGD0004-58432",15.1,0.1,42.7,-17.5213222222222,133.523488888889
"225","NTAMGD0005-58495",10,0,56.5,-17.4558472222222,133.483566666667
"226","NTAPCK0001-58037",36.1,0,73.8,-12.6757805555556,132.818102777778
"227","NTAPCK0002-58038",25.8,0.2,63.1,-12.820425,132.793452777778
"228","NTAPCK0003-58931",33.6,0,99.7,-12.625497,132.853924
"229","NTAPCK0004-58920",48.3,1,60.1,-12.6238344960457,132.860715379604
"230","NTAPCK0004-58934",51.7,0.2,69.1,-12.6238344960457,132.860715379604
"231","NTAPCK0005-58921",2.9,0,29.5,-12.5733706,132.8388484
"232","NTAPCK0006-58922",29.4,0,75.6,-12.6499321457404,132.865601076437
"233","NTAPCK0006-58935",47.3,0,48.7,-12.6499321457404,132.865601076437
"234","NTAPCK0007-58924",42.5,0,77.4,-12.6936751052381,132.854274250021
"235","NTAPCK0007-58936",54.2,0,69.4,-12.6936751052381,132.854274250021
"236","NTAPCK1009-58937",45,0,49.6,-12.671938,132.942318
"237","NTAPCK1010-58938",25.8,0,67.9,-12.676906,132.964769
"238","NTAPCK1011-58940",25.6,0,63.9,-12.701198,132.929794
"239","NTAPCK1012-58942",32.5,0,69.3,-12.702209,132.932917
"240","NTAPCK2013-58939",34.4,0.1,78.4,-12.706168,132.927351
"241","NTAPCK2014-58941",42.8,0.1,62.1,-12.699107,132.930501
"242","NTASSD0001-53690",0,0,50.4,-25.3097916666667,136.307027777778
"243","NTASSD0003-53691",0,4,32.3,-25.2994444444444,136.298875
"244","NTASSD0004-53692",0,0,35.7,-25.2532666666667,136.274811111111
"245","NTASSD0005-53693",0,3.3,19,-25.7541111111111,136.546952777778
"246","NTASSD0006-53694",0,0,16.7,-25.7534361111111,136.547825
"247","NTASSD0007-53695",0,7.7,16.1,-25.7835555555556,136.564875
"248","NTASSD0008-57074",0,0,24.6,-25.7783361111111,136.562461111111
"249","NTASSD0009-53696",0,2.1,21.9,-24.7817328,136.0114582
"250","NTASSD0010-53697",0,5.5,19.3,-24.792826,136.021357
"251","NTASSD0011-53559",0,1.1,0.3,-25.4805472222222,135.115113888889
"252","NTASSD0012-53560",0,3.8,3.2,-25.5032166666667,135.115711111111
"253","NTASSD0013-53563",0,0.1,2.1,-25.5240472222222,135.139505555556
"254","NTASSD0014-53564",0,0,8.6,-25.1378694444444,135.3707
"255","NTASSD0015-53565",0,0.1,15.2,-25.1239333333333,135.616791666667
"256","NTASSD0016-53566",0,0.4,3.1,-25.1101138888889,135.507997222222
"257","NTASSD0017-53561",0,1,9.5,-25.4765888888889,135.258422222222
"258","NTASSD0018-53562",0,2.3,3.6,-25.1279333333333,135.522638888889
"259","NTASSD0019-53567",0,0.1,9.8,-25.0944083333333,135.640791666667
"260","NTASTU0001-58428",15.7,0,21,-15.8768583333333,133.411919444444
"261","NTASTU0002-58429",34.6,0,28.1,-15.7678388888889,133.378233333333
"262","NTASTU0003-58430",54.7,0,31.5,-15.70665,133.327522222222
"263","NTASTU0004-58426",26.5,0,80.2,-14.8638388888889,132.991402777778
"264","NTASTU0005-58427",0.3,0,71.4,-14.9086444444444,133.047788888889
"265","NTATAN0001-58874",0,0,55.1,-20.6995098,134.2054273
"266","NTATAN0002-58870",0.2,0.1,60.3,-20.7228814,134.2003669
"267","NTATAN0003-58871",0,0,36.5,-20.9215447,133.8713681
"268","NTATAN0004-58875",0.4,0.6,27.9,-20.9217778,133.886123
"269","NTTDAB0001-53580",12.6,0,81,-13.962875,131.673997222222
"270","NTTDAC0001-53755",41.3,0,85.5,-13.1398326944444,130.795687083333
"271","NTTDMR0001-53582",2.9,0.5,57.8,-18.0800416666667,133.684544444444
"272","NTTDMR0002-53581",1.7,0.3,55.8,-18.0724972222222,133.635022222222
"273","NTTDMR0003-53583",6.2,3.6,49.5,-18.0720444444444,133.666930555556
"274","NTTMGD0001-53521",6.9,0.9,53.8,-17.2829694444444,133.423894444444
"275","NTTPCK0001-53584",32.4,0,117.3,-12.8719611111111,131.126994444444
"276","NTTSTU0001-53585",16.1,2.9,99.2,-16.6302416666667,133.271158333333
"277","QDABBN0001-58730",0,0,108.6,-23.8590080555556,148.158248055556
"278","QDABBN0002-58741",0,1.8,80.8,-23.8698788888889,148.149388888889
"279","QDABBS0001-58708",1.6,0.1,96.5,-24.800125,147.769381944444
"280","QDABBS0002-58703",0.7,0.1,66,-24.8323980555556,147.641971944444
"281","QDABBS0003-58709",0,0,131.3,-24.8215838888889,147.741085
"282","QDABBS0004-58726",13.3,1.2,82.4,-24.7841438888889,147.759626944444
"283","QDABBS0005-58747",15.1,2.3,69.7,-24.7685211111111,147.766605
"284","QDABBS0006-58727",22.3,2.8,63.5,-27.15261,151.233411111111
"285","QDABBS0007-58711",1.8,8.8,49.1,-27.3291811111111,151.24217
"286","QDABBS0008-58728",1.8,6.7,98.2,-27.3308711111111,151.249343888889
"287","QDABBS0009-58729",0,8.3,101.5,-27.3856530555556,151.6128
"288","QDABBS0010-58963",0,3.3,179.4,-27.6579567354229,151.522344050851
"289","QDACHC0001-53592",0,0,13.2,-24.1046,143.257294444444
"290","QDACHC0002-53593",0,0.1,23.4,-24.1259555555556,143.169161111111
"291","QDACHC0003-53467",2.4,0.2,20.3,-24.1163777777778,143.164894444444
"292","QDACHC0004-53468",0.1,7.8,20.1,-23.7187722222222,141.091861111111
"293","QDACHC0005-53522",0.5,5.9,2.8,-23.721675,141.072305555556
"294","QDACHC0006-53469",0.2,8.6,7.3,-23.7694527777778,141.133497222222
"295","QDACHC0007-53517",0,0,11.4,-23.8356916666667,141.029094444444
"296","QDACYP0001-58585",0,0,90.5,-15.2782333333333,145.252838888889
"297","QDACYP0002-58586",0.2,0.1,95.5,-15.2845388888889,145.191505555556
"298","QDACYP0003-58587",0.7,0,145.1,-15.2767416666667,145.286319444444
"299","QDACYP0004-58588",24.5,0.2,79.1,-14.0928361111111,142.977058333333
"300","QDACYP0005-58589",20.6,17.1,79.2,-14.1426222222222,142.976261111111
"301","QDACYP0006-58591",48,0,60.2,-14.2266805555556,142.932519444444
"302","QDACYP0007-58592",36.5,1,113.7,-14.2265944444444,142.985219444444
"303","QDACYP0008-58593",7.6,0.4,86.8,-14.2982472222222,143.093208333333
"304","QDACYP0009-58594",48.8,0.8,72.3,-14.0673,143.208319444444
"305","QDACYP0010-58595",38.6,5.2,82.1,-13.0918611111111,142.772755555556
"306","QDACYP0011-58596",36.4,16,66.5,-13.206975,142.739772222222
"307","QDACYP0012-58597",0,0,242.3,-13.3202777777778,142.5913
"308","QDACYP0013-58598",61.9,1.2,55.4,-12.2021333333333,142.568680555556
"309","QDACYP0014-58599",15.1,11.6,106.3,-12.19935,142.549897222222
"310","QDACYP0015-58600",47.2,2,50.5,-12.2193638888889,142.538511111111
"311","QDACYP0016-58601",5.1,0,142,-11.4971583333333,142.430338888889
"312","QDACYP0017-58602",16.1,0,106.5,-11.5433055555556,142.439355555556
"313","QDACYP0018-58603",5.5,0,116.2,-11.0536333333333,142.366755555556
"314","QDACYP0019-58604",0.1,0,97.4,-10.7275416666667,142.490316666667
"315","QDACYP0020-58615",0,0.4,106.5,-10.9361666666667,142.466988888889
"316","QDACYP0021-58606",16.3,0,106,-10.937449,142.459743
"317","QDACYP0022-58607",5.6,1.6,109.5,-10.7881638888889,142.438255555556
"318","QDACYP0023-58608",58.9,0,72.5,-12.3322444444444,142.231052777778
"319","QDACYP0024-58609",40,0.1,89.6,-12.368075,142.204272222222
"320","QDADEU0001-58888",35.4,6.1,68.9,-20.5462170581868,146.129021077344
"321","QDAEIU0001-53470",54.6,0,2.5,-19.5387138888889,144.210019444444
"322","QDAEIU0002-53523",35.8,1.9,24.1,-19.5525,144.22415
"323","QDAEIU0003-53471",45.8,0,10.9,-19.4099083333333,144.169586111111
"324","QDAEIU0004-53524",74.6,0.8,21.9,-19.4465805555556,144.161472222222
"325","QDAEIU0005-53472",0,0,6.8,-18.4549388888889,143.899397222222
"326","QDAEIU0006-53473",21.2,0,79.5,-18.4678472222222,143.891697222222
"327","QDAEIU0007-53474",18.4,0,76.9,-18.4678416666667,143.890752777778
"328","QDAEIU0008-58882",17.9,10.2,66.6,-19.8878663419573,146.189186817774
"329","QDAEIU0009-58881",52,10.1,58.7,-19.887857715793,146.187218701618
"330","QDAEIU0010-58883",22.6,1.8,76.1,-19.8933742729914,146.182391024598
"331","QDAGUP0001-53526",0.2,0,55.1,-20.1087638888889,143.724355555556
"332","QDAGUP0002-53475",3.3,0.5,45.2,-20.0309972222222,143.762527777778
"333","QDAGUP0003-53527",1.8,0.1,42.4,-20.3992777777778,143.681688888889
"334","QDAGUP0004-53476",0,0.5,39.3,-20.0137333333333,142.477888888889
"335","QDAGUP0005-53528",0,0,58.1,-19.9913722222222,142.46505
"336","QDAGUP0006-53477",0,0,37.8,-19.95565,142.402102777778
"337","QDAGUP0007-53478",3.2,1.7,38.8,-20.084325,141.817025
"338","QDAGUP0008-53529",0.2,1,58,-19.8016944444444,142.021525
"339","QDAGUP0009-53530",9.4,9.8,30.2,-19.8458694444444,141.960686111111
"340","QDAGUP0010-53479",0.4,0.2,45.3,-19.9148527777778,141.834283333333
"341","QDAGUP0011-53531",3.7,1,57.7,-19.9398194444444,141.827775
"342","QDAGUP0012-53525",8.8,1.8,17,-19.5818527777778,140.311727777778
"343","QDAGUP0013-53532",0.2,20,4.6,-19.297825,140.16375
"344","QDAGUP0014-53480",25.2,12.4,11.8,-18.2388388888889,140.787038888889
"345","QDAGUP0015-53533",28.8,10.2,25.6,-18.2570472222222,140.732569444444
"346","QDAGUP0016-53481",7.5,11.1,45.1,-18.2488555555556,140.748266666667
"347","QDAGUP0017-53568",0,0,50.9,-17.6413777777778,141.086263888889
"348","QDAGUP0018-53482",3.5,9.1,59.5,-17.6605388888889,141.105402777778
"349","QDAGUP0019-53534",0,15.6,14.2,-17.6216583333333,141.073663888889
"350","QDAGUP0020-53483",0,33.7,25.6,-17.0135583333333,140.960225
"351","QDAGUP0021-53535",0,1.9,52.1,-17.0021916666667,140.993702777778
"352","QDAGUP0022-53484",0,0.9,36.1,-17.0222388888889,141.055480555556
"353","QDAGUP0023-53536",5.5,1.4,54.4,-17.0233861111111,141.037302777778
"354","QDAGUP0024-53485",0,10.1,9.3,-17.4635388888889,140.847533333333
"355","QDAGUP0025-53537",24.9,0,33.4,-17.4580194444444,140.840233333333
"356","QDAGUP0026-53486",31,4.7,23.7,-17.4704861111111,140.847705555556
"357","QDAGUP0027-53538",0,0.1,81.4,-17.3757277777778,141.175841666667
"358","QDAGUP0028-53487",0,0.3,74.5,-17.2950416666667,141.178916666667
"359","QDAGUP0029-53488",6.8,0,26.4,-16.8471638888889,143.158461111111
"360","QDAGUP0030-53489",14.6,0,31,-16.8480416666667,143.158466666667
"361","QDAGUP0031-53490",8.1,0.9,27.9,-16.8480583333333,143.157519444444
"362","QDAMGD0001-53586",6.6,17.7,8.8,-23.5207694444444,144.225891666667
"363","QDAMGD0002-53587",0.1,4,42.7,-23.5094777777778,144.226038888889
"364","QDAMGD0003-53491",7.5,13.7,19.6,-23.5308277777778,144.303463888889
"365","QDAMGD0004-53588",0.7,9.3,20.2,-23.5140738333333,144.341707355556
"366","QDAMGD0005-53589",0.1,3.4,45.2,-23.5177361111111,144.333286111111
"367","QDAMGD0006-53492",0.9,6.9,16.5,-23.6647083333333,144.041794444444
"368","QDAMGD0007-53590",0.7,20.3,7,-23.6581722222222,144.094941666667
"369","QDAMGD0008-53493",0.1,15.9,5,-23.6460138888889,144.074980555556
"370","QDAMGD0009-53494",0,0.7,9,-24.0941638888889,143.3365
"371","QDAMGD0010-53591",0,0.3,59.1,-24.0912138888889,143.353413888889
"372","QDAMGD0011-53495",0,13.4,0.7,-24.0806305555556,143.315183333333
"373","QDAMGD0012-53496",0,0,25.4,-24.8218222222222,144.823608333333
"374","QDAMGD0013-53539",0.1,7.6,6.2,-22.5161777777778,143.050230555556
"375","QDAMGD0014-53497",0.5,7.3,6.5,-22.50515,143.025197222222
"376","QDAMGD0015-53540",0,0,21.1,-22.5629305555556,143.058172222222
"377","QDAMGD0016-53498",0,0,22.9,-22.5089638888889,143.139880555556
"378","QDAMGD0017-53499",0.1,17,2.9,-22.1149666666667,143.299425
"379","QDAMGD0018-53541",0.1,28.6,9.6,-22.1181777777778,143.337166666667
"380","QDAMGD0019-53542",0,17.2,1.5,-22.0701222222222,142.231813888889
"381","QDAMGD0020-53500",0.4,0,26,-22.0636027777778,142.223008333333
"382","QDAMGD0021-53543",1.2,9.4,7.7,-22.3808,141.299880555556
"383","QDAMGD0022-53501",1.1,9.3,7,-22.3687444444444,141.287280555556
"384","QDAMGD0023-53544",25.1,4.3,39.5,-23.6872416666667,140.986636111111
"385","QDAMGD0024-53502",0,5.2,2.5,-23.6464194444444,141.003738888889
"386","QDAMGD0025-53545",0.5,0,33.1,-20.3379472222222,143.872438888889
"387","QDAMGD0026-53503",0,0.2,34.9,-20.3961916666667,143.860777777778
"388","QDAMGD0027-56936",5.5,17.9,10.9,-20.0695166666667,138.174561111111
"389","QDAMGD0028-56937",11.4,10.7,20.5,-19.9491388888889,138.098630555556
"390","QDAMII0001-53504",1.1,0.2,8.6,-19.50785,140.221358333333
"391","QDAMII0002-53546",16.7,0.1,14.2,-20.0078944444444,138.160591666667
"392","QDAMUL0001-53594",0,0.3,68.5,-24.7336472222222,144.683438888889
"393","QDAMUL0002-53505",0,0,64.4,-24.7381527777778,144.701591666667
"394","QDAMUL0003-53595",0,0.5,67.1,-24.7551222222222,144.708322222222
"395","QDASEQ0001-58960",20.1,0.1,188.6,-27.388974,152.880106
"396","QDASEQ0002-58745",75.6,0,47.2,-26.9026219444444,151.632718888889
"397","QDASEQ0003-58961",8.7,0,188.1,-27.391123,152.876739
"398","QDASEQ0004-58885",10.7,0,182.6,-27.390056,152.875777
"399","QDASSD0001-53756",0,0,34.7,-23.7640694444444,138.476516666667
"400","QDASSD0001-57621",0,0,46,-23.7640694444444,138.476516666667
"401","QDASSD0001-58680",0,0,50.1,-23.7640694444444,138.476516666667
"402","QDASSD0002-53757",0,3,19.8,-23.8277194444444,138.389702777778
"403","QDASSD0002-57622",0,0,37.5,-23.8277194444444,138.389702777778
"404","QDASSD0002-58681",0,0.9,43.6,-23.8277194444444,138.389702777778
"405","QDASSD0003-56912",0,0.3,28.8,-23.8315722222222,138.407416666667
"406","QDASSD0003-57623",0,5.8,40.2,-23.8315722222222,138.407416666667
"407","QDASSD0003-58682",0,5.9,43.4,-23.8315722222222,138.407416666667
"408","QDASSD0004-56913",0,0.1,35,-23.680125,138.433775
"409","QDASSD0004-57624",0,0.2,51.4,-23.680125,138.433775
"410","QDASSD0004-58683",0,0.1,60.2,-23.680125,138.433775
"411","QDASSD0005-56914",0,0,22.5,-23.6944388888889,138.440997222222
"412","QDASSD0005-57625",0,0.5,58,-23.6944388888889,138.440997222222
"413","QDASSD0005-58684",0,0,30,-23.6944388888889,138.440997222222
"414","QDASSD0006-56915",0,0.6,24.4,-23.8795416666667,138.098419444444
"415","QDASSD0006-57626",0,0,59.3,-23.8795416666667,138.098419444444
"416","QDASSD0006-58685",0,0.2,36,-23.8795416666667,138.098419444444
"417","QDASSD0007-56916",10.1,0,23.2,-23.8804888888889,138.096425
"418","QDASSD0007-57627",14.5,0,49.5,-23.8804888888889,138.096425
"419","QDASSD0007-58686",5.4,0,29.4,-23.8804888888889,138.096425
"420","QDASSD0008-56917",0,0,42.1,-23.9541527777778,138.136986111111
"421","QDASSD0008-57628",0,0,69.6,-23.9541527777778,138.136986111111
"422","QDASSD0008-58687",0,0,44.9,-23.9541527777778,138.136986111111
"423","QDASSD0009-56918",14.2,0,31.2,-23.9673083333333,138.140975
"424","QDASSD0009-57629",23.4,0,47.4,-23.9673083333333,138.140975
"425","QDASSD0009-58688",43.7,0.1,49,-23.9673083333333,138.140975
"426","QDASSD0010-56919",0.8,0,10.1,-23.731025,138.000386111111
"427","QDASSD0010-58689",16,1.2,40.8,-23.731025,138.000386111111
"428","QDASSD0011-56920",0,6.6,15.9,-23.2366333333333,138.226080555556
"429","QDASSD0011-57631",0,0.1,26,-23.2366333333333,138.226080555556
"430","QDASSD0011-58690",0,1.2,22.8,-23.2366333333333,138.226080555556
"431","QDASSD0012-56921",0,0,14.8,-23.3444972222222,138.252244444444
"432","QDASSD0012-57632",0,4.1,64.9,-23.3444972222222,138.252244444444
"433","QDASSD0012-58691",0,6,34.5,-23.3444972222222,138.252244444444
"434","QDASSD0013-56922",0,0,24.7,-23.2941888888889,138.226025
"435","QDASSD0013-57633",0,0.2,44.4,-23.2941888888889,138.226025
"436","QDASSD0013-58692",0,0.5,51.9,-23.2941888888889,138.226025
"437","QDASSD0014-56923",0.7,3.2,15.6,-23.1757861111111,138.167288888889
"438","QDASSD0014-57634",0,3.5,36.2,-23.1757861111111,138.167288888889
"439","QDASSD0014-58693",0,2.2,29.9,-23.1757861111111,138.167288888889
"440","QDASSD0015-56924",0,3.2,30.4,-23.188075,138.193094444444
"441","QDASSD0015-57635",0,1.4,42.3,-23.188075,138.193094444444
"442","QDASSD0015-58694",0,1.4,34.4,-23.188075,138.193094444444
"443","SAABHC0001-58578",0,0,22.7,-31.9228805555556,140.465169444444
"444","SAABHC0001-58793",0,0,33.2,-31.9228805555556,140.465169444444
"445","SAABHC0002-58563",0,0,23.7,-31.9833694444444,140.502377777778
"446","SAABHC0002-58794",0,0,23.6,-31.9833694444444,140.502377777778
"447","SAABHC0003-58577",0,0,12.4,-31.9426555555556,140.546602777778
"448","SAABHC0003-58795",0,0,18,-31.9426555555556,140.546602777778
"449","SAABHC0004-58564",0,0,54.6,-32.0189972222222,140.526855555556
"450","SAABHC0004-58796",0,0,61.3,-32.0189972222222,140.526855555556
"451","SAABHC0005-58797",0,0,10,-31.9732123531821,140.583642862064
"452","SAABHC0006-58798",0,0,7.9,-31.9046965345642,140.680164670566
"453","SAAEYB0001-57637",0,0,83.4,-34.4568,137.364630555556
"454","SAAEYB0002-58852",0,0,84.8,-35.1010595017196,137.395733562074
"455","SAAEYB0003-58853",0,0,149.4,-35.1726705844467,137.165134496676
"456","SAAEYB0004-58846",0,0,178.8,-35.1536276675088,137.078354169249
"457","SAAEYB0005-58851",0,0,116.8,-35.113453,137.017442
"458","SAAEYB0006-58850",0,0,150.7,-35.132789,137.095945
"459","SAAEYB0007-58848",0,0,103.1,-35.2704748,136.8777863
"460","SAAEYB0008-58849",0,0,130.6,-35.0493487203366,137.213925289641
"461","SAAEYB0009-58841",0,0,82.5,-35.2553630961802,136.848181144853
"462","SAAEYB0010-58842",0,0,140.7,-35.246255,136.926715
"463","SAAEYB0011-58847",0,0,180.5,-35.156909,137.046928
"464","SAAEYB0012-58840",0,0,135.9,-35.1725933091166,136.946590517549
"465","SAAEYB0013-58845",0,0,154,-35.1897168287742,137.096902886899
"466","SAAEYB0021-58834",0,0,65.2,-33.8388221207133,136.129233067226
"467","SAAEYB0022-58839",0,0,69.8,-33.8352958348223,136.018886214555
"468","SAAEYB0023-58835",0,0,46.9,-33.8109867050971,136.147319838707
"469","SAAEYB0024-58836",0,0,69.4,-33.7616102915026,136.067405126058
"470","SAAEYB0025-58844",0,0,94.5,-34.6620865346686,135.37095427325
"471","SAAEYB0026-58843",0,0,84.6,-34.6702565665773,135.392463514687
"472","SAAEYB0027-58854",0,0,105.3,-34.6799485006395,135.391065811798
"473","SAAEYB0028-58829",0,0,21.6,-34.688537987332,135.387597043682
"474","SAAEYB0029-58855",0,0,19.3,-33.265793866005,136.937198090851
"475","SAAEYB0030-58856",0,0,45,-33.1909190686092,136.823457430335
"476","SAAEYB0031-58884",0,0,35.8,-33.2081081678862,136.90071180528
"477","SAAEYB0032-58899",0,0,31.9,-33.2023505004681,136.849443665604
"478","SAAEYB0033-58859",0,0,39.8,-33.2233481080784,136.924063302282
"479","SAAFLB0003-58033",0,0,123.3,-34.97365,138.646998
"480","SAAFLB0003-58704",0,0,114.8,-34.97365,138.646998
"481","SAAFLB0004-58526",0,0,98.4,-35.0703472222222,138.5786
"482","SAAFLB0005-58618",0,0,66.1,-33.0267694444444,138.103255555556
"483","SAAFLB0006-58619",0,0,131.6,-33.0857361111111,138.162691666667
"484","SAAFLB0007-58620",0,0,23.1,-31.8236888888889,138.299702777778
"485","SAAFLB0008-58621",0,0,43.9,-31.8377861111111,138.351191666667
"486","SAAFLB0030-53506",0.1,3.4,18,-29.9784833333333,138.015119444444
"487","SAAFLB0030-58617",0,11.2,7.7,-29.9784833333333,138.015119444444
"488","SAAFLB0031-53507",0,1.9,14.7,-29.971575,137.954566666667
"489","SAAFLB0031-58616",0,0.9,7.1,-29.971575,137.954566666667
"490","SAAGAW0001-56992",0,0,44.5,-32.9832472222222,137.197208333333
"491","SAAGAW0002-56993",0,0,26.3,-32.9801194444444,137.244272222222
"492","SAAGAW0003-56994",0,0,45.7,-32.97155,137.248361111111
"493","SAAGAW0004-58716",0,1.4,36.8,-30.87168877,135.4403808
"494","SAAGAW0005-58748",0,0,27.1,-30.8032510114135,135.390123508285
"495","SAAGAW0006-58717",0,2.9,20.2,-30.533632,135.547127
"496","SAAGAW0007-58749",0,0,22.6,-30.5473675778894,135.526835008113
"497","SAAGAW0008-58750",0,1.8,15.7,-30.6796833723201,135.538546009711
"498","SAAGVD0001-56925",0,8.6,19.7,-29.3453361111111,130.446161111111
"499","SAAGVD0002-56926",0,11.6,23.4,-29.3464916666667,130.450477777778
"500","SAAGVD0003-56927",0,33.3,37,-29.3216888888889,130.446161111111
"501","SAAGVD0004-56947",0,0,26.1,-30.8147527777778,132.134261111111
"502","SAAKAN0001-58610",0,0,155.2,-35.6486444444444,137.368027777778
"503","SAAKAN0001-58893",0,0,110.9,-35.6486444444444,137.368027777778
"504","SAAKAN0002-58630",0,0,138.7,-35.643269,137.217397
"505","SAAKAN0002-58876",0,0,230.5,-35.643269,137.217397
"506","SAAKAN0003-58622",0,0,132.3,-35.7440833333333,137.334044444444
"507","SAAKAN0003-58892",0,0,33.8,-35.7440833333333,137.334044444444
"508","SAAKAN0004-58623",0,0,156.7,-35.723154,136.973161
"509","SAAKAN0004-58877",0,0,44.4,-35.723154,136.973161
"510","SAAKAN0005-58624",0,0,202,-35.810624,136.88294
"511","SAAKAN0005-58891",0,0,32.8,-35.810624,136.88294
"512","SAAKAN0006-58625",0,0,131.4,-35.900621287,136.896083468
"513","SAAKAN0007-58632",0,0,164.4,-35.908982,136.586576
"514","SAAKAN0007-58878",0,0,44.9,-35.908982,136.586576
"515","SAAKAN0008-58626",0,0,160.5,-35.904381,137.551283
"516","SAAKAN0008-58894",0,0,159,-35.904381,137.551283
"517","SAAKAN0009-58634",0,0,143.9,-35.943027,137.324832
"518","SAAKAN0009-58901",0,0,109,-35.943027,137.324832
"519","SAAKAN0010-58627",0,0,124.7,-35.842017,137.906987
"520","SAAKAN0010-58895",0,0,95.4,-35.842017,137.906987
"521","SAAKAN0011-58628",0,0,122.6,-35.783373,138.061671
"522","SAAKAN0011-58879",0,0,102.8,-35.783373,138.061671
"523","SAAKAN0012-58629",0,0,122.6,-35.884354,137.989879
"524","SAAKAN0012-58896",0,0,111.4,-35.884354,137.989879
"525","SAAMDD0007-53742",0,0,59.4,-34.3623461111111,139.499723611111
"526","SAAMDD0007-58833",0,0,18.7,-34.3623461111111,139.499723611111
"527","SAAMDD0008-53743",0,0,68.3,-34.3417311111111,139.507722222222
"528","SAAMDD0008-58832",0,0,56,-34.3417311111111,139.507722222222
"529","SAAMDD0009-53744",0,0,58.8,-34.3579019444444,139.485928611111
"530","SAAMDD0009-58830",0,0,34.5,-34.3579019444444,139.485928611111
"531","SAAMDD0010-53700",0,0,75.5,-34.3205658333333,139.502423888889
"532","SAAMDD0010-58831",0,0,63,-34.3205658333333,139.502423888889
"533","SAAMDD0011-53745",0,0,44.6,-34.3199805555556,139.530028611111
"534","SAAMDD0011-58828",0,0,32.9,-34.3199805555556,139.530028611111
"535","SAANUL0001-56948",0,0,25,-30.9657583333333,132.087641666667
"536","SAANUL0002-56949",0,0,37.2,-31.3933722222222,131.277372222222
"537","SAANUL0003-56950",0,0,36.6,-31.482375,131.266791666667
"538","SAANUL0004-56951",0,0,31.9,-31.5111777777778,131.306630555556
"539","SAARIV0001-57090",0,0,90.9,-34.0843027777778,140.757602777778
"540","SAARIV0001-58046",0,0,123,-34.0843027777778,140.757602777778
"541","SAARIV0002-57091",0,0,98.4,-34.0833416666667,140.758477777778
"542","SAARIV0002-58047",0,0,96,-34.0833416666667,140.758477777778
"543","SAARIV0003-57092",0,0,71.9,-34.0838888888889,140.7602
"544","SAARIV0003-57612",0,0,76.8,-34.0838888888889,140.7602
"545","SAARIV0004-57093",0,0,75.1,-34.2615666666667,140.386861111111
"546","SAARIV0004-58051",0,0,88,-34.2615666666667,140.386861111111
"547","SAARIV0005-57094",0,0,113.8,-34.2634722222222,140.387733333333
"548","SAARIV0005-58052",0,0,110.5,-34.2634722222222,140.387733333333
"549","SAARIV0006-57095",0,0,93.6,-34.2636333333333,140.389852777778
"550","SAARIV0006-58053",0,0,91.6,-34.2636333333333,140.389852777778
"551","SAARIV0007-57096",0,0,78.4,-34.15945,139.926763888889
"552","SAARIV0007-58054",0,0,87.4,-34.15945,139.926763888889
"553","SAARIV0008-57097",0,0,52.1,-34.1591472222222,139.925416666667
"554","SAARIV0008-58056",0,0,58.8,-34.1591472222222,139.925416666667
"555","SAARIV0009-57089",0,0,39.2,-34.1583777777778,139.927861111111
"556","SAARIV0009-58055",0,0,45.8,-34.1583777777778,139.927861111111
"557","SAASTP0001-53719",0.1,5.4,20.5,-26.2781722222222,134.9992
"558","SAASTP0002-53720",0.4,10.6,19.9,-26.2746083333333,135.015597222222
"559","SAASTP0003-53721",0,2.3,14.6,-26.2739,135.072966666667
"560","SAASTP0004-53722",0,1.5,26.5,-26.0881422222222,135.452201944444
"561","SAASTP0005-53723",0.1,8,29.7,-26.0959083333333,135.423503333333
"562","SAASTP0006-57066",1,0,63.4,-26.340247,135.873785
"563","SAASTP0007-53724",0.8,4,26.1,-26.3550416666667,135.816591666667
"564","SAASTP0008-53725",0,4,8,-26.3688777777778,135.788761111111
"565","SAASTP0009-53726",0.4,0,53.3,-26.3502527777778,135.704627777778
"566","SAASTP0010-53727",0,3.2,9.2,-26.3666833333333,135.581711111111
"567","SAASTP0011-53728",0,7.4,3.1,-26.4805,135.457647222222
"568","SAASTP0012-53729",0,15,6.3,-26.6227944444444,135.433727777778
"569","SAASTP0013-53730",0,12.5,8.4,-26.5741027777778,135.307391666667
"570","SAASTP0014-57067",0,0,5,-27.86115,136.649369444444
"571","SAASTP0015-53715",0.1,3.7,5.5,-27.8656666666667,136.678330555556
"572","SAASTP0016-53716",0.4,1.7,44.9,-27.8349611111111,136.629922222222
"573","SAASTP0017-53717",0.2,0.4,50.3,-27.8397833333333,136.639730555556
"574","SAASTP0018-53718",0.5,8.2,13.2,-28.4334277777778,136.428380555556
"575","SAASTP0019-53731",0,6.6,11.7,-28.4196569444444,136.481239722222
"576","SAASTP0020-53732",0,3.2,11.5,-28.4376444444444,136.458813888889
"577","SAASTP0021-53733",0.2,1.5,7.4,-28.4024694444444,136.532908333333
"578","SAASTP0022-53735",0,6.5,26.6,-28.2056083333333,134.536
"579","SAASTP0023-53736",0.3,3.8,25.6,-28.20895,134.584947222222
"580","SAASTP0024-53737",0,0.2,6.1,-27.9941,134.973888888889
"581","SAASTP0025-53734",0,1,3.7,-27.9597227777778,134.971319444444
"582","SAASTP0026-53738",0.2,0.6,5,-27.788875,134.892207777778
"583","SAASTP0027-53739",0,0.5,5.7,-27.73725,134.843755555556
"584","SAASTP0028-53740",0,0.3,2,-27.7105611111111,134.844616666667
"585","SAASTP0029-53741",0,0.7,10.4,-28.0870777777778,135.861472222222
"586","SAASTP0030-56935",0,2,16.3,-29.290199,139.179877
"587","SAASTP0031-56938",0,6.5,9.5,-29.276984,139.175572
"588","SAASTP0032-56939",0,13.8,6.7,-29.2894861111111,139.182461111111
"589","SAASTP0033-58724",0,1,6.3,-30.3605802,135.3898437
"590","SAASTP0034-58751",0,2.2,43.2,-30.3633961,135.5281127
"591","SASMDD0001-53710",0,0,64.5,-34.0026583333333,140.586408333333
"592","SASMDD0001-58760",0,0,26.3,-34.0026583333333,140.586408333333
"593","SASMDD0002-53711",0,0,51.1,-34.0116972222222,140.592691666667
"594","SASMDD0003-57009",0,0,34.2,-33.9945305555556,140.585636111111
"595","SASMDD0004-56997",0,0,28.3,-33.9967638888889,140.734627777778
"596","SASMDD0004-57013",0,0,19.2,-33.9967638888889,140.734627777778
"597","SASMDD0005-53712",0,0,48.2,-33.9743111111111,140.725780555556
"598","SASMDD0005-57006",0,0,21,-33.9743111111111,140.725780555556
"599","SASMDD0006-53713",0,0,45.7,-33.9727416666667,140.727261111111
"600","SASMDD0006-57007",0,0,28,-33.9727416666667,140.727261111111
"601","SASMDD0006-58759",0,0,36.6,-33.9727416666667,140.727261111111
"602","SASMDD0008-57638",0,0,53.5,-34.0441527777778,140.76035
"603","SASMDD0008-58757",0,0,41.8,-34.0441527777778,140.76035
"604","SASMDD0009-57008",0,0,29.2,-34.060282,140.69458
"605","SASMDD0011-56998",0,0,33.6,-34.0188944444444,140.709527777778
"606","SASMDD0011-57068",0,0,26.2,-34.0188944444444,140.709527777778
"607","SASMDD0012-56974",0,0,52.2,-34.0591388888889,140.754347222222
"608","SASMDD0013-56979",0,0,34.9,-34.0567027777778,140.734869444444
"609","SASMDD0014-56980",0,0,24.5,-34.0377583333333,140.705413888889
"610","SASMDD0016-57000",0,0,44.3,-33.9569027777778,140.718544444444
"611","SASMDD0017-56999",0,0,49.6,-33.9555916666667,140.717997222222
"612","SASMDD0017-58021",0,0,48.7,-33.9555916666667,140.717997222222
"613","SASMDD0018-57010",0,0,28,-34.0030722222222,140.576116666667
"614","SASRIV0001-57603",0,0,16.5,-34.0378277777778,140.755972222222
"615","SASRIV0001-58758",0,0,17.9,-34.0378277777778,140.755972222222
"616","SASRIV0002-57604",0,0,15.3,-34.0428277777778,140.780633333333
"617","SATEYB0001-56940",0,0,71.7,-34.5043055555556,138.703188888889
"618","SATEYB0001-58665",0,0,103.4,-34.5043055555556,138.703188888889
"619","SATEYB0002-56991",0,0,59,-33.4890277777778,138.080141666667
"620","SATEYB0002-58662",0,0,74,-33.4890277777778,138.080141666667
"621","SATFLB0001-53698",0,0,62.1,-34.6090083333333,138.861344444444
"622","SATFLB0001-58672",0,0,76.1,-34.6090083333333,138.861344444444
"623","SATFLB0002-53703",0,0,107.2,-34.6830972222222,138.9086
"624","SATFLB0002-58675",0,0,136,-34.6830972222222,138.9086
"625","SATFLB0003-53704",0,0,140.3,-34.576925,139.006103
"626","SATFLB0003-58674",0,0,150.8,-34.576925,139.006103
"627","SATFLB0004-53705",0,0,39.9,-31.3277361111111,138.567330555556
"628","SATFLB0004-58658",0,0,49.4,-31.3277361111111,138.567330555556
"629","SATFLB0005-53706",0,0,61.9,-31.3154611111111,138.566366666667
"630","SATFLB0005-58656",0,0,67.1,-31.3154611111111,138.566366666667
"631","SATFLB0006-53708",0,0,52.7,-30.7756535799,138.7975706812
"632","SATFLB0006-58655",0,0,50.5,-30.7756535799,138.7975706812
"633","SATFLB0007-53709",0,0,40.6,-31.5438831689,138.5945790071
"634","SATFLB0007-58657",0,0,50.9,-31.5438831689,138.5945790071
"635","SATFLB0008-53752",0,0,75.8,-32.320958599,137.954389863
"636","SATFLB0008-58670",0,0,91.1,-32.320958599,137.954389863
"637","SATFLB0009-53753",0,0,105.4,-32.310521035,137.968270713
"638","SATFLB0009-58659",0,0,139,-32.310521035,137.968270713
"639","SATFLB0010-53714",0,0,88.5,-32.828511335,138.0326702171
"640","SATFLB0010-58673",0,0,75.8,-32.828511335,138.0326702171
"641","SATFLB0011-53754",0,0,84.3,-32.748419987,138.1362667681
"642","SATFLB0011-58671",0,0,125.4,-32.748419987,138.1362667681
"643","SATFLB0012-53699",0,0,78.6,-34.88076551,138.7082603
"644","SATFLB0012-58677",0,0,101.7,-34.88076551,138.7082603
"645","SATFLB0013-53701",0,0,110.9,-33.9141962,138.60380994
"646","SATFLB0013-58664",0,0,134.1,-33.9141962,138.60380994
"647","SATFLB0014-53702",0,0,77.6,-34.00513798,138.95937014
"648","SATFLB0014-58667",0,0,84.3,-34.00513798,138.95937014
"649","SATFLB0015-53707",0,0,149.3,-34.93342691,138.72695366
"650","SATFLB0015-58676",0,0,151,-34.93342691,138.72695366
"651","SATFLB0016-53547",0,3,30,-30.343475,139.339691666667
"652","SATFLB0016-58651",0,0,30.7,-30.343475,139.339691666667
"653","SATFLB0017-53548",0,0.4,39,-30.3318111111111,139.373672222222
"654","SATFLB0017-58644",0,0,30.3,-30.3318111111111,139.373672222222
"655","SATFLB0018-53549",0.1,0,47.2,-30.2190444444444,139.324130555556
"656","SATFLB0018-58650",0,0,46.1,-30.2190444444444,139.324130555556
"657","SATFLB0019-53550",0.1,0,42.2,-30.2195305555556,139.232869444444
"658","SATFLB0019-58645",0,0,35.7,-30.2195305555556,139.232869444444
"659","SATFLB0020-53551",0,0,42.8,-30.2556777777778,139.227233333333
"660","SATFLB0020-58648",0,0,39.9,-30.2556777777778,139.227233333333
"661","SATFLB0021-53552",0,0.1,52.8,-30.4121111111111,139.219941666667
"662","SATFLB0021-58641",0,0,49.7,-30.4121111111111,139.219941666667
"663","SATFLB0022-53553",0,0.1,54.2,-30.4060055555556,139.226058333333
"664","SATFLB0022-58649",0,0,32.7,-30.4060055555556,139.226058333333
"665","SATFLB0023-53554",0,1.4,15,-30.5994361111111,139.073613888889
"666","SATFLB0023-58712",0,0,13.2,-30.5994361111111,139.073613888889
"667","SATFLB0024-53555",0,0.1,30.2,-30.760856,138.579558
"668","SATFLB0024-58713",0.1,0,21,-30.760856,138.579558
"669","SATFLB0025-53556",0,0,39.3,-30.7850138888889,138.632936111111
"670","SATFLB0025-58714",0,0,35.9,-30.7850138888889,138.632936111111
"671","SATFLB0026-57001",0,0,133,-34.8877555555556,138.78705
"672","SATFLB0026-58678",0,0,145.4,-34.8877555555556,138.78705
"673","SATFLB0027-56975",0,0,128.5,-35.0830805555556,138.679005555556
"674","SATFLB0027-58669",0,0,113,-35.0830805555556,138.679005555556
"675","SATFLB0028-56995",0,0,79.4,-33.5530833333333,138.393272222222
"676","SATFLB0028-58668",0,0,82,-33.5530833333333,138.393272222222
"677","SATKAN0001-53688",0,0,153.3,-35.6082694444444,138.261275
"678","SATKAN0001-58695",0,0,149.5,-35.6082694444444,138.261275
"679","SATKAN0002-53689",0,0,152.8,-35.2721111111111,138.690175
"680","SATKAN0002-58679",0,0,171,-35.2721111111111,138.690175
"681","SATKAN0003-56996",0,0,133.1,-35.4609416666667,138.604038888889
"682","SATKAN0003-58701",0,0,149.1,-35.4609416666667,138.604038888889
"683","SATKAN0004-56928",0,0,86.4,-34.9271666666667,139.038147222222
"684","SATKAN0004-58696",0.3,0,107.6,-34.9271666666667,139.038147222222
"685","SATSTP0001-53557",0.2,31,4.2,-30.5616638888889,139.436313888889
"686","SATSTP0001-58652",0,7.4,2.7,-30.5616638888889,139.436313888889
"687","SATSTP0002-53558",0,1.9,26.6,-30.6563277777778,139.547355555556
"688","SATSTP0002-58646",0,2.7,19.4,-30.6563277777778,139.547355555556
"689","SATSTP0003-53511",0,9.9,9.2,-29.7552833333333,138.849177777778
"690","SATSTP0003-58638",0,12.3,3.4,-29.7552833333333,138.849177777778
"691","SATSTP0004-53512",0,7.4,38.4,-29.7914694444444,138.831855555556
"692","SATSTP0004-58642",0,0.2,26.4,-29.7914694444444,138.831855555556
"693","SATSTP0005-53513",0,8,16,-29.4565972222222,138.848797222222
"694","SATSTP0005-58639",0,9.1,18.4,-29.4565972222222,138.848797222222
"695","SATSTP0006-53514",0,1.3,27.9,-29.5305,138.8167
"696","SATSTP0006-58640",0,0.5,28.5,-29.5305,138.8167
"697","SATSTP0007-53515",0,0,14.7,-29.53599751,138.81710684
"698","SATSTP0007-58637",0,0,21,-29.53599751,138.81710684
"699","SATSTP0008-53516",0,10.5,10.3,-29.38785704,138.88137852
"700","SATSTP0008-58643",0,2.1,9,-29.38785704,138.88137852
"701","TCABEL0001-58801",0,0,100.6,-41.5471406810866,147.66851653021
"702","TCABEL0002-58799",0,0,81.9,-41.5408580528683,147.663959801777
"703","TCABEL0003-58803",0,0,100.9,-41.5341425,147.6698156
"704","TCATCH0001-58823",0,0,161.8,-41.761479,146.719595
"705","TCATCH0002-58805",0,0,86.9,-41.9248706161916,146.682830149199
"706","TCATCH0003-58825",0,0,156,-41.9620443003241,146.677560695713
"707","TCATCH0004-58806",0,0,63.2,-41.9883908433958,146.835712574777
"708","TCATCH0005-58824",0,0,36.1,-41.9768076457322,146.663981425394
"709","TCATCH0006-58807",0,0,80,-41.9658046875666,146.652027274331
"710","TCATCH0007-58809",0,0,108,-41.8833038363591,146.457591793785
"711","TCATCH0008-58821",0,0,114.1,-41.8570515353586,146.587633197976
"712","TCATCH0009-58811",0,0,32.1,-41.8859211273348,146.615100467001
"713","TCATCH0010-58826",0,0,214.8,-41.791483,146.682467
"714","TCATCH0011-58827",0,0,41.6,-41.852076869417,146.689365493025
"715","TCATCH0012-58822",0,0,120.5,-42.0925648019984,147.085724332715
"716","TCATNM0001-58742",0,0,144.1,-41.7741562,147.3154927
"717","TCATNM0002-58782",20.5,0,105.1,-42.0520786960724,147.416814352398
"718","TCATNM0003-58775",2.2,0,113.6,-42.0368028126304,147.433013848709
"719","TCATNM0004-58785",0,0,111.4,-41.8456347956553,147.483909252638
"720","TCATNM0005-58792",0.1,0,72.7,-41.7968974901796,147.607968395943
"721","TCATNM0006-58800",2.5,0,91.7,-42.0524099125732,147.549261768962
"722","VCAAUA0001-58565",0,0,112,-36.9089694444444,147.287730555556
"723","VCAAUA0002-58635",0,0,104.1,-36.9145111111111,147.281038888889
"724","VCAAUA0003-58567",0,0,149.5,-36.8621694444444,147.320052777778
"725","VCAAUA0004-58612",0,0,151.7,-36.9077583333333,147.290138888889
"726","VCAAUA0005-58570",0,0,113,-36.8926777777778,147.298661111111
"727","VCAAUA0006-58568",0,0,128,-36.9162194444444,147.212772222222
"728","VCAAUA0007-58543",0,0,103.7,-36.9078611111111,147.255583333333
"729","VCAAUA0008-58544",0,0,176.4,-36.9030583333333,147.252316666667
"730","VCAAUA0009-58569",0,0,156.1,-36.8940083333333,147.302516666667
"731","VCAAUA0010-58546",0,0,148.8,-36.856725,147.353497222222
"732","VCAAUA0011-58540",0,0,186.2,-37.1107194444444,147.164316666667
"733","VCAAUA0012-58613",0,0,143.8,-37.1001194444444,147.155558333333
"734","VCAAUA0013-58541",0,0,154.3,-37.4082555555556,146.751063888889
"735","VCAAUA0014-58571",0,0,126,-37.4020805555556,146.755061111111
"736","VCAAUA0015-58539",0,0,157.7,-37.3888472222222,146.764569444444
"737","VCAMDD0001-57011",0,0,23.8,-34.9809861111111,141.610538888889
"738","VCAMDD0002-56990",0,0,36.8,-34.9822944444444,141.651483333333
"739","VCAMDD0003-57012",0,0,41,-34.9982944444444,141.728361111111
"740","WAAAVW0001-58517",0,0,59,-31.9022361111111,118.943630555556
"741","WAAAVW0002-58518",0,0,51.4,-31.8458333333333,118.905125
"742","WAAAVW0003-58519",0,0,50.1,-32.4795055555556,116.9389
"743","WAAAVW0004-58520",0,0,49.6,-32.4797055555556,116.935613888889
"744","WAAAVW0005-58768",0,0,30.2,-29.6168112,116.966213
"745","WAAAVW0006-58810",0,0,65.1,-29.6035453984477,116.9675461692
"746","WAAAVW0007-58772",0,0,52.1,-29.6720517,116.9664337
"747","WAACAR0001-58777",0,0,46.8,-26.4081439438969,114.366712441
"748","WAACAR0002-58776",0,0,40.3,-26.48102,114.27782
"749","WAACAR0003-58778",0,0,65.6,-26.5150794065721,114.098356445687
"750","WAACAR0004-58779",0,0,28.9,-26.3680647,114.2202138
"751","WAACEK0001-58505",1,0,26,-16.4615166666667,126.397922222222
"752","WAACEK0002-58506",64.6,0,9.4,-17.0525694444444,125.242397222222
"753","WAACEK0003-58507",15.8,0.1,50.5,-17.2379694444444,125.295561111111
"754","WAACOO0001-53444",0,0,110.7,-31.3996111111111,119.518944444444
"755","WAACOO0002-53445",0,0,1.1,-31.4016694444444,119.651388888889
"756","WAACOO0003-53447",0,0,93.8,-31.3999722222222,119.647861111111
"757","WAACOO0004-53449",0,0,82.6,-31.3988611111111,119.646555555556
"758","WAACOO0005-53446",0,0,64.2,-31.6028805555556,119.809605555556
"759","WAACOO0006-53438",0,0,65.3,-31.5963777777778,119.824122222222
"760","WAACOO0007-53440",0,0,67,-31.6067222222222,119.807547222222
"761","WAACOO0008-53442",0,0,57.8,-31.60951,119.79227
"762","WAACOO0009-53443",0,1.4,51.9,-31.2391138888889,120.326108333333
"763","WAACOO0010-53441",0,0,42.6,-31.2318083333333,120.329833333333
"764","WAACOO0011-53439",0,0.1,23.2,-31.252836247,120.341938607
"765","WAACOO0012-53462",0,0,60.1,-31.2373611111111,120.332297222222
"766","WAACOO0016-53459",0,0,98.1,-31.2032166666667,120.308216666667
"767","WAACOO0017-53460",0,0,109.4,-31.1696361111111,120.304930555556
"768","WAACOO0018-53461",0,0,130.2,-31.195625,120.317888888889
"769","WAACOO0019-53463",0,0,126.8,-31.2071083333333,120.265136111111
"770","WAACOO0020-53450",0,0,34.2,-30.192,120.655138888889
"771","WAACOO0021-53456",0,0,28.2,-30.1923333333333,120.650611111111
"772","WAACOO0022-53453",0,0,53.5,-30.1953055555556,120.63275
"773","WAACOO0023-53448",0,0,35.4,-30.1927941666667,120.641466944444
"774","WAACOO0024-53451",0,0,87,-30.1854222222222,120.644138888889
"775","WAACOO0025-53452",0,9.2,66.9,-30.1951194444444,120.598783333333
"776","WAACOO0026-53454",0,0,99.6,-30.5303861111111,120.665680555556
"777","WAACOO0027-53455",0,0,84.7,-30.5014861111111,120.660041666667
"778","WAACOO0028-53457",0,0,80.8,-30.4875833333333,120.658136111111
"779","WAACOO0029-53458",0,0,121.1,-30.4328972222222,120.626683333333
"780","WAACOO0030-56958",0,0,43.7,-32.0121722222222,126.263391666667
"781","WAACOO0031-58512",0,0,51.3,-30.6853222222222,120.257422222222
"782","WAACOO0032-58511",0,0,47.6,-30.7885305555556,120.314936111111
"783","WAADAL0001-58508",65.9,0,8.8,-17.4152666666667,124.945525
"784","WAADAL0002-58743",0,0.3,39.5,-17.8930594,122.6500285
"785","WAADAL0003-58767",0,2.5,47.5,-17.88259,122.62896
"786","WAADAL0004-58764",1.1,0.3,68.5,-17.8915288930075,122.655865779901
"787","WAADAL0005-58815",64.2,0,43.9,-17.4848908014956,123.031530253269
"788","WAAESP0001-58516",0,0,80.3,-34.4769,117.754269444444
"789","WAAGAS0001-58420",0,0.2,7,-23.4091333333333,120.559705555556
"790","WAAGAS0002-58421",19.7,0.1,18.4,-23.3847,120.479138888889
"791","WAAGES0001-58023",0,0,56,-27.5238166666667,114.528980555556
"792","WAAGES0001-58802",0,0,67.8,-27.5238166666667,114.528980555556
"793","WAAGES0002-58024",0,0,57.8,-27.5095444444444,114.608266666667
"794","WAAGES0002-58732",0,0,67.9,-27.5095444444444,114.608266666667
"795","WAAGES0003-58025",0,0,60.5,-27.6053944444444,114.692158333333
"796","WAAGES0003-58731",0,0,55,-27.6053944444444,114.692158333333
"797","WAAGES0004-58804",0,0,55.6,-27.4970724972627,114.71816978296
"798","WAAGES0005-58808",0,0,54,-27.5296808057064,114.674852716393
"799","WAAGSD0001-58509",0,0,41.7,-19.8124638888889,121.474191666667
"800","WAAGVD0001-56960",0,0.2,33.8,-29.6692638888889,125.13025
"801","WAAHAM0001-56964",0,0,56.7,-31.9848333333333,128.285241666667
"802","WAAHAM0002-56941",0,0,39.9,-31.8882611111111,128.237330555556
"803","WAAHAM0003-56959",0,0,40.1,-31.7691,128.288088888889
"804","WAAHAM0004-56942",0,0,44.6,-31.9524472222222,127.274283333333
"805","WAAHAM0005-56961",0,0,77.5,-32.2258722222222,127.440336111111
"806","WAAHAM0006-56944",0,0,70.7,-32.2191416666667,126.301886111111
"807","WAAJAF0001-58513",0,0,133.1,-34.6191722222222,117.155436111111
"808","WAAJAF0002-58515",0,0,104.8,-34.5995416666667,117.266086111111
"809","WAAJAF0003-58514",0,0,56.4,-34.4036277777778,117.687625
"810","WAALSD0001-53569",0.4,24.1,71.6,-25.0966444444444,120.723963888889
"811","WAALSD0002-53570",0,1.3,79.1,-25.0572027777778,120.7392
"812","WAALSD0003-53571",0,1.6,65.9,-25.2688666666667,120.6275
"813","WAAMAL0001-56962",0,0,67.9,-32.0631416666667,126.279308333333
"814","WAAMAL0002-58521",0,0,46.3,-32.814725,119.142836111111
"815","WAAMAL0003-58522",0,0,56.7,-32.8745888888889,119.158022222222
"816","WAAMUR0001-58498",0,0.3,43.3,-28.0651111111111,121.013705555556
"817","WAAMUR0002-58510",0,0,39.5,-28.143125,120.966122222222
"818","WAAMUR0003-58755",0,0,36.9,-26.8731969,116.6355751
"819","WAAMUR0004-58813",0,5.9,19.6,-26.4917943,116.5814233
"820","WAAMUR0005-58761",0,1.4,29.7,-26.5686423,116.6085684
"821","WAAMUR0006-58763",0,0.9,11.8,-26.6949439,116.7166219
"822","WAAMUR0007-58812",0,2.3,55.1,-26.7993437125397,116.648383773263
"823","WAAMUR0008-58765",0,0.8,17,-26.7456814,116.8295422
"824","WAAMUR0028-53572",0,0.1,67.1,-27.3891611111111,120.698586111111
"825","WAAMUR0029-53573",0,0,74.8,-27.3993694444444,120.682205555556
"826","WAAMUR0030-53464",0,0,56.1,-27.382775,120.691152777778
"827","WAAMUR0031-53465",0,0,73.2,-27.4386166666667,120.655516666667
"828","WAANOK0001-58752",1.8,0,48.1,-15.2243456777205,126.214664839634
"829","WAANOK0002-58754",0.5,0,46.2,-15.2295384,126.2081139
"830","WAANOK0003-58773",0,0,73.4,-14.8470567,126.2793561
"831","WAANOK0004-58756",102.7,0,46.9,-14.783264094,126.493138724
"832","WAANOK0005-58746",39.3,0,38.7,-14.796853,126.540517
"833","WAANOK0006-58753",5.4,0,71.2,-14.84238,126.28239
"834","WAANOK0007-58762",40.8,0,26.9,-14.57553,126.56193
"835","WAANOK0008-58744",44,0,68.5,-14.7823306,126.4903962
"836","WAANUL0001-56966",0,0,36.9,-31.7340666666667,125.869944444444
"837","WAANUL0002-56945",0,0,36.6,-31.6990694444444,125.861055555556
"838","WAANUL0003-56946",0,1.8,40.2,-29.7187777777778,125.315836111111
"839","WAANUL0004-56967",0,2.1,35.2,-29.4734361111111,127.071927777778
"840","WAANUL0005-56931",0,0.5,47.7,-30.0122638888889,127.690208333333
"841","WAANUL0006-56929",0,0,36.6,-30.0255694444444,127.730944444444
"842","WAANUL0007-56932",0,0.1,36.7,-30.0354805555556,127.789519444444
"843","WAANUL0008-56933",0,0.4,11,-30.0722555555556,127.91645
"844","WAANUL0009-56934",0,0.1,21.6,-29.6561055555556,127.068638888889
"845","WAAPIL0001-57619",19.7,4.1,67,-22.6008194444444,118.281502777778
"846","WAAPIL0002-57620",0,0,68,-21.5912222222222,117.066358333333
"847","WAAPIL0003-57601",0,0,3.1,-21.5411027777778,117.057005555556
"848","WAAPIL0004-57085",10.1,0.3,19.6,-21.3949305555556,117.169836111111
"849","WAAPIL0005-57618",4.7,0,134.5,-21.5712388888889,117.056258333333
"850","WAAPIL0006-57600",0,0,37.7,-21.5642444444444,117.059097222222
"851","WAAPIL0007-57602",25.6,0,46.1,-21.6771416666667,116.973991666667
"852","WAAPIL0008-57605",3.9,6.6,35.6,-21.6628833333333,117.704727777778
"853","WAAPIL0009-57606",6.6,0.2,53.6,-21.8727972222222,117.824405555556
"854","WAAPIL0010-57607",0,0,45.4,-21.8570333333333,117.97935
"855","WAAPIL0011-57608",0,2.3,29.6,-21.891925,117.999286111111
"856","WAAPIL0012-57609",0.5,0.1,55.3,-22.6208583333333,118.314302777778
"857","WAAPIL0013-57610",2.7,0,52.1,-22.6108555555556,118.293936111111
"858","WAAPIL0014-57611",5.8,4.1,55.8,-22.635899029,118.224854816
"859","WAAPIL0015-57613",28.4,0,41.3,-22.6092777777778,117.93565
"860","WAAPIL0016-57615",8.5,0.6,129.3,-22.7235888888889,118.268075
"861","WAAPIL0017-57616",0,0,54.4,-22.1338722222222,119.023691666667
"862","WAAPIL0018-57617",24.9,0,57.4,-22.3355416666667,118.987772222222
"863","WAAPIL0019-57614",1.3,8.9,23.1,-22.3029222222222,119.012908333333
"864","WAAPIL0020-58032",0,0,23.1,-21.6144333333333,117.120475
"865","WAAPIL0021-58034",0.3,0,25.5,-21.6064388888889,117.116136111111
"866","WAAPIL0022-58035",0.3,0,46,-21.5814194444444,117.097355555556
"867","WAAPIL0023-58036",3.3,0.5,59.3,-22.255,118.695491666667
"868","WAAPIL0024-58040",7.5,0.2,31.7,-22.4671,119.085222222222
"869","WAAPIL0025-58043",0.5,0.2,79.4,-22.7082138888889,119.708686111111
"870","WAAPIL0026-58044",0,2.2,20.8,-22.7669277777778,119.631438888889
"871","WAAPIL0027-58041",0.5,0.2,19.6,-22.6915666666667,119.773977777778
"872","WAAPIL0028-58042",0,0.4,23.9,-22.6765527777778,119.840088888889
"873","WAAPIL0029-58045",0,0.5,55.6,-22.6619361111111,119.917738888889
"874","WAAPIL0030-58057",1.3,18.6,24.9,-23.3147388888889,119.632483333333
"875","WAAPIL0031-58415",0,0,61.1,-23.1460472222222,119.265341666667
"876","WAAPIL0032-58416",0,0.2,16.3,-23.1856638888889,119.237930555556
"877","WAAPIL0033-58417",0.1,0.9,36.6,-23.2140083333333,119.202358333333
"878","WAAPIL0034-58418",0,0,46.7,-23.3019861111111,120.217119444444
"879","WAAPIL0035-58419",0.5,0.2,38.4,-23.365975,120.344155555556
"880","WAASWA0001-58029",0,0,83.2,-32.3442472222222,115.902391666667
"881","WAASWA0002-58030",0,0,100.4,-32.3351555555556,115.907163888889
"882","WAASWA0003-58031",0,0,146.7,-32.3373194444444,115.913566666667
"883","WAASWA0004-58499",0,0,88.4,-31.3754861111111,115.713483333333
"884","WAAVIB0001-58494",54.8,0,3.2,-15.5786611111111,128.367061111111
"885","WAAVIB0002-58497",0,0,40.2,-15.7198138888889,128.271597222222
"886","WAAVIB0003-58500",31.3,0.2,48.6,-16.0062611111111,128.023327777778
"887","WAAVIB0004-58504",31.7,0,62,-15.8196055555556,128.097883333333
"888","WAAYAL0001-58784",0,2.1,62.9,-26.1462453631566,113.159072818851
"889","WAAYAL0002-58818",0,0,64.7,-26.2520621508029,113.298021246241
"890","WAAYAL0003-58780",0,0,83,-26.2641743,113.3194282
"891","WAAYAL0004-58820",0,0,98.4,-26.2546195063196,113.3012957223
"892","WAAYAL0005-58781",0,0,76.6,-26.38997799,113.3111487
"893","WAAYAL0006-58766",0,0,46.6,-29.4468232,116.9988937
"894","WAAYAL0007-58819",0,0,28.2,-29.506912846362,116.952379968716
"895","WAAYAL0008-58814",0,0,50.3,-29.4822659,117.0301964
"896","WAGCOO0001-53613",0,0,41.1,-30.4361277777778,120.642905555556
"897","WAGCOO0002-53614",0,0,61.9,-30.3509916666667,120.642691666667
"898","WAGCOO0004-53615",0,6.4,37.8,-30.4652583333333,120.806083333333
