"","site_location_name","Aquatic","Bryophyte","Chenopod","Cycad","Epiphyte","Fern","Forb","Fungus","Grass.tree","Heath.shrub","Hummock.grass","NC","Rush","Sedge","Shrub","Shrub.Mallee","Tree.fern","Tree.Mallee","Tree.Palm","Tussock.grass","Vine","grass","shrub","tree","vegetation_type"
"1","NSABBS0001",0,0,0.1,0,0,0.8,5.1,0,0,0,0,0,0,0,3.8,0,0,0,35.1,0.9,0,6,3.9,35.1,"tree"
"2","NSABBS0002",0,0,0,0,0,2,7,0,0,0,0,0,0,0,24.6,0,0,3.1,24.9,1.7,0,8.7,24.6,28,"tree"
"3","NSABBS0003",0,0,0,0,0,0,0,0,0,5,0,0,0,0,13.9,0,0,0,47.4,0.1,0,0.1,18.9,47.4,"tree"
"4","NSABBS0004",0,0,0,0,0,0,0.5,0,0,0,0,0,0,0,4.5,0,0.4,0,77.4,0.3,0,0.8,4.9,77.4,"tree"
"5","NSABBS0005",0,0,0,0,0.2,0,0.1,0,0,1.3,0,0,0,0,15.8,0,0,0,62.9,0.1,0,0.2,17.1,62.9,"tree"
"6","NSABBS0006",0,0,0,0,0.1,0,0.4,0,0,0,0,0,0,0,11.3,0,0,0,74.5,0.4,0,0.8,11.3,74.5,"tree"
"7","NSABHC0001",0,0,0,0,0,0,7.1,0,0,0,0,0,0,0,16.3,0,0,0,0,3.4,0,10.5,16.3,0,"shrub"
"8","NSABHC0002",0,0,12.2,0,0,0,12.1,0,0,0,0,0,0,0,0.2,0,0,0,0,6.5,0,18.6,12.4,0,"grass"
"9","NSABHC0003",0,0,0,0,0,0,1.2,0,0,0,0,0,0,0,23.4,0,0,0,0,0.7,0,1.9,23.4,0,"shrub"
"10","NSABHC0004",0,0,0,0,0,0,10.9,0,0,0,0,0,0,0,14,0,0,0,0,11.9,0,22.8,14,0,"grass"
"11","NSABHC0005",0,0,0,0,0,0,2.5,0,0,0,0,0,0,0,6.9,0,0,0,0,38.4,0,40.9,6.9,0,"grass"
"12","NSABHC0006",0,0,0,0,0,0,3.7,0,0,0,0,0,0,0,17.7,0,0,0,0,29.5,0,33.2,17.7,0,"grass"
"13","NSABHC0007",0,0,0.1,0,0,0,5,0,0,0,0,0,0,0,20.9,0,0,0,0,15.8,0,20.8,21,0,"shrub"
"14","NSABHC0008",0,0,0,0,0,0,7.8,0,0,0,0,0,0,0,17.9,0,0,0,0,6.6,0,14.4,17.9,0,"shrub"
"15","NSABHC0009",0,0,10.2,0,0,0,18.9,0,0,0,0,0,0,0,9.4,0,0,0,0.2,13.65,0,32.55,19.6,0.2,"grass"
"16","NSABHC0010",0,0,0,0,0,0,2.2,0,0,0,0,0,0,0,9,0,0,0,0,3.8,0,6,9,0,"shrub"
"17","NSABHC0011",0,0,18.6,0,0,0,3.1,0,0,0,0,0,0,0,0,0,0,0,0,12.3,0,15.4,18.6,0,"shrub"
"18","NSABHC0012",0,0,15.25,0,0,0,17.25,0,0,0,0,0,0,0,0,0,0,0,0,6.85,0.05,24.1,15.3,0,"grass"
"19","NSABHC0013",0,0,7.1,0,0,0,3.9,0,0,0,0,0,0,0,0,0,0,0,0,11,0,14.9,7.1,0,"grass"
"20","NSABHC0014",0,0,8.8,0,0,0,3.9,0,0,0,0,0,0,0,0.2,0,0,0,0,12.8,0,16.7,9,0,"grass"
"21","NSABHC0016",0,0,8.2,0,0,0,2.3,0,0,0,0,0,0,0,0,0,0,0,0,0.8,0,3.1,8.2,0,"shrub"
"22","NSABHC0018",0,0,8.9,0,0,0,0.4,0,0,0,0,0,0,0,0,0,0,0,0,16.5,0,16.9,8.9,0,"grass"
"23","NSABHC0019",0,0,10.9,0,0,0,0.6,0,0,0,0,0,0,0,0.1,0,0,0,0,24.4,0,25,11,0,"grass"
"24","NSABHC0020",0,0,5.3,0,0,0,0.8,0,0,0,0,0,0,0,0.1,0,0,0,0,25,0,25.8,5.4,0,"grass"
"25","NSABHC0021",0,0,1.6,0,0,0.1,10,0,0,0,0,0,0,0,0,0,0,0,0,10.5,0,20.5,1.6,0,"grass"
"26","NSABHC0022",0,0,10.9,0,0,0,2.5,0,0,0,0,0,0,0,0,0,0,0,0,0.1,0,2.6,10.9,0,"shrub"
"27","NSABHC0023",0,0,1.8,0,0,0.1,8.5,0,0,0,0,0,0,0.5,3.2,0,0,0,0,4.1,0,13.1,5,0,"grass"
"28","NSABHC0024",0,0,1.9,0,0,0,10.2,0,0,0,0,0,0,0,0.8,0,0,0,0,9,0.3,19.2,3,0,"grass"
"29","NSABHC0026",0,0,5.2,0,0,0,19,0,0,0,0,0,0,0,1.9,0,0,0,0,3.5,0.1,22.5,7.2,0,"grass"
"30","NSABHC0028",0,0,5.9,0,0,0,1.8,0,0,0,0,0,0,0,0.1,0,0,9.6,0.3,1.4,0,3.2,6,9.9,"tree"
"31","NSABHC0029",0,0,0,0,0,0,8,0,0,0,0,0,0,0,2,0,0,0,69.7,1.2,0.1,9.2,2.1,69.7,"tree"
"32","NSACHC0001",0,0,0.4,0,0,0,0.4,0,0,0,0,0,0,0.3,5,0,0,0,0,0.3,0,1,5.4,0,"shrub"
"33","NSACHC0002",0,0,7.7,0,0,0,0.6,0,0,0,0,0,0,0.7,2.5,0,0,0,15.1,1,0,2.3,10.2,15.1,"tree"
"34","NSACHC0003",0,0,5.7,0,0,0,0.9,0,0,0,0,0,0,0,0.6,0,0,0,16.2,0.2,0,1.1,6.3,16.2,"tree"
"35","NSACHC0004",0,0,0.5,0,0,0,0,0,0,0,0,0,0,0,23.6,0,0,0,0.9,0.6,0,0.6,24.1,0.9,"shrub"
"36","NSACOP0001",0,0,0,0,0,0,1.1,0,0,0,0,0,0,0,0,0,0,0,12.4,0.1,0,1.2,0,12.4,"tree"
"37","NSACOP0002",0,0,0.2,0,0,0,0.1,0,0,0,0,0,0,0,0.2,0,0,0,31.3,0.2,0,0.3,0.4,31.3,"tree"
"38","NSAMDD0001",0,0,9.2,0,0,0,39.2,0.2,0,0,0,1.3,0,0,0,0,0,0,0,0.9,0,40.1,9.2,0,"grass"
"39","NSAMDD0002",0,0,1.7,0,0,0,0.1,0,0,0,17.3,0,0,0,0.9,0.3,0,42.8,0,0.2,0,17.6,2.9,42.8,"tree"
"40","NSAMDD0003",0,0,13.4,0,0,0,5,0,0,0,0,0,0,0,45,0,0,0.2,0.6,0,0,5,58.4,0.8,"shrub"
"41","NSAMDD0004",0,0,17.2,0,0,0,12.2,0,0,0,0,0,0,0,2,0,0,0,11,0.4,0,12.6,19.2,11,"shrub"
"42","NSAMDD0005",0,0,4.2,0,0,0,3.9,0,0,0,0,0.3,0,0,1.3,0,0,24.7,0,0.1,0,4,5.5,24.7,"tree"
"43","NSAMDD0006",0,0,29.2,0,0.1,0,1.2,0,0,0,0,0,0,0,0.3,0,0,0,11.8,0.2,0,1.4,29.5,11.8,"shrub"
"44","NSAMDD0007",0,0,0.9,0,0,0,0,0,0,0,8.8,0,0,0,19.1,3.5,0,12.5,1.4,0,0,8.8,23.5,13.9,"shrub"
"45","NSAMDD0008",0,0,5.6,0,0,0,0.4,0,0,0,0,0,0,0,26,0,0,0,2.9,0.4,0.1,0.8,31.7,2.9,"shrub"
"46","NSAMDD0009",0,0,1.8,0,0.7,0,0,0,0,0,0,0,0,0,1.9,0,0,0,30.2,0,0.1,0,3.8,30.2,"tree"
"47","NSAMDD0010",0,0,22.3,0,0,0,33.6,0,0,0,0,0,0,0,0.5,0,0,0.3,0,0.4,0,34,22.8,0.3,"grass"
"48","NSAMDD0011",0,0,0,0,0,0,0,0,0,0,11.7,0,0,0,1.3,0.1,0,15,0,0,0,11.7,1.4,15,"tree"
"49","NSAMDD0012",0,0,7.5,0,0,0,0,0,0,0,0,0,0,0,0,0,0,0,0,0,0,0,7.5,0,"shrub"
"50","NSAMDD0013",0,0,6.7,0,0,0,5.2,0,0,0,4.8,0,0,0,4.4,0.3,0,11.5,0.1,0,1.3,10,12.7,11.6,"shrub"
"51","NSAMDD0014",0,0,0.2,0,0,0,0,0,0,0,32.5,0,0,0,1.8,0.5,0,22.3,1.8,0,0,32.5,2.5,24.1,"grass"
"52","NSAMDD0015",0,0,1.3,0,0,0,0,0,0,0,0,0.1,0,0,5.8,0,0,0,25,0.1,0,0.1,7.1,25,"tree"
"53","NSAMDD0016",0,0,8,0,0,0,26.1,0,0,0,0,0,0,0,3.1,0,0,0,0,1.7,0,27.8,11.1,0,"grass"
"54","NSAMDD0017",0,0,1.6,0,0.1,0,2.9,0,0,0,0,0,0,0,6.9,0,0,0,24,0.1,0,3,8.5,24,"tree"
"55","NSAMDD0018",0,0,0.8,0,0.3,0,0.7,0,0,0,0.3,0,0,0,21.8,1.9,0,28.2,3.4,0.7,0.2,1.7,24.7,31.6,"tree"
"56","NSAMDD0019",0,0,0.3,0,0,0,18.1,0,0,0,0,0.5,0,0.6,0,0,0,0,1,15.9,0,34.6,0.3,1,"grass"
"57","NSAMDD0020",0,0,1.9,0,0,0,10.3,0,0,0,0,0,0,0,2.3,0,0,0,26.1,1,0,11.3,4.2,26.1,"tree"
"58","NSAMDD0021",0,0,1.5,0,0,0,10.6,0,0,0,0,0,0,0,2.5,0,0,0,10.6,6.2,0,16.8,4,10.6,"grass"
"59","NSAMDD0022",0,0,0.3,0,0,0.1,0.5,0,0,0,0,0,0,0,36.5,14.4,0,17.1,0.9,1.1,0,1.6,51.2,18,"shrub"
"60","NSAMDD0023",0,0,6.8,0,0.1,0,18.5,0,0,0,0,0,0,0,3,0,0,0,13,1.2,0.1,19.7,9.9,13,"grass"
"61","NSAMDD0024",0,0,0,0,0,0,6,0,0,0,0,0,0,0,24,0,0,0,1,6.4,0,12.4,24,1,"shrub"
"62","NSAMDD0025",0,0,0.5,0,0,0,9.2,0,0,0,0,0,0,0,2.2,0,0,0,16,0.1,0,9.3,2.7,16,"tree"
"63","NSAMDD0026",0,0,0.1,0,0,0,16.2,0,0,0,0,0,0,0,7.4,0,0,0,0,0.2,0,16.4,7.5,0,"grass"
"64","NSAMDD0027",0,0,0.8,0,0.1,0.4,0.4,0,0,0,0,0.1,0,0,2.2,0,0,0,29.4,0.4,0,0.8,3,29.4,"tree"
"65","NSAMDD0028",0,0,9.5,0,0,0,0.8,0,0,0,0,0,0,0,17.9,0,0,0,0,1.1,0,1.9,27.4,0,"shrub"
"66","NSAMDD0029",0,0,5,0,0,0,3.6,0,0,0,0,0,0,0,11.3,0,0,0,0,8.2,0.1,11.8,16.4,0,"shrub"
"67","NSAMDD0030",0,0,9.4,0,0,0,2.5,0,0,0,0,0,0,0,1.3,0,0,0,18,0.8,0,3.3,10.7,18,"tree"
"68","NSAMDD0031",0,0,0,0,0,0,0.2,0,0,0,0.4,0,0,0,24,0,0,0,11.8,0,0,0.6,24,11.8,"shrub"
"69","NSAMDD0032",0,0,0.6,0,0,0,5.4,0,0,0,0,0,0,0,3.1,0,0,0,35.1,0.2,0,5.6,3.7,35.1,"tree"
"70","NSAMUL0001",0,0,0.4,0,0,0,0,0,0,0,0,0,0,0,24,0,0,0,0.3,0.1,0,0.1,24.4,0.3,"shrub"
"71","NSAMUL0002",0,0,2.3,0,0,0,2.9,0,0,0,0,0,0,0,15.2,0,0,0,19.2,0,0,2.9,17.5,19.2,"tree"
"72","NSAMUL0003",0,0,0.3,0,0,1.8,0.4,0,0,0,0,0,0,0,7.3,0,0,0,16.4,0.2,0,0.6,7.6,16.4,"tree"
"73","NSAMUL0004",0,0,0,0,0.1,0,0.2,0,0,0,0,0,0,0,0.5,0,0,0,41.8,0.3,0,0.5,0.5,41.8,"tree"
"74","NSANAN0001",0,0,0,0,0,0,2.1,0,0,3.4,0,0,4.6,0,4.4,0,0,0,66.1,31.7,0,38.4,7.8,66.1,"tree"
"75","NSANAN0002",0,0,0,0,0,0,1.1,0,0,0,0,0,0.6,0,3,0,0,0,48.2,4,0,5.7,3,48.2,"tree"
"76","NSANET0001",0,0,0,0,0,0,0.9,0,0.6,4.5,0,0,0.2,6.5,15.9,0,0,0,50.4,2.8,0,10.4,21,50.4,"tree"
"77","NSANSS0001",0,0,0,0,0,0.2,0.1,0,0.2,0,0,0,8,23,2.6,0,0,0,68.9,2.3,0,33.4,2.8,68.9,"tree"
"78","NSANSS0002",0,0,0,0,0,0,3.2,0,0,0.5,0,0,0.1,0.1,2.8,0,0,0,67.3,2.7,0,6.1,3.3,67.3,"tree"
"79","NSTNSS0001",0,0,0,0,0,0,2.8,0,0,0,0,0,0.9,0,6.5,0,0,0,53.7,1.9,0,5.6,6.5,53.7,"tree"
"80","NSTSYB0001",0,0,0,0,0,0.3,16.1,0,0,0,0,0,0,9.9,79.9,0.2,0,0,42.4,0.6,0.8,26.6,80.9,42.4,"shrub"
"81","NSTSYB0002",0,0,0,0,0.1,0.8,2.3,0,0,0,0,0,0,15.3,76.4,0,0,0,79,0.6,0.2,18.2,76.6,79,"tree"
"82","NSTSYB0003",0,0,0,0,0,0.1,2.7,0,0,0,0,0,0,11.6,69.1,0,0,0,70.1,0.6,0,14.9,69.1,70.1,"tree"
"83","NSTSYB0004",0,0,0,0,0,0.9,8.2,0,0,0,0,0,2.9,7.7,61.3,0,0,0,94.4,2.4,0.5,21.2,61.8,94.4,"tree"
"84","NSTSYB0005",0,0,0,0,0,0.5,14.5,0,0,0,0,0,1.2,17.2,51.1,0,0,0,51.7,0.9,0.6,33.8,51.7,51.7,"shrub"
"85","NSTSYB0006",0,0,0,0,0,4.3,4.7,0,0,0,0,0,0,0,38.4,0,0,0,60.9,2.2,0,6.9,38.4,60.9,"tree"
"86","NSTSYB0007",0,0,0,0,0.3,0,3.8,0,0,0,0,0,0,1.3,22.3,0,0,0,64.1,41.3,0,46.4,22.3,64.1,"tree"
"87","NSTSYB0008",0,0,0,0,0,0,2.8,0,0,0,0,0,3.9,0,3,0,0,0,64.9,22.3,0,29,3,64.9,"tree"
"88","NSTSYB0009",0,0,0,0,0,0.4,19.7,0,0,0,0,0,0,25.7,58.8,0.7,0,0,27,0.4,0,45.8,59.5,27,"shrub"
"89","NTAARP0001",0,0,0,0,0,0,4.9,0,0,0,8.5,0,0,0.4,7.3,0,0,0,52.3,23.8,0,37.6,7.3,52.3,"tree"
"90","NTAARP0002",0,0,0,0,0,0,4.7,0,0,0,4.3,0,0.5,3.6,6.4,0,0,0,24.2,20.5,0.2,33.6,6.6,24.2,"grass"
"91","NTAARP0003",0,0,0,0,0.1,0,0.6,0,0,0.1,0.9,0,0,0,3.7,0,0,0,20.2,6.9,0.3,8.4,4.1,20.2,"tree"
"92","NTAARP0004",0,0,0,0,0,0,1.8,0,0,0,0,0,1.15,0.05,16.6,0,0,0,28.5,36.45,3.25,39.45,19.85,28.5,"grass"
"93","NTAARP0005",0,0,0,0,0,0,6.75,0,0,0,23.35,0,0.4,0.85,26.6,0,0,0,42.5,7.55,0.25,38.9,26.85,42.5,"tree"
"94","NTABRT0001",0,0,0.2,0,0,0.05,2.5,0,0,0,0.5,0,0,0,28.55,0,0,0,8.4,21.45,0.5,24.45,29.25,8.4,"shrub"
"95","NTABRT0002",0,0,0.4,0,0,0.35,3.8,0,0,0,0,0,0,0,37.2,0,0,0,12,18.65,0,22.45,37.6,12,"shrub"
"96","NTABRT0003",0,0,0.05,0,0,0.1,4.95,0,0,0,10.5,0,0,0,20.85,0,0,0,11.4,18.3,0,33.75,20.9,11.4,"grass"
"97","NTABRT0004",0,0,0.7,0,0,0,6.4,0,0,0,2,0,0,0,29.75,0,0,0,0,15.25,0,23.65,30.45,0,"shrub"
"98","NTABRT0005",0,0,0,0,0,0,6.5,0,0,0,11.1,0,0,0,1.75,0,0,0,1.15,20,0,37.6,1.75,1.15,"grass"
"99","NTABRT0006",0,0,0,0,0,0,12.15,0,0,0,0.75,0,0,0,33.1,0,0,0,1.05,16.85,0.3,29.75,33.4,1.05,"shrub"
"100","NTABRT0007",0,0,0,0,0,0,4.2,0,0,0,0,0,0,0,1,0,0,0,0.3,34,0,38.2,1,0.3,"grass"
"101","NTABRT0008",0,0,0,0,0,0,4.5,0,0,0,6.3,0,0,0,17.5,0.1,0,0,0,0.1,0,10.9,17.6,0,"shrub"
"102","NTADAC0001",0,0,0,0,0,0,1.3,0,0,0,0,0,0,0,22.4,0,0,0,30.4,97.4,2,98.7,24.4,30.4,"grass"
"103","NTADAC0002",0,0,0,0,0,0,15.9,0,0,0,0,0,0,0.1,25.4,0,0,0.1,28.3,24.7,0,40.7,25.4,28.4,"grass"
"104","NTADMR0001",0,0,0,0,0,0,0.1,0,0,0.1,19,0,0,1.9,4.5,0,0,0,0.1,1.2,0.3,22.2,4.9,0.1,"grass"
"105","NTADMR0002",0,0,0,0,0,0,0.7,0,0,0,24,0,0,0.2,1.4,1.5,0,0.4,0,0.6,0,25.5,2.9,0.4,"grass"
"106","NTAFIN0001",0,0,0.266666666666667,0,0,0,5.6,0,0,0,0.3,0,0,2.06666666666667,1.26666666666667,0,0,0,0.166666666666667,7.9,0.333333333333333,15.8666666666667,1.86666666666667,0.166666666666667,"grass"
"107","NTAFIN0002",0,0,2.53333333333333,0,0.0333333333333333,0,2.43333333333333,0,0,0,6.36666666666667,0,0,0.9,13.2333333333333,0,0,0.0333333333333333,13.6333333333333,32.6333333333333,0,42.3333333333333,15.7666666666667,13.6666666666667,"grass"
"108","NTAFIN0003",0,0,0,0,0,0,0.666666666666667,0,0,0,0,0,0,0,4.16666666666667,0,0,0,13.4,9.8,0.0666666666666667,10.4666666666667,4.23333333333333,13.4,"tree"
"109","NTAFIN0004",0,0,0.533333333333333,0,0,0.4,2.63333333333333,0,0,0,1.93333333333333,0,0,0,37.4333333333333,0,0,0,6.16666666666667,12,0.0666666666666667,16.5666666666667,38.0333333333333,6.16666666666667,"shrub"
"110","NTAFIN0005",0,0,2.36666666666667,0,0,0,0.333333333333333,0,0,0,0.0333333333333333,0,0,2.76666666666667,8.53333333333333,0,0,0.0333333333333333,2.76666666666667,11.0666666666667,0.0666666666666667,14.2,10.9666666666667,2.8,"grass"
"111","NTAFIN0006",0,0,0.333333333333333,0,0,0,5.03333333333333,0,0,0,1.6,0,0,0.0666666666666667,1.43333333333333,0,0,0,0.166666666666667,5.53333333333333,0,12.2333333333333,1.76666666666667,0.166666666666667,"grass"
"112","NTAFIN0007",0,0,4.8,0,0,0,3.83333333333333,0,0,0,0,0,0,0,1.33333333333333,0,0,0,0.2,10.4333333333333,0,14.2666666666667,6.13333333333333,0.2,"grass"
"113","NTAFIN0008",0,0,0.0333333333333333,0,0,0,0.466666666666667,0,0,0,13.6,0,0,0,2.7,0,0,0,0,16.1666666666667,0.0333333333333333,30.2333333333333,2.76666666666667,0,"grass"
"114","NTAFIN0009",0,0,0.3,0,0,0,1.83333333333333,0,0,0,5.5,0,0,0,14.2,0.233333333333333,0,0.0666666666666667,2.66666666666667,3.73333333333333,0.166666666666667,11.0666666666667,14.9,2.73333333333333,"shrub"
"115","NTAFIN0010",0,0,0.866666666666667,0,0,0,6.23333333333333,0,0,0,6.93333333333333,0,0,0,4.6,0,0,0,0.1,4.86666666666667,0.2,18.0333333333333,5.66666666666667,0.1,"grass"
"116","NTAFIN0011",0,0,0.666666666666667,0,0,0,3.73333333333333,0,0,0,12.6333333333333,0,0,0,16.4333333333333,0,0,0,1.26666666666667,14.1333333333333,0.0333333333333333,30.5,17.1333333333333,1.26666666666667,"grass"
"117","NTAFIN0012",0,0,6.3,0,0,0,1.3,0,0,0,0,0,0,5,0,0,0,0,0,36,0,42.3,6.3,0,"grass"
"118","NTAFIN0013",0,0,2.2,0,0,0,1.6,0,0,0,0,0,0,0.1,7.9,0,0,0,24.1,6.8,0.5,8.5,10.6,24.1,"tree"
"119","NTAFIN0014",0,0,0.9,0,0.1,0,0.6,0,0,0,25.9,0,0,0,1.7,0,0,0,6.7,11.2,0,37.7,2.6,6.7,"grass"
"120","NTAFIN0015",0,0,0,0,0,0,0,0,0,0,1,0,0,0,3.1,0,0,0,31.1,12.6,0,13.6,3.1,31.1,"tree"
"121","NTAFIN0016",0,0,4,0,0,0,0.4,0,0,0,0,0,0,0,0.1,0,0,0,0,25.6,0,26,4.1,0,"grass"
"122","NTAFIN0017",0,0,0,0,0,0,0.2,0,0,0,0.2,0,0,0,0,0,0,0,12.2,23.3,0,23.7,0,12.2,"grass"
"123","NTAFIN0018",0,0,5.3,0,0,0,0.2,0,0,0,0,0,0,0,19.8,0,0,0,0.1,9.7,0,9.9,25.1,0.1,"shrub"
"124","NTAFIN0019",0,0,1.8,0,0.1,0,1,0,0,0,0,0,0,0,2.5,0,0,0,11.2,43.1,0,44.1,4.3,11.2,"grass"
"125","NTAFIN0020",0,0,0.1,0,0,0,1.9,0,0,0,16.7,0,0,0,0.1,0,0,0,7.4,28.6,0,47.2,0.2,7.4,"grass"
"126","NTAFIN0021",0,0,4.3,0,0,0,0.3,0,0,0,0,0,0,0,0.3,0,0,0,0,7.6,0,7.9,4.6,0,"grass"
"127","NTAFIN0022",0,0,0.2,0,0,0,1.9,0,0,0,0,0,0,0,16.9,0,0,0,0,8.8,0,10.7,17.1,0,"shrub"
"128","NTAFIN0023",0,0,0.8,0,0.3,0,0,0,0,0,25.3,0,0,0,5.1,0,0,10.1,0,3.7,0,29,5.9,10.1,"grass"
"129","NTAFIN0024",0,0,11.5,0,0,0,0,0,0,0,0,0,0,0,0.7,0,0,0,12.9,1.4,0,1.4,12.2,12.9,"tree"
"130","NTAFIN0025",0,0,1.8,0,0,0,0.7,0,0,0,0,0,0,1.5,12.4,0,0,0,0,20.4,0,22.6,14.2,0,"grass"
"131","NTAFIN0026",0,0,1.6,0,0,0,6.7,0,0,0,0,0,0,0,19.4,0,0,0,0.2,26.7,0,33.4,21,0.2,"grass"
"132","NTAFIN0027",0,0,0.1,0,0,0,3.8,0,0,0,0,0,0,0,0.6,0,0,0,0,40.3,0,44.1,0.7,0,"grass"
"133","NTAFIN0028",0,0,7.5,0,0,0,0.7,0,0,0,0,0,0,0.3,0,0,0,0,0,6.3,0,7.3,7.5,0,"shrub"
"134","NTAFIN0029",0,0,2.5,0,0,0,0.6,0,0,0,0,0,0,0.6,0,0,0,0,0,19.8,0,21,2.5,0,"grass"
"135","NTAFIN0030",0,0,0.6,0,0,0,0.6,0,0,0,0,0,0,3.7,43.3,0,0,0,0,7.6,0,11.9,43.9,0,"shrub"
"136","NTAFIN0031",0,0,3.9,0,0,0,1.2,0,0,0,0,0,0,0.1,10.4,0,0,0,0,3.2,0,4.5,14.3,0,"shrub"
"137","NTAFIN0032",0,0,0.2,0,0,0,0.5,0,0,0,5,0,0,0,23.8,0,0,0,0,21.6,0,27.1,24,0,"grass"
"138","NTAFIN0033",0,0,0.5,0,0,0,3.6,0,0,0,2.9,0,0,0,13.9,0,0,0,2.7,21.2,0,27.7,14.4,2.7,"grass"
"139","NTAGFU0001",0,0,0.3,0,0,0,3.1,0,0,0,0,0,0,0,9.6,0,0,5.7,0.9,40.9,0,44,9.9,6.6,"grass"
"140","NTAGFU0002",0,0,0,0,0,0,0.3,0,0,0,32.3,0,0,1.5,1.1,0,0,9.4,0,6.6,1.4,40.7,2.5,9.4,"grass"
"141","NTAGFU0003",0,0,0,0,0,0,2.8,0,0,0,6.3,0,0,0,0.5,0,0,24.7,0,18.6,0,27.7,0.5,24.7,"grass"
"142","NTAGFU0004",0,0,0,0,0,0,1.5,0,0,0,24.3,0,0,0.3,2.7,0,0,0,0.4,2.1,0,28.2,2.7,0.4,"grass"
"143","NTAGFU0005",0,0,0,0,0,0,1,0,0,0,32.6,0,0,0.5,18.7,0,0,0,14.1,7.9,0.1,42,18.8,14.1,"grass"
"144","NTAGFU0006",0,0,0,0,0,0,7.1,0,0,0,13,0,0,0,2.7,0,0,0,6.5,56.1,0.1,76.2,2.8,6.5,"grass"
"145","NTAGFU0007",0,0,0,0,0,0,0.2,0,0,0,81.2,0,0,0.4,8.9,0,0,0,0,0.6,0,82.4,8.9,0,"grass"
"146","NTAGFU0008",0,0,0.1,0,0,0,3,0,0,0,17.5,0,0,5.5,0.1,0,0,1.9,0,10.6,0,36.6,0.2,1.9,"grass"
"147","NTAGFU0009",0,0,0,0,0,0,0.1,0,0,0,22.7,0,0,0,8.9,0,0,0.1,13,13.1,0.1,35.9,9,13.1,"grass"
"148","NTAGFU0010",0,0,0,0,0.2,0,0.4,0,0,0,40.9,0,0,0,0,0,0,18.9,0,0.1,0,41.4,0,18.9,"grass"
"149","NTAGFU0011",0,0,0,0,0,0,4.4,0,0,0,17.5,0,0,0,15.2,0,0,8.6,0,31.9,0,53.8,15.2,8.6,"grass"
"150","NTAGFU0012",0,0,0,0,0,0,0.3,0,0,0,20,0,0,0.2,2.5,0,0,18.1,0,16.8,0,37.3,2.5,18.1,"grass"
"151","NTAGFU0013",0,0,0,0,0,0,2.4,0,0,0,11.7,0,0,0,27.6,0,0,2,0.2,36.9,0.2,51,27.8,2.2,"grass"
"152","NTAGFU0014",0,0,0,0,0,0,0.6,0,0,0,3.5,0,0,6.7,1.7,0,0,0,13.2,14.2,0,25,1.7,13.2,"grass"
"153","NTAGFU0015",0,0,0,0,0,0,0,0,0,0,39.2,0,0,0.3,10.2,0,0,8.9,0,9.4,0,48.9,10.2,8.9,"grass"
"154","NTAGFU0016",0,0,0,0,0,0,1.9,0,0,0,2.4,0,0,0,20.8,0,0,0.3,0.5,40.1,0,44.4,20.8,0.8,"grass"
"155","NTAGFU0017",0,0,0,0,0,0,6.6,0,0,0,1.6,0,0,4.9,32,0,0,0,4.6,43.6,0.5,56.7,32.5,4.6,"grass"
"156","NTAGFU0018",0,0,0,0,0,0,0,0,0,0,0,0,0,0.4,0.1,0,0,0,39.2,28.9,0,29.3,0.1,39.2,"tree"
"157","NTAGFU0019",0,0,0,0,0,0,3.1,0,0,0,11,0,0,0,10,0,0,3.4,8.4,35.1,0,49.2,10,11.8,"grass"
"158","NTAGFU0020",0,0,0,0,0,0,1.8,0,0,0,14.7,0,0,0,37.3,0,0,0.5,0.4,47.5,0.3,64,37.6,0.9,"grass"
"159","NTAGFU0021",0,0,0,0,0,0,0.1,0,0,0,22.3,0,0,0,24.9,0,0,6.1,0,15,0,37.4,24.9,6.1,"grass"
"160","NTAGFU0022",0,0,0,0,0,0,0.1,0,0,0,34.4,0,0,0,0.2,0,0,13.6,0,5.1,0,39.6,0.2,13.6,"grass"
"161","NTAGFU0023",0,0,0,0,0,0,0,0,0,0,23.9,0,0,0,50.5,0,0,0,0.9,6.2,0,30.1,50.5,0.9,"shrub"
"162","NTAGFU0024",0,0,0,0,0,0,1.8,0,0,0,28.7,0,0,0,13.8,0,0,0,4.6,6.7,0.2,37.2,14,4.6,"grass"
"163","NTAGFU0025",0,0,0,0,0,0,0.3,0,0,0,0.5,0,0,1.3,60.4,0,0,0.1,0.4,51.1,0,53.2,60.4,0.5,"shrub"
"164","NTAGFU0026",0,0,0,0,0,0,3.2,0,0,0,1.3,0,0,0.1,3.2,0,0,0,17.3,59.6,0,64.2,3.2,17.3,"grass"
"165","NTAGFU0027",0,0,0,0,0,0,7,0,0,0,4.5,0,0,1.7,18.8,0,0,0,8.3,32,0.1,45.2,18.9,8.3,"grass"
"166","NTAGFU0028",0,0,0,0,0,0,1.5,0,0,0,21,0,0,0,9.7,0,0,0,13.7,17.8,0,40.3,9.7,13.7,"grass"
"167","NTAGFU0029",0,0,0,0,0,0,5.4,0,0,0,0,0,0,0,2.9,0,0,0,12.6,62.1,0,67.5,2.9,12.6,"grass"
"168","NTAGFU0030",0,0,0,0,0,0.2,1.2,0,0,0,0.5,0,0,0.7,3.1,0,0,0,49.5,28.4,0,30.8,3.1,49.5,"tree"
"169","NTAGFU0031",0,0,0,0,0,0,0.4,0,0,0,5,0,0,0.5,31.8,0,0,0,2,25.7,0,31.6,31.8,2,"shrub"
"170","NTAGFU0032",0,0,0,0,0,0,0.8,0,0,0,0.4,0,0,0.2,16.7,0.7,0,0,0.2,35,0,36.4,17.4,0.2,"grass"
"171","NTAGFU0033",0,0,0,0,0,0,0.4,0,0,0,0,0,0,1.1,3.6,0,0,0,71.4,5,0,6.5,3.6,71.4,"tree"
"172","NTAGFU0034",0,0,0,0,0,0,0,0,0,0,0,0,0,0,18.7,0,0,0,20.4,13.2,0,13.2,18.7,20.4,"tree"
"173","NTAGFU0035",0,0,0,0,0,0,2.4,0,0,0,0.7,0,0,0.9,5.4,0,0,0,18.5,20.9,0,24.9,5.4,18.5,"grass"
"174","NTAGFU0036",0,0,0,0,0,0.1,0.5,0,0,0,0,0,0,0.4,2.4,0,0,8.4,34.1,18.5,0,19.4,2.4,42.5,"tree"
"175","NTAGFU0037",0,0,0,0,0,0,0.4,0,0,0,0,0,0,0.8,15,0,0,0,17.9,48.5,0,49.7,15,17.9,"grass"
"176","NTAGFU0038",0,0,0,0,0,0,0.9,0,0,0,0,0,0,0.4,4,0,0,3.3,49.2,21.1,0,22.4,4,52.5,"tree"
"177","NTAGFU0039",0,0,0,0,0,0,1.4,0,0,0,0,0,0,0,5.6,0,0,9.6,1.2,72.4,0,73.8,5.6,10.8,"grass"
"178","NTAGFU0040",0,0,0,0,0,0,0.5,0,0,0,0,0,0,0.1,47.3,0,0,0,25.6,34.8,0.1,35.4,47.4,25.6,"shrub"
"179","NTAGFU0041",0,0,0,0,0,0,4.5,0,0,0,0,0,0,0,6,0,0,0,24,64.8,0.3,69.3,6.3,24,"grass"
"180","NTAMAC0001",0,0,0.85,0,0,0,6.7,0,0,0,7.75,0,0,0,12.6,0.35,0,0.05,1.35,14.2,0,28.65,13.8,1.4,"grass"
"181","NTAMAC0002",0,0,0,0,0,0,0.25,0,0,0,0,0,0,0,1.25,0,0,0,18.95,8.6,0,8.85,1.25,18.95,"tree"
"182","NTAMAC0003",0,0,0,0,0.1,0,2.5,0,0,0,0.1,0,0,0,3.35,0,0,0,1.2,38.95,0,41.55,3.35,1.2,"grass"
"183","NTAMGD0001",0,0,0,0,0,0,12.8,0,0,0,0,0,0,0.2,13,0,0,0,14.8,11.8,0.1,24.8,13.1,14.8,"grass"
"184","NTAMGD0002",0,0,0,0,0,0,14.5,0,0,0,0,0,0,2.4,0,0,0,0,0,20.1,0.5,37,0.5,0,"grass"
"185","NTAMGD0003",0,0,0,0,0,0,9.5,0,0,0,11.6,0,0,1.9,7.6,0,0,0,8,11,1,34,8.6,8,"grass"
"186","NTAMGD0004",0,0,0,0,0,0,10,0,0,0,0,0,0,0.3,3.8,0.1,0,0.9,2.8,37,1,47.3,4.9,3.7,"grass"
"187","NTAMGD0005",0,0,0,0,0,0,5.9,0,0,0,8.1,0,0,0.2,20.9,0,0,6.1,0.2,18.1,4.6,32.3,25.5,6.3,"grass"
"188","NTAPCK0001",0,0,0,0,0,0,5,0,0,0,0,0,0,0,37,0,0,0,27.8,36.6,0.2,41.6,37.2,27.8,"grass"
"189","NTAPCK0002",0,0,0,0,0,0,11.6,0,0,0,0,0,0,0,12.4,0,0,0,26.4,34.9,0,46.5,12.4,26.4,"grass"
"190","NTAPCK0004",0,0,0,0,0,0,8.25,0,0,0.2,0,0,0.05,0.1,9.9,0,0,0,33.25,54.3,5.35,62.7,15.45,33.25,"grass"
"191","NTAPCK0005",0,0,0,0,0,0,0.8,0,0,0,0,0,0,0,5.6,0,0,0,18.4,3.4,0,4.2,5.6,18.4,"tree"
"192","NTAPCK0006",0,0,0,0,0,0,16.85,0,0,0.2,0,0,0.65,5.95,15.6,0,0,0,10.1,49.25,0.3,72.7,16.1,10.1,"grass"
"193","NTAPCK0007",0,0,0,0,0,0,10.5,0,0,0.55,0,0,0,0.35,14.9,0,0,0,33.5,52.4,2.7,63.25,18.15,33.5,"grass"
"194","NTASSD0008",0,0,0,0,0,0,2.8,0,0,0,0,0,0,0,7.9,0,0,0,0,13.8,0,16.6,7.9,0,"grass"
"195","NTASSD0011",0,0,0.1,0,0,0,0.1,0,0,0,0,0,0,0,0,0,0,0,0,1.2,0,1.3,0.1,0,"grass"
"196","NTASSD0012",0,0,0.2,0,0,0,0,0,0,0,0,0,0,0,0,0,0,0,0,6.7,0,6.7,0.2,0,"grass"
"197","NTASSD0013",0,0,1.2,0,0,0,0.2,0,0,0,0,0,0,0,0,0,0,0,0,0.8,0,1,1.2,0,"shrub"
"198","NTASSD0014",0,0,3.5,0,0,0,4.1,0,0,0,0,0,0,0,0,0,0,0,0,1,0,5.1,3.5,0,"grass"
"199","NTASSD0015",0,0,1,0,0,0,7.2,0,0,0,0,0,0,0,4.5,0,0,0,1.3,0.4,0,7.6,5.5,1.3,"grass"
"200","NTASSD0016",0,0,1.7,0,0,0,0.8,0,0,0,0,0,0,0,0,0,0,0,0,1,0,1.8,1.7,0,"grass"
"201","NTASSD0017",0,0,2.6,0,0,0,0.5,0,0,0,0,0,0,0,5.7,0,0,0,0,1.6,0,2.1,8.3,0,"shrub"
"202","NTASSD0018",0,0,0,0,0,0,2.2,0,0,0,0,0,0,0,0,0,0,0,0,3.7,0,5.9,0,0,"grass"
"203","NTASSD0019",0,0,0,0,0,0,0.7,0,0,0,0,0,0,0,5.6,0,0,0,1.4,1.5,0,2.2,5.6,1.4,"shrub"
"204","NTASTU0001",0,0,0,0,0,0,2.2,0,0,0,0,0,0,0,2,0,0,0,14.6,15.6,0,17.8,2,14.6,"grass"
"205","NTASTU0002",0,0,0,0,0,0,0.6,0,0,0,0,0,0,0,2.9,0,0,2.3,18.8,34.7,0,35.3,2.9,21.1,"grass"
"206","NTASTU0003",0,0,0,0,0,0,4.5,0,0,0,0,0,0,0,5.2,0,0,0,18.6,54.9,0.1,59.4,5.3,18.6,"grass"
"207","NTASTU0004",0,0,0,0,0,0,4.9,0,0,0,0,0,0,0,5.9,0,0,0,20.6,66.7,4.5,71.6,10.4,20.6,"grass"
"208","NTASTU0005",0,0,0,0,0,0,6.8,0,0,0,0,0,0,0,10.1,0,0,0,21.9,29.9,0,36.7,10.1,21.9,"grass"
"209","NTATAN0001",0,0,0,0,0,0,0,0,0,0,14.8,0,0,0,30.5,5.2,0,0.3,0.7,3,0,17.8,35.7,1,"shrub"
"210","NTATAN0002",0,0,0,0,0,0,0.5,0,0,0,18.2,0,0,0,31.7,0,0,0,1.2,8.7,0,27.4,31.7,1.2,"shrub"
"211","NTATAN0003",0,0,0,0,0,0,8.7,0,0,0,21,0,0,0.2,5,0,0,0,0.8,0.2,0.1,30.1,5.1,0.8,"grass"
"212","NTATAN0004",0,0,0,0,0,0,6.8,0,0,0,9,0,0,1.5,1.4,0.4,0,0.8,0,8.8,0.1,26.1,1.9,0.8,"grass"
"213","NTTDAB0001",0,0,0,0,0,0,1.2,0,0,0,1.1,0,0,0.4,28.9,0,0,0,33.1,15.4,0.3,18.1,29.2,33.1,"tree"
"214","NTTDAC0001",0,0,0,0,0,0,3.7,0,0,0,0,0,0,0,20.6,0,0,0,40.5,43.5,2.6,47.2,23.2,40.5,"grass"
"215","NTTDMR0001",0,0,0,0,0,0,2.8,0,0,0,8,0,0,17.8,14.5,0,0,0,3.9,8.7,2.2,37.3,16.7,3.9,"grass"
"216","NTTDMR0002",0,0,0,0,0,0,1.2,0,0,0,8.3,0,0,8.9,3.5,0,0,0,7.1,26.8,0.3,45.2,3.8,7.1,"grass"
"217","NTTDMR0003",0,0,0,0,0,0,2.7,0,0,0,2.2,0,0,13.2,3,0,0,0,4.5,30.6,2.2,48.7,5.2,4.5,"grass"
"218","NTTMGD0001",0,0,0,0,0,0,9.7,0,0,0,0,0,0,4.5,3.2,0,0,0,10.4,30.7,0,44.9,3.2,10.4,"grass"
"219","NTTPCK0001",0,0,0,0,0,0,5.9,0,0,0,0,0,0,3.7,24.8,0,0,0,54.8,43.8,0.3,53.4,25.1,54.8,"tree"
"220","NTTSTU0001",0,0,0,0,0,0.6,5.6,0,0,0,0,0,0,1.4,3.5,0,0,0.2,55.6,32.5,1.9,39.5,5.4,55.8,"tree"
"221","QDABBN0001",0,0,0,0,0,14.7,0.2,0,0,0,0,0,0,0,40.2,0,0,0,35.7,12.4,1.5,12.6,41.7,35.7,"shrub"
"222","QDABBN0002",0,0,0,0,0,0.2,0.8,0,0,0,0,0,0,0.3,11.2,0,0,0.1,48.6,15.8,0.6,16.9,11.8,48.7,"tree"
"223","QDABBS0001",0,0,0,0,0,0,10.6,0,0,0,0,0,0,6.1,0,0,0,0,0,80.1,1.3,96.8,1.3,0,"grass"
"224","QDABBS0002",0,0,9.5,0,0,0,3.3,0,0,0,0,0,0,7.5,0,0,0,0,0,45.6,0.8,56.4,10.3,0,"grass"
"225","QDABBS0003",0,0,2,0,0.1,0.4,2.9,0,0,0.3,0,0,0,0.8,17.6,0,0,0,63.3,35.9,0.3,39.6,20.2,63.3,"tree"
"226","QDABBS0004",0,0,0,1,0,0,9.6,0,0,0,0,0,0.6,1.2,4.9,0,0,0,29,42,2.2,53.4,8.1,29,"grass"
"227","QDABBS0005",0,0,0.6,0,0,0.1,9.6,0,0,0,0,0,0.3,3.4,2.2,0,0,0,32.3,28.7,1.3,42,4.1,32.3,"grass"
"228","QDABBS0006",0,0,0.5,0,0,0,7.2,0,0,0,0,0,0,4.7,0,0,0,0,21.6,51.1,0.8,63,1.3,21.6,"grass"
"229","QDABBS0007",0,0,5.1,0,0,0,12.8,0,0,0,0,0,0,2.2,1,0,0,0,14.7,20.7,0.7,35.7,6.8,14.7,"grass"
"230","QDABBS0008",0,0,14.6,0,0,0,18.5,0,0,0,0,0,0,11.5,1.2,0,0,0,9,50.1,0.9,80.1,16.7,9,"grass"
"231","QDABBS0009",0,0,4.8,0,0,0.1,23,0,0,0,0,0,0,2.6,10.1,0,0,0,42.5,22.2,0.4,47.8,15.3,42.5,"grass"
"232","QDABBS0010",0,0,7.3,0,0,0.4,39.2,0,0,0,0,0,0,0.3,73.9,0,0,0,42,11.5,1.8,51,83,42,"shrub"
"233","QDACHC0001",0,0,0,0,0,0,0.1,0,0,0,0,0,0,0.1,2.3,0,0,0,7.6,1.9,0,2.1,2.3,7.6,"tree"
"234","QDACHC0002",0,0,0.1,0,0.2,0,0,0,0,0,0,0,0,0,8.4,0,0,0,11.1,0.2,0,0.2,8.5,11.1,"tree"
"235","QDACHC0003",0,0,0.1,0,0,0,0,0,0,0,0,0,0,0,2.3,0,0,0,10.6,5.3,0,5.3,2.4,10.6,"tree"
"236","QDACHC0004",0,0,1.7,0,0,0,0.9,0,0,0,0,0,0,4.5,1.9,0,0,0,7.6,8.6,0,14,3.6,7.6,"grass"
"237","QDACHC0005",0,0,0.8,0,0,0,0.5,0,0,0,0,0,0,0.4,0,0,0,0,1,6.4,0,7.3,0.8,1,"grass"
"238","QDACHC0006",0,0,4.2,0,0,0,0.6,0,0,0,0,0,0,0.4,0,0,0,0,0,8.8,0,9.8,4.2,0,"grass"
"239","QDACHC0007",0,0,3.5,0,0,0,0.4,0,0,0,0,0,0,0,0.7,0,0,0,0,6.8,0,7.2,4.2,0,"grass"
"240","QDACYP0001",0,0,0,0,4.5,0,0.4,0,0,0,0,0,0,0,82.4,0,0,0,0.5,2.6,0,3,82.4,0.5,"shrub"
"241","QDACYP0002",0,0,0,0,0,0.2,0.7,0,6.6,0,0,0,0,24.6,58.5,0,0,0,1.3,1.5,1.9,26.8,67,1.3,"shrub"
"242","QDACYP0003",0,0,0,0,5,0,0.6,0,0,0,17.8,0,0,19.6,101.1,0,0,0,0.7,0.5,0,38.5,101.1,0.7,"shrub"
"243","QDACYP0004",0,0,0,0,0,0.1,17.7,0,0,0,0,0,0.4,5,9.1,0,0,0,27.8,34.8,1.2,57.9,10.3,27.8,"grass"
"244","QDACYP0005",0,0,0,0,0,0,12,0,0,0,0,0,0.6,9,9.4,0,0,0,29.4,50.2,0,71.8,9.4,29.4,"grass"
"245","QDACYP0006",0,0,0,0,0,0,5,0,0,0,0,0,0,0.2,11.6,0,0,0,28.3,54.9,0.4,60.1,12,28.3,"grass"
"246","QDACYP0007",0,0,0,0,0.3,1.2,3.3,0,0,0,0,0,0,0.3,17.1,0,0,0,48,71.6,0,75.2,17.1,48,"grass"
"247","QDACYP0008",0,0,0,0,0,0,2.1,0,15,1.4,0,0,2.3,14,9.7,0,0,0,33.7,10.9,1.3,29.3,27.4,33.7,"tree"
"248","QDACYP0009",0,0,0,0,0,0.6,6.6,0,0,0,0,0,0.4,1,6.1,0,0,0,36.7,64.8,0.6,72.8,6.7,36.7,"grass"
"249","QDACYP0010",0,0,0,0,0,0,6.4,0,0,0,0,0,0,4.3,1.5,0,0,0,0.2,107.7,5.4,118.4,6.9,0.2,"grass"
"250","QDACYP0011",0,0,0,0,0,0.2,4.1,0,0,0,0,0,0,2.8,5.3,0,0,0,31.9,66.7,0.8,73.6,6.1,31.9,"grass"
"251","QDACYP0012",0,0,0,0,0.3,0,5.9,0,0,0,0,0,0,0,34.7,0,0,0,136.3,0.3,58.7,6.2,93.4,136.3,"tree"
"252","QDACYP0013",0,0,0,0,0,0,3.8,0,0,0,0,0,0,0.4,5.6,0,0,0,35,64.8,0.5,69,6.1,35,"grass"
"253","QDACYP0014",0,0,0,0,0,0,8.8,0,0,0,0,0,0,8.5,5.1,0.1,0,0,41.2,61.2,0,78.5,5.2,41.2,"grass"
"254","QDACYP0015",0,0,0,0,0,0,0.9,0,0,0,0,0,0,3.5,0.4,0,0,0,26.2,62.8,0,67.2,0.4,26.2,"grass"
"255","QDACYP0016",0,0,0,0,0,0,1.7,0,0,23.8,0,0,2.4,14,12.5,0.1,0,0,69.3,15.1,0.7,33.2,37.1,69.3,"tree"
"256","QDACYP0017",0,0,0,0,0,0.1,0.9,0,0,0,0,0,2.7,3.4,57.6,0,0,0,22.4,27.5,5.3,34.5,62.9,22.4,"shrub"
"257","QDACYP0018",0,0,0,0,0,0,1.6,0,0,0,0,0,3.2,10.6,51.4,0,0,0,39,7.5,2.1,22.9,53.5,39,"shrub"
"258","QDACYP0019",0,0,0,0,0.5,0,3.9,0,0,0,0,0,0.2,44.5,41,0,0,0,5.1,0.1,0.2,48.7,41.2,5.1,"grass"
"259","QDACYP0020",0,0,0,0,0,0,0.8,0,0,0,0,0,3.2,9.1,35.3,0,0,0.6,45.9,6.2,1.1,19.3,36.4,46.5,"tree"
"260","QDACYP0021",0,0,0,0,0,0,5.2,0,0,0,0,0,5.7,1,16.1,0,0,0,55.1,23.4,4.1,35.3,20.2,55.1,"tree"
"261","QDACYP0022",0,0,0,0,0,0,3.5,0,0,0,0,0,0.2,44.8,7.5,0.1,0,0,41.2,13.6,0,62.1,7.6,41.2,"grass"
"262","QDACYP0023",0,0,0,0,0,0,3.8,0,0,0,0,0,0,0.6,7.1,0,0,0,48.7,60.7,2.8,65.1,9.9,48.7,"grass"
"263","QDACYP0024",0,0,0,0,0.1,0,4.2,0,0,0,0,0,3.5,0.5,7.4,0,0,0,58.5,45.5,0.5,53.7,7.9,58.5,"tree"
"264","QDADEU0001",0,0,0,0,0,0,34.4,0,0,0,0,0,0,0.6,0.6,0,0,0,4.5,66.9,1.7,101.9,2.3,4.5,"grass"
"265","QDAEIU0001",0,0,0,0,0,0,0.7,0,0,0,0,0,0,0.1,0.4,0,0,0,0,55.7,0,56.5,0.4,0,"grass"
"266","QDAEIU0002",0,0,0,0,0,0,1.3,0,0,0,0,0,0,4.1,0.4,0,0,0,7.8,45.7,0,51.1,0.4,7.8,"grass"
"267","QDAEIU0003",0,0,0,0,0,0,1.4,0,0,0,0,0,0.1,0,0.5,0,0,0.6,3.9,48.8,0,50.3,0.5,4.5,"grass"
"268","QDAEIU0004",0,0,0,0,0,0,3.1,0,0,0,0,0,0,0,0.2,0,0,0,10.3,77.8,0,80.9,0.2,10.3,"grass"
"269","QDAEIU0005",0,0,0,0,0,0,0,0,0,0,0,0,0,0,0,0,0,0,0.3,6.2,0,6.2,0,0.3,"grass"
"270","QDAEIU0006",0,0,0,0,0,0,0,0,0,0,0,0,0.6,0,5.5,0,0,0,41.7,22.4,0,23,5.5,41.7,"tree"
"271","QDAEIU0007",0,0,0,0,0,0,2.1,0,0,0,0,0,0.1,0,6.9,0,0,0,42.4,18.3,0,20.5,6.9,42.4,"tree"
"272","QDAEIU0008",0,0,0.2,0,0,0,7.1,0,0,0,0,0,0,1.9,37.1,0,0,0,6.4,40.3,0.4,49.3,37.7,6.4,"grass"
"273","QDAEIU0009",0,0,0,0,0,0,17,0,0,0,0,0,0,2,5.1,0,0,0,3.5,89.7,2.1,108.7,7.2,3.5,"grass"
"274","QDAEIU0010",0,0,0,0,0,0,6.7,0,0,0,0,0,0,0.6,20.4,0,0,0,29.3,34.1,0.4,41.4,20.8,29.3,"grass"
"275","QDAGUP0001",0,0,0,0,0.1,0,1,0,0,0,0,0,0,0,21.2,0,0,0,12.2,15.3,0,16.3,21.2,12.2,"shrub"
"276","QDAGUP0002",0,0,0,0,0.1,0,1.4,0,0,0,0,0,0,0,7.5,0,0,0,16.3,8.8,0,10.2,7.5,16.3,"tree"
"277","QDAGUP0003",0,0,0,0,0,0,0.1,0,0,0,0.1,0,0,0,11.4,0,0,0,18.8,8.2,0,8.4,11.4,18.8,"tree"
"278","QDAGUP0004",0,0,0,0,0,0,0,0,0,0,0,0,0,0,5.4,0,0,0,13.7,2.9,0,2.9,5.4,13.7,"tree"
"279","QDAGUP0005",0,0,0,0,0,0,0,0,0,0,0,0,0,0,20.4,0,0,0,25.2,0.3,0,0.3,20.4,25.2,"tree"
"280","QDAGUP0006",0,0,0,0,0,0,0.1,0,0,0,0,0,0,0,11.6,0,0,0,12.5,0.1,0,0.2,11.6,12.5,"tree"
"281","QDAGUP0007",0,0,0,0,0,0,2.7,0,0,0,0,0,0,0,0.2,0,0,0,0,40.7,0,43.4,0.2,0,"grass"
"282","QDAGUP0008",0,0,0,0,0,0,0.2,0,0,0,0,0,0,0.1,17.6,0,0,0,13.6,19.3,0,19.6,17.6,13.6,"grass"
"283","QDAGUP0009",0,0,0,0,0,0,1.5,0,0,0,0,0,0,0,0.4,0,0,0,0.4,47,0,48.5,0.4,0.4,"grass"
"284","QDAGUP0010",0,0,0,0,0,0,0.4,0,0,0,0,0,0,0.3,20.6,0,0,0,3.1,5.4,0,6.1,20.6,3.1,"shrub"
"285","QDAGUP0011",0,0,0,0,0,0,2.6,0,0,0,0,0,0,0,14.3,0,0,0,19.7,21,0,23.6,14.3,19.7,"grass"
"286","QDAGUP0012",0,0,0,0,0,0,0.4,0,0,0,0,0,0,0.4,2.3,0,0,2.2,0.4,21.2,0,22,2.3,2.6,"grass"
"287","QDAGUP0013",0,0,0,0,0,0,0,0,0,0,0,0,0,0.1,0.2,0,0,0,0.2,24.3,0,24.4,0.2,0.2,"grass"
"288","QDAGUP0014",0,0,0,0,0,0,1.7,0,0,0,0,0,0,0,0,0,0,0,0,47.4,0,49.1,0,0,"grass"
"289","QDAGUP0015",0,0,0,0,0,0,0.6,0,0,0,0,0,0,0,0.1,0,0,0,0,63.1,0.9,63.7,1,0,"grass"
"290","QDAGUP0016",0,0,0,0,0,0,0.9,0,0,0,0,0,0,0,3.1,0,0,0,9,44.8,0.3,45.7,3.4,9,"grass"
"291","QDAGUP0017",0,0,3,0,0,1.3,1.9,0,0,0,0,0,0,0.1,2.8,0,0,0,0,40.5,0.4,42.5,6.2,0,"grass"
"292","QDAGUP0018",0,0,0,0,0,0,0.2,0,0,0,0,0,0,1.7,6.6,0,0,0,21.4,29.6,0.2,31.5,6.8,21.4,"grass"
"293","QDAGUP0019",0,0,10.5,0,0,0,1.1,0,0,0,0,0,0,0,0.1,0,0,0,0,18.1,0,19.2,10.6,0,"grass"
"294","QDAGUP0020",0,0,9.2,0,0,0,6.3,0,0,0,0,0,0,4.1,0,0,0,0,0,39.7,0,50.1,9.2,0,"grass"
"295","QDAGUP0021",0,0,0,0,0.2,0,0.5,0,0,0,0,0,0,2.1,12.4,0,0,0,20.1,2.1,7.9,4.7,20.3,20.1,"shrub"
"296","QDAGUP0022",0,0,14.7,0,0,0,0.1,0,0,0,0,0,0,0.5,0,0,0,0,0,21.6,0.1,22.2,14.8,0,"grass"
"297","QDAGUP0023",0,0,0,0,0,0,0.1,0,0,0,0,0,0,33.4,0,0,0,0,0,27.8,0,61.3,0,0,"grass"
"298","QDAGUP0024",0,0,9.2,0,0,0,0,0,0,0,0,0,0,0,0.1,0,0,0,0,10.1,0,10.1,9.3,0,"grass"
"299","QDAGUP0025",0,0,0,0,0,0,1.8,0,0,0,0,0,0,0.4,4.6,0,0,0,13.6,25.8,6.6,28,11.2,13.6,"grass"
"300","QDAGUP0026",0,0,0,0,0.1,0,0.4,0,0,0,0,0,0,0,6.7,0,0,0,4.8,41.1,0,41.5,6.7,4.8,"grass"
"301","QDAGUP0027",0,0,0,0,0,0,0,0.1,0,0,0,0,0,0,10.8,0,0,0,51.4,0.6,0.1,0.6,10.9,51.4,"tree"
"302","QDAGUP0028",0,0,0,0,0,0,0,0,0,0,0,0,0,0,25.5,0,0,0,25.8,2.1,0.2,2.1,25.7,25.8,"tree"
"303","QDAGUP0029",0,0,0,0,0,0,0.5,0,0,0,0,0,0,1.6,8.2,0,0,0,2.4,16.9,0,19,8.2,2.4,"grass"
"304","QDAGUP0030",0,0,0,0,0,0,0.2,0,0,0,0,0,0,0.7,7.3,0,0,0,7.4,21.2,0,22.1,7.3,7.4,"grass"
"305","QDAGUP0031",0,0,0,0,0,0,0.5,0,0,0,0,0,0,0.9,4.3,0,0,0,8.9,18.9,0,20.3,4.3,8.9,"grass"
"306","QDAMGD0001",0,0,0.2,0,0,0,1.2,0,0,0,0,0,0,0,0.8,0,0,0,0,30.8,0,32,1,0,"grass"
"307","QDAMGD0002",0,0,0.5,0,0,0,2.6,0,0,0,0,0,0,1.2,5,0,0,0,14.4,19.8,0,23.6,5.5,14.4,"grass"
"308","QDAMGD0003",0,0,0,0,0,0,0.9,0,0,0,0,0,0,0,0,0,0,0,0,39.9,0,40.8,0,0,"grass"
"309","QDAMGD0004",0,0,6,0,0.1,0,0.6,0,0,0,0,0,0,0,1.3,0,0,0,9.2,10.7,0,11.3,7.3,9.2,"grass"
"310","QDAMGD0005",0,0,0.6,0,0.3,0,0.9,0,0,0,0,0,0,4.1,4.4,0,0,0,12.7,21.4,0.1,26.4,5.1,12.7,"grass"
"311","QDAMGD0006",0,0,0,0,0,0,0.7,0,0,0,0,0,0,0,0,0,0,0,0,23.6,0,24.3,0,0,"grass"
"312","QDAMGD0007",0,0,0,0,0,0,1.5,0,0,0,0,0,0,0,0.8,0,0,0,0.8,24.8,0,26.3,0.8,0.8,"grass"
"313","QDAMGD0008",0,0,0,0,0,0,0.7,0,0,0,0,0,0,0,0,0,0,0,0,20.2,0,20.9,0,0,"grass"
"314","QDAMGD0009",0,0,1.9,0,0,0,6,0,0,0,0,0,0,0.4,0.6,0,0,0,0,0.7,0,7.1,2.5,0,"grass"
"315","QDAMGD0010",0,0,0.1,0,0.1,13.5,4.6,0,0,0,0,0,0,4.3,15.4,0,0,0,13.7,1.8,0,10.7,15.5,13.7,"shrub"
"316","QDAMGD0011",0,0,0.3,0,0,0,0,0,0,0,0,0,0,0,0,0,0,0,0,13.8,0,13.8,0.3,0,"grass"
"317","QDAMGD0012",0,0,2.1,0,0.2,0,1.8,0,0,0,0,0,0,0,14.6,0,0,0,4.1,0,0,1.8,16.7,4.1,"shrub"
"318","QDAMGD0013",0,0,0.2,0,0,0,1,0,0,0,0,0,0,0,0,0,0,0,0,12.6,0,13.6,0.2,0,"grass"
"319","QDAMGD0014",0,0,0,0,0,0,2.5,0,0,0,0,0,0,0,0,0,0,0,0,11.8,0,14.3,0,0,"grass"
"320","QDAMGD0015",0,0,0.2,0,0.1,0,0.6,0,0,0,0,0,0,0.1,2.2,0,0,0,9.5,4.1,0,4.8,2.4,9.5,"tree"
"321","QDAMGD0016",0,0,0.2,0,0.1,0,0.4,0,0,0,0,0,0,0,2.7,0,0,0,8.4,7.4,0.1,7.8,3,8.4,"tree"
"322","QDAMGD0017",0,0,0.1,0,0,0,2.2,0,0,0,0,0,0,0,0,0,0,0,0,17.7,0,19.9,0.1,0,"grass"
"323","QDAMGD0018",0,0,0,0,0,0,2.2,0,0,0,0,0,0,0,0,0,0,0,0,35.9,0,38.1,0,0,"grass"
"324","QDAMGD0019",0,0,0,0,0,0,0,0,0,0,0,0,0,0,0,0,0,0,0,18.7,0,18.7,0,0,"grass"
"325","QDAMGD0020",0,0,0,0,0,0,0.2,0,0,0,0,0,0,0,0.3,0,0,0,16.4,5.5,0.1,5.7,0.4,16.4,"tree"
"326","QDAMGD0021",0,0,0,0,0,0,0.7,0,0,0,0.9,0,0,0,0,0,0,0,0,16.7,0,18.3,0,0,"grass"
"327","QDAMGD0022",0,0,0,0,0,0,1.3,0,0,0,0,0,0,0.3,0.3,0,0,0,0,15.4,0,17,0.3,0,"grass"
"328","QDAMGD0023",0,0,0,0,0,0,0,0,0,0,0,0,0,4.7,9.3,0,0,0,15,33.4,0,38.1,9.3,15,"grass"
"329","QDAMGD0024",0,0,0,0,0,0,0.1,0,0,0,0,0,0,0,0.4,0,0,0,1.2,5.8,0,5.9,0.4,1.2,"grass"
"330","QDAMGD0025",0,0,0,0,0.2,0,0.1,0,0,0,0.2,0,0,0,5.3,0,0,0,22.5,0.7,0,1,5.3,22.5,"tree"
"331","QDAMGD0026",0,0,0,0,0,0,0.3,0,0,0,0,0,0,0,4.4,0,0,0,16.1,0.9,0,1.2,4.4,16.1,"tree"
"332","QDAMGD0027",0,0,0,0,0,0,7.1,0,0,0,0,0,0,0.3,0,0,0,0,0.1,24.4,2.2,31.8,2.2,0.1,"grass"
"333","QDAMGD0028",0,0,0,0,0,0,16.5,0,0,0,0,0,0,0.2,0.1,0,0,0,0,25.1,0.5,41.8,0.6,0,"grass"
"334","QDAMII0001",0,0,0,0,0,0,1,0,0,0,0,0,0,0,2.4,0,0,0,2,3.9,0,4.9,2.4,2,"grass"
"335","QDAMII0002",0,0,0,0,0,0,0.4,0,0,0,3.5,0,0,0,0.9,0.8,0,3.1,0.2,18.8,2.2,22.7,3.9,3.3,"grass"
"336","QDAMUL0001",0,0,0,0,0,0,0,0,0,0,0,0,0,0,15.3,0,0,0.9,42.8,0.9,0,0.9,15.3,43.7,"tree"
"337","QDAMUL0002",0,0,0,0,0,0,0,0,0,0,0,0,0,0,0,0,0,0,48.8,0,0,0,0,48.8,"tree"
"338","QDAMUL0003",0,0,0,0,0,0.1,2.6,0,0,0,0,0,0,0,6.9,0,0,0,46.1,4.7,0,7.3,6.9,46.1,"tree"
"339","QDASEQ0001",0,0,0,0,0,0.4,4.2,0,0,1,0,0,8.7,0.2,17,0,0,0,127.7,27.1,7,40.2,25,127.7,"tree"
"340","QDASEQ0002",0,0,0.1,0,0,0.6,14.8,0,0,0.3,0,0,0,2.4,2.6,0,0,0,0,101.6,0.2,118.8,3.2,0,"grass"
"341","QDASEQ0003",0,0,0,0,0,0.3,5.3,0,0,2.6,0,0,10,1.3,9.9,0,0,0,132.6,15.5,3.6,32.1,16.1,132.6,"tree"
"342","QDASEQ0004",0,0,0,0,0,0.1,3.5,0,0,1.7,0,0,7.2,2.9,22.9,0,0,0,112.1,16.6,8.1,30.2,32.7,112.1,"tree"
"343","QDASSD0001",0,0,0.4,0,0,0,1.93333333333333,0,0,0,37.3333333333333,0,0,0,2.5,0,0,0,0,1.23333333333333,0,40.5,2.9,0,"grass"
"344","QDASSD0002",0,0,1.16666666666667,0,0,0,1.36666666666667,0,0,0,12.4,0.2,0,0.2,5.2,0.4,0,2.4,0.0333333333333333,9.83333333333333,0,23.8,6.76666666666667,2.43333333333333,"grass"
"345","QDASSD0003",0,0,7.33333333333333,0,0,0,3.63333333333333,0,0,0,5.53333333333333,0.0333333333333333,0,0.333333333333333,2.63333333333333,0,0,0,5.93333333333333,13.8666666666667,0,23.3666666666667,9.96666666666667,5.93333333333333,"grass"
"346","QDASSD0004",0,0,1.3,0,0,0,2.36666666666667,0,0,0,41.3666666666667,0,0,0.333333333333333,0.4,0,0,0,0,3.16666666666667,0,47.2333333333333,1.7,0,"grass"
"347","QDASSD0005",0,0,9.1,0,0,0,2.9,0,0,0,7.4,0,0,0.1,4.03333333333333,0,0,0,9.36666666666667,0.566666666666667,0,10.9666666666667,13.1333333333333,9.36666666666667,"shrub"
"348","QDASSD0006",0,0,0.0666666666666667,0,0,0,5.86666666666667,0,0,0,13.4666666666667,0.0666666666666667,0,0.0666666666666667,6.26666666666667,0,0,0,0,13.8333333333333,0,33.2333333333333,6.33333333333333,0,"grass"
"349","QDASSD0007",0,0,0,0,0,0,2.46666666666667,0,0,0,0.7,0.0333333333333333,0,0,5.46666666666667,0,0,0,11.4333333333333,19.6333333333333,0,22.8,5.46666666666667,11.4333333333333,"grass"
"350","QDASSD0008",0,0,0.0333333333333333,0,0,0,4.23333333333333,0,0,0,36.3,0,0,0,10.6666666666667,0,0,0,0.0333333333333333,0.333333333333333,0,40.8666666666667,10.7,0.0333333333333333,"grass"
"351","QDASSD0009",0,0,0.0333333333333333,0,0,2.36666666666667,10.9,0,0,0,0.666666666666667,0,0,0,0.833333333333333,0,0,0,19.4333333333333,27.7666666666667,0,39.3333333333333,0.866666666666667,19.4333333333333,"grass"
"352","QDASSD0010",0,0,0.1,0,0,0,8.85,0,0,0,0,0,0,0,7.3,0,0,0,6.3,10.85,0.45,19.7,7.85,6.3,"grass"
"353","QDASSD0011",0,0,4.06666666666667,0,0,0,1.76666666666667,0,0,0,0.2,0,0,0.7,1.8,0,0,0,8.26666666666667,5.2,0.233333333333333,7.86666666666667,6.1,8.26666666666667,"tree"
"354","QDASSD0012",0,0,0,0,0,0,25.7,0,0,0,0,0.0666666666666667,0,0.166666666666667,10.0333333333333,0,0,0.1,1.03333333333333,3.83333333333333,0,29.7,10.0333333333333,1.13333333333333,"grass"
"355","QDASSD0013",0,0,0.0333333333333333,0,0,0,0.9,0,0,0,0.3,0,0,1.33333333333333,15.4333333333333,0,0,0,0.233333333333333,16.6333333333333,0,19.1666666666667,15.4666666666667,0.233333333333333,"grass"
"356","QDASSD0014",0,0,0.666666666666667,0,0,0,2.93333333333333,0,0,0,0,0,0,4.03333333333333,4.1,0,0,0,1.43333333333333,16.8333333333333,0,23.8,4.76666666666667,1.43333333333333,"grass"
"357","QDASSD0015",0,0,1.03333333333333,0,0,0,1.7,0,0,0,0,0,0,5.16666666666667,7.23333333333333,0.433333333333333,0,0,0.8,18.7333333333333,0,25.6,8.7,0.8,"grass"
"358","SAABHC0001",0,0,13.45,0,0.2,0,0.25,0,0,0,0,0,0,0,13.65,0,0,0,0.2,0,0,0.25,27.1,0.2,"shrub"
"359","SAABHC0002",0,0,14.55,0,0.2,0,0,0,0,0,0,0,0,0,3.3,0,0,0,4.8,0.05,0,0.05,17.85,4.8,"shrub"
"360","SAABHC0003",0,0,1.35,0,0,0,5.2,0,0,0,0,0,0,0,7.75,0,0,0,0,0.25,0,5.45,9.1,0,"shrub"
"361","SAABHC0004",0,0,20.2,0,0.15,0,0.15,0,0,0,0,0,0,0,9.75,0,0,0,23.6,0,0,0.15,29.95,23.6,"shrub"
"362","SAABHC0005",0,0,9.9,0,0,0,0.1,0,0,0,0,0,0,0,0,0,0,0,0,0,0,0.1,9.9,0,"shrub"
"363","SAABHC0006",0,0,7.6,0,0,0,0.2,0,0,0,0,0,0,0,0,0,0,0,0,0,0,0.2,7.6,0,"shrub"
"364","SAAEYB0001",0,0,25.4,0,0,0,36.9,0,0,0,0,0,0,0,17.2,0,0,0,0,1.3,0,38.2,42.6,0,"shrub"
"365","SAAEYB0002",0,0,0.1,0,0,0,0.9,0,0,18.7,0,0,4.1,12.4,27.1,0,0,16,0,0,3.1,17.4,49,16,"shrub"
"366","SAAEYB0003",0,0.2,0,0,0,0,7.4,0,0,23.3,0,0,0,20.3,48.9,0,0,44.6,0,0,1.9,27.7,74.1,44.6,"shrub"
"367","SAAEYB0004",0,50.6,0,0,0,0,2.8,0,0,18.7,0,0,0,1.6,63.4,0,0,36.8,0,0.3,1.6,4.7,83.7,36.8,"shrub"
"368","SAAEYB0005",0,0,0,0,0.2,0,17.7,0,0,16.4,0,0,0,0,39.7,0,0,38.7,0.4,1.2,1.8,18.9,57.9,39.1,"shrub"
"369","SAAEYB0006",0,0.6,0,0,0,0,3.4,0,0,41,0,0,0,1.8,52.6,0,0,44,0,0,4.8,5.2,98.4,44,"shrub"
"370","SAAEYB0007",0,0,0,0,0,0,0.9,0,0,4.7,0,0,1.1,8.4,46,0.5,0,26.7,9.4,0.1,3,10.5,54.2,36.1,"shrub"
"371","SAAEYB0008",0,0,0,0,0,0,15.3,0,0,25.5,0,0,0,0.2,57.6,0,0,28.1,0,0.8,1.9,16.3,85,28.1,"shrub"
"372","SAAEYB0009",0,0,0,0,0.2,0,4.3,0,0,2.3,0,0,0,0.4,37.7,0,0,33.6,0,0,2,4.7,42,33.6,"shrub"
"373","SAAEYB0010",0,0,0,0,0,0,1.7,0,0,32,0,0,0,9.3,60.1,0,0,33.3,0,0.3,1.3,11.3,93.4,33.3,"shrub"
"374","SAAEYB0011",0,0,0,0,0,0,6.3,0,0,35.8,0,0,0,2.4,74.9,0,0,48.8,0.5,0,10.2,8.7,120.9,49.3,"shrub"
"375","SAAEYB0012",0,0,0,0,0,0,8.6,0,0,47,1.1,0,0,8.5,30,0,0,31.9,0,0.6,5.1,18.8,82.1,31.9,"shrub"
"376","SAAEYB0013",0,0,0,0,0,0,3.3,0,0,25,0,0,0,0.4,87.2,0,0,31.1,0,0.4,4.4,4.1,116.6,31.1,"shrub"
"377","SAAEYB0021",0,0,0,0,0,0,1.8,0,0,29.1,18.7,0,0.1,2.6,6.2,5.9,0,0,0,0.2,0.5,23.4,41.7,0,"shrub"
"378","SAAEYB0022",0,0,0,0,0,0,0.8,0,0,7.2,2.9,0,0,5.6,42.7,1.8,0,6.2,0,0.3,0.2,9.6,51.9,6.2,"shrub"
"379","SAAEYB0023",0,0,0,0,0,0,0.4,0,0,6.6,5.6,0,0.1,1.8,17.5,13.2,0,0.5,0.1,0.4,0.1,8.3,37.4,0.6,"shrub"
"380","SAAEYB0024",0,0,0,0,0,0,1.1,0,0,1.5,14.2,0,0,1.1,23,27.8,0,0,0,0,0.1,16.4,52.4,0,"shrub"
"381","SAAEYB0025",0,0,0,0,0,0,11.7,0,0,23.3,0,0,0.8,13,35.8,0,0,0,2.8,4.6,2.2,30.1,61.3,2.8,"shrub"
"382","SAAEYB0026",0,0,0,0,0,0,15.2,0,0,13.6,0,0,0,0.4,46.2,0,0,0,0.6,6.6,1.6,22.2,61.4,0.6,"shrub"
"383","SAAEYB0027",0,0,0,0,0,0,8.8,0,0,9.9,0,0,0,0.1,46.3,30,0,0,0,2.5,6.8,11.4,93,0,"shrub"
"384","SAAEYB0028",0,0,0.2,0,0,0,2.6,0,0,0,0.1,0,3.2,0.1,14.1,0,0,0,0,1.3,0,7.3,14.3,0,"shrub"
"385","SAAEYB0029",0,0,0,0,0,0,0.5,0,0,0,0,0,0,0,5.5,0,0,0,0,13.2,0,13.7,5.5,0,"grass"
"386","SAAEYB0030",0,0,6.3,0,0,0,0.3,0,0,0,0,0,0,1.6,21,0.1,0,13.2,0.1,0.6,0.1,2.5,27.5,13.3,"shrub"
"387","SAAEYB0031",0,0,2,0,0,0,0.1,0,0,2.5,0,0,0,0,24.1,0,0,2.4,3.4,0,0,0.1,28.6,5.8,"shrub"
"388","SAAEYB0032",0,0,0.5,0,0,0,3.8,0,0,0,0,0,0,0,6.6,0,0,4.9,1.1,14.9,0,18.7,7.1,6,"grass"
"389","SAAEYB0033",0,0,1.5,0,0,0,0,0,0,0,0,0,0.1,0,6.8,0,0,26.6,0,0.2,0,0.3,8.3,26.6,"tree"
"390","SAAFLB0003",0,0,0,0,0,1.1,30.85,0,0,0.15,0,0,4.3,0.4,2.75,0,0,0,45.8,25.2,0.1,60.75,3,45.8,"grass"
"391","SAAFLB0004",0,3.6,0,0,0,1.1,17.8,0,0,0,0,0,0,0,12.5,0,0,0,41,14.1,0,31.9,12.5,41,"tree"
"392","SAAFLB0005",0,0,0.1,0,0,0,10.6,0,0,0,0,0,0,0,49.6,0,0,0,0,3.4,2.2,14,51.9,0,"shrub"
"393","SAAFLB0007",0,0,8.8,0,0,0,14.2,0,0,0,0,0,0,0,0.1,0,0,0,0,0,0,14.2,8.9,0,"grass"
"394","SAAFLB0008",0,0,2.4,0,0.1,0,2.2,0,0,0,0,0,0,0,16.9,0,0,0,19.6,0,0,2.2,19.3,19.6,"tree"
"395","SAAFLB0030",0,0,7.8,0,0,0,2.05,0,0,0,0,0,0,0,0.1,0,0,0,0,9.85,0,11.9,7.9,0,"grass"
"396","SAAFLB0031",0,0,6.5,0,0,0,3.75,0,0,0,0,0,0,0,0.1,0,0,0,0,1.75,0.05,5.5,6.65,0,"shrub"
"397","SAAGAW0001",0,0,8.9,0,0.2,0,0.4,0,0,0,0,0,0,0,14.1,0,0,0,16.2,0,0,0.4,23,16.2,"shrub"
"398","SAAGAW0002",0,0,21.8,0,0,0,2.5,0,0,0,0,0,0,0,0.9,0,0,0,0.3,0.7,0,3.2,22.7,0.3,"shrub"
"399","SAAGAW0003",0,0,12.8,0,0,0,0,0,0,0,0,0,0,0,14.7,0,0,0,10.3,0,0,0,27.5,10.3,"shrub"
"400","SAAGAW0005",0,0,0.1,0,0,0.1,0.2,0,0,0,0,0,0,0,25,0,0,0,1.2,0.2,0.2,0.4,25.3,1.2,"shrub"
"401","SAAGAW0006",0,0,8.2,0,0,0,0.6,0,0,0,0,0,0,0,5.6,0,0,0,2.8,5,0,5.6,13.8,2.8,"shrub"
"402","SAAGAW0007",0,0,13.8,0,0.1,0,0.4,0,0,0,0,0,0,0,2,0,0,0,4.9,1.1,0,1.5,15.8,4.9,"shrub"
"403","SAAGAW0008",0,0,9.9,0,0,0,0.7,0,0,0,0,0,0,0,4.1,0,0,0,0,2.8,0,3.5,14,0,"shrub"
"404","SAAGVD0001",0,0,13.9,0,0,0,5,0,0,0,0,0,0,0,0,0,0,0,0,9.3,0,14.3,13.9,0,"grass"
"405","SAAGVD0002",0,0,11.4,0,0,0,8.1,0,0,0,0,0,0,0,0.4,0,0,0,0,15,0,23.1,11.8,0,"grass"
"406","SAAGVD0003",0,0,4.5,0,0,0.1,24.6,0,0,0,0,0,0,0,3.1,0,0,0,0,37.8,0,62.4,7.6,0,"grass"
"407","SAAGVD0004",0,0,13.3,0,0.1,0,3.1,0,0,0,0,0,0,0,4.4,0,0,0,1.6,2.8,0,5.9,17.7,1.6,"shrub"
"408","SAAKAN0001",0,0,0,0,0,0,6.55,0,12.95,9.1,0,0,0,16.2,22.75,1.45,0,27.85,27.4,0,0.65,22.75,46.9,55.25,"tree"
"409","SAAKAN0002",0,0,0,0,0,2.7,51.9,0,21.65,0.2,0,0,0,4.95,63.05,0.35,0,9.4,21.9,6.35,0.35,63.2,85.6,31.3,"shrub"
"410","SAAKAN0003",0,4.1,0,0,0,0,7.15,0,7.25,1.75,0,0,0,1.45,15.95,0.2,0,1.05,35.25,4.2,0.3,12.8,25.45,36.3,"tree"
"411","SAAKAN0004",0,0,0,0,0,0,0.9,0,21.2,4.4,0,0,0,0.2,48.7,1.85,0,12.75,8.35,0,0.1,1.1,76.25,21.1,"shrub"
"412","SAAKAN0005",0,0,0,0,0,0,1.45,0,6.85,4.25,0,0,0,16.9,68.9,5.45,0,9.35,1.55,0,1.15,18.35,86.6,10.9,"shrub"
"413","SAAKAN0006",0,0,0,0,0,0,2.4,0,9.4,0.2,0,0,0,34.6,54.5,0.2,0,22,3,1.7,0.6,38.7,64.9,25,"shrub"
"414","SAAKAN0007",0,0,0,0,0,0,15.75,0,3.9,0.05,0,0,0,3.4,59.05,11.9,0,3.65,5.3,0,0.2,19.15,75.1,8.95,"shrub"
"415","SAAKAN0008",0,0,0,0,0,0,0.1,0,9.1,29.4,0,0,0,23.65,66,12.25,0,15.05,0.45,0,0.65,23.75,117.4,15.5,"shrub"
"416","SAAKAN0009",0,0,0,0,0,0,1.35,0,1.05,0.95,0,0,0,5.2,80.65,19.05,0,14.95,0,0,0.4,6.55,102.1,14.95,"shrub"
"417","SAAKAN0010",0,0,0,0,0,0,6.9,0,0,5.4,0,0,0,0,53.7,14.7,0,22,3.4,0.55,0.05,7.45,73.85,25.4,"shrub"
"418","SAAKAN0011",0,0,0,0,0,0.1,3.8,0,0,0.2,0,0,0,11.05,23.7,0.15,0,31.6,28.7,5.05,1.9,19.9,25.95,60.3,"tree"
"419","SAAKAN0012",0,0,0.2,0,0,0,3.2,0,0,34.05,0,0,0,0,44.35,33.65,0,0,0,0,1.3,3.2,113.55,0,"shrub"
"420","SAAMDD0007",0,0,10.65,0,0,0,27.9,0,0,0,0,0,0,0,0.4,0,0,0,0,0.05,0.05,27.95,11.1,0,"grass"
"421","SAAMDD0008",0,0,3.4,0,0,0,0.7,0,0,0,0,0,0,0,2.5,0,0,42.3,0.35,0,0,0.7,5.9,42.65,"tree"
"422","SAAMDD0009",0,0,4,0,0,0,17.85,0,0,0,0,0,0,0,8.35,0,0,5.8,5.5,3.6,0,21.45,12.35,11.3,"grass"
"423","SAAMDD0010",0,0,1.2,0,0,0,0.1,0,0,0,13.5,0,0.05,0,11.7,0.45,0,33,0.4,0.05,0,13.7,13.35,33.4,"tree"
"424","SAAMDD0011",0,0,7.4,0,0.55,0,6.15,0,0,0,0,0,0,0,22.1,0,0,0,1.75,0.4,0,6.55,29.5,1.75,"shrub"
"425","SAANUL0001",0,0,14.1,0,0,0,5.9,0,0,0,0,0,0,0,0,0,0,0,0,4.9,0,10.8,14.1,0,"shrub"
"426","SAANUL0002",0,0,16.8,0,0,0,4.3,0,0,0,0,0,0,0,9,0,0,2.3,0.5,2.5,0,6.8,25.8,2.8,"shrub"
"427","SAANUL0003",0,0,11.7,0,0,0,3.2,0,0,0,0,0.1,0,0,0.4,0,0,0,0,21.1,0,24.3,12.1,0,"grass"
"428","SAANUL0004",0,0,15.1,0,0,0,9.8,0,0,0,0,0,0,0,0.6,0,0,0,0,6.1,0,15.9,15.7,0,"grass"
"429","SAASTP0001",0,0,10.3,0,0,0.1,5.1,0,0,0,0,0,0,0,3.1,0,0,0,0,7,0,12.1,13.4,0,"shrub"
"430","SAASTP0002",0,0,7.1,0,0.4,0,2.7,0,0,0,0,0,0,0,0,0,0,0,0.5,19.7,0,22.4,7.1,0.5,"grass"
"431","SAASTP0003",0,0,8.5,0,0,0,1.9,0,0,0,0,0,0,0.1,0.1,0,0,0,0,6.1,0,8.1,8.6,0,"shrub"
"432","SAASTP0004",0,0,6.8,0,0,0,18.9,0,0,0,0,0,0,0,0,0,0,0,0.1,2,0,20.9,6.8,0.1,"grass"
"433","SAASTP0005",0,0,12.6,0,0,0.3,16.3,0,0,0,0,0,0,0,0.1,0,0,0,0.2,8.1,0,24.4,12.7,0.2,"grass"
"434","SAASTP0006",0,0,9.9,0,0,0,50.5,0,0,0,0,0,0,0,0,0,0,0,0,4,0,54.5,9.9,0,"grass"
"435","SAASTP0007",0,0,16.3,0,0,0.9,7.7,0,0,0,0,0,0,0.3,0.7,0,0,0,0,4.8,0.1,12.8,17.1,0,"shrub"
"436","SAASTP0008",0,0,6.4,0,0,0,1.2,0,0,0,0,0,0,0,0.4,0,0,0,0,4,0,5.2,6.8,0,"shrub"
"437","SAASTP0009",0,0,13.1,0,0,0.2,7.1,0,0,0,0,0,0,0,32.4,0,0,0,0,0.4,0.5,7.5,46,0,"shrub"
"438","SAASTP0010",0,0,8.2,0,0,0,0.7,0,0,0,0,0,0,0,0.2,0,0,0,0,3.2,0,3.9,8.4,0,"shrub"
"439","SAASTP0011",0,0,1.2,0,0,0,1.8,0,0,0,0,0,0,0,0,0,0,0,0,7.5,0,9.3,1.2,0,"grass"
"440","SAASTP0012",0,0,5.9,0,0,0,0.1,0,0,0,0,0,0,0,0,0,0,0,0,15.1,0,15.2,5.9,0,"grass"
"441","SAASTP0013",0,0,7,0,0,0,0.1,0,0,0,0,0,0,0,0,0,0,0,0,13.7,0,13.8,7,0,"grass"
"442","SAASTP0014",0,0,3,0,0,0,2,0,0,0,0,0,0,0,0,0,0,0,0,0,0,2,3,0,"shrub"
"443","SAASTP0015",0,0,3.9,0,0,0,0.3,0,0,0,0,0,0,0,0.6,0,0,0,0,4.5,0,4.8,4.5,0,"grass"
"444","SAASTP0016",0,0,33.7,0,0,0,1.6,0,0,0,0,0,0,0.7,4.2,0,0,0,0,6.6,0,8.9,37.9,0,"shrub"
"445","SAASTP0017",0,0,37.5,0,0,0,5.9,0,0,0,0,0,0,0.4,2.1,0,0,0,0,4.9,0,11.2,39.6,0,"shrub"
"446","SAASTP0018",0,0,8.7,0,0,0,3,0,0,0,0,0,0,0,0,0,0,0,0,10.1,0,13.1,8.7,0,"grass"
"447","SAASTP0019",0,0,8.5,0,0,0,0.5,0,0,0,0,0,0,0,1.6,0,0,0,0,7.5,0,8,10.1,0,"shrub"
"448","SAASTP0020",0,0,4.1,0,0,0,1.4,0,0,0,0,0,0,0.5,1.4,0,0,0,0,7.2,0,9.1,5.5,0,"grass"
"449","SAASTP0021",0,0,5.5,0,0,0,1.5,0,0,0,0,0,0,0,0,0,0,0,0,2,0,3.5,5.5,0,"shrub"
"450","SAASTP0022",0,0,17.5,0,0,0,1.5,0,0,0,0,0,0,0.1,2,0,0,0,0,11.6,0,13.2,19.5,0,"shrub"
"451","SAASTP0023",0,0,15.1,0,0,0.3,2.9,0,0,0,0,0,0,0.2,0.8,0,0,0,0,9.6,0,12.7,15.9,0,"shrub"
"452","SAASTP0024",0,0,5.6,0,0,0.2,0.2,0,0,0,0,0,0,0,0,0,0,0,0,0.2,0,0.4,5.6,0,"shrub"
"453","SAASTP0025",0,0,3.1,0,0,0,0.5,0,0,0,0,0,0,0,0.1,0,0,0,0,1,0,1.5,3.2,0,"shrub"
"454","SAASTP0026",0,0,4.4,0,0,0,0.6,0,0,0,0,0,0,0,0,0,0,0,0,0.8,0,1.4,4.4,0,"shrub"
"455","SAASTP0027",0,0,4.2,0,0,0,1.5,0,0,0,0,0,0,0,0,0,0,0,0,0.5,0,2,4.2,0,"shrub"
"456","SAASTP0028",0,0,1.2,0,0,0,0.6,0,0,0,0,0,0,0,0,0,0,0,0,0.5,0,1.1,1.2,0,"shrub"
"457","SAASTP0029",0,0,6.9,0,0,0,0.4,0,0,0,0,0,0,0,2.2,0,0,0,0,1.5,0,1.9,9.1,0,"shrub"
"458","SAASTP0030",0,0,0.1,0,0,0,4.4,0,0,0,0,0,0,0,4.6,0,0,0,0.2,8.2,0,12.6,4.7,0.2,"grass"
"459","SAASTP0031",0,0,0.3,0,0,0,2.9,0,0,0,0,0,0,0,2.9,0,0,0,0,9.5,0,12.4,3.2,0,"grass"
"460","SAASTP0032",0,0,2.5,0,0,0,2.5,0,0,0,0,0,0,0,1.4,0,0,0,0,14.1,0,16.6,3.9,0,"grass"
"461","SAASTP0033",0,0,5.5,0,0,0,0.4,0,0,0,0,0,0,0,0.1,0,0,0,0,1.2,0,1.6,5.6,0,"shrub"
"462","SAASTP0034",0,0,40.4,0,0,0,0.2,0,0,0,0,0,0,0,2.4,0,0,0,0,2.4,0,2.6,42.8,0,"shrub"
"463","SASMDD0001",0,0,0.9,0,0,0,0.2,0,0,0,13.65,0,0,0,1.4,9.85,0,15,0.05,0.8,0,14.65,12.15,15.05,"tree"
"464","SASMDD0002",0,0,6.6,0,0,0,1,0,0,0,0,0,0,0,4.4,0,0,33.5,0,2.3,0,3.3,11,33.5,"tree"
"465","SASMDD0003",0,0,3.3,0,0,0,0.1,0,0,0,0,0,0,0,1.1,4.4,0,8.1,0.4,16.7,0,16.8,8.8,8.5,"grass"
"466","SASMDD0004",0,0,15,0,0,0,7.35,0,0,0,0,0,0,0,0.15,0,0,0,0,1.25,0,8.6,15.15,0,"shrub"
"467","SASMDD0005",0,0,11.75,0,0,0,15.15,0,0,0,0.1,0,0,0,2.05,0,0,0,0,5.45,0,20.7,13.8,0,"grass"
"468","SASMDD0006",0,0,9.03333333333333,0,0,0,5.1,0,0,0,0.5,0,0,0,6.8,1.43333333333333,0,10.2333333333333,0.8,0.633333333333333,0.0333333333333333,6.23333333333333,17.3,11.0333333333333,"shrub"
"469","SASMDD0008",0,0,6.05,0,0,0,0.8,0,0,0,0,0,0,0,0.05,0,0,0,33.4,0,0,0.8,6.1,33.4,"tree"
"470","SASMDD0009",0,0,6.3,0,0,0,5.9,0,0,0,0,0,0,0,13.7,0,0,0,2.2,1,0,6.9,20,2.2,"shrub"
"471","SASMDD0011",0,0,16.7,0,0,0,11.2,0,0,0,0,0,0,0,0.1,0,0,0,0,1.8,0,13,16.8,0,"shrub"
"472","SASMDD0012",0,0,5.1,0,0,0,2.8,0,0,0,0,0,0,0,0.6,0,0,0,29.8,0,0,2.8,5.7,29.8,"tree"
"473","SASMDD0013",0,0,5.3,0,0,0,17.8,0,0,0,0,0,0,0,0.4,0,0,0,5.7,0,0,17.8,5.7,5.7,"grass"
"474","SASMDD0014",0,0,8,0,0,0,0.9,0,0,0,0,0,0,0,10.3,0,0,0,2.2,0,0,0.9,18.3,2.2,"shrub"
"475","SASMDD0016",0,0,2.9,0,0,0,5,0,0,0,0,0,0,0,2.6,0.9,0,28.1,0.4,0.1,0,5.1,6.4,28.5,"tree"
"476","SASMDD0017",0,0,0.55,0,0,0,0.15,0,0,0,18.45,0,0.05,0,1.25,0.3,0,25.55,0.25,0,0,18.65,2.1,25.8,"tree"
"477","SASMDD0018",0,0,0.3,0,0,0,0.6,0,0,0,2.8,0,0,0,5.7,9.8,0,5.3,0.2,2.8,0,6.2,15.8,5.5,"shrub"
"478","SASRIV0001",0,0,15.9,0,0,0,1.1,0,0,0,0,0,0,0,0,0,0,0,0,0.2,0,1.3,15.9,0,"shrub"
"479","SASRIV0002",0,0,9.3,0,0,0,5.9,0,0,0,0,0,0,0,0,0,0,0,0,0,0,5.9,9.3,0,"shrub"
"480","SATEYB0001",0,0,7.8,0,0,0,19.6,0,0,0,0,0.2,0,0,8.75,1.45,0,12.05,10.7,12.65,7.65,32.25,25.65,22.75,"grass"
"481","SATEYB0002",0,0,5.35,0,0.1,0,9.95,0,0,0,0,0,0,0,17.35,1.4,0,18.15,4.3,2.15,0.05,12.1,24.15,22.45,"shrub"
"482","SATFLB0001",0,0,0,0,0.1,0,6.1,0,0.15,2.1,0,0,0,0.05,13.9,0,0,0,34.15,5.05,0.85,11.2,17,34.15,"tree"
"483","SATFLB0002",0,0,0,0,0,1.65,10.85,0,15.55,6.25,0,0,0,0.7,50.5,0,0,0.1,26.5,0.35,1.5,11.9,73.8,26.6,"shrub"
"484","SATFLB0003",0,0.6,0,0,0,0.7,12.7,0,5.8,0.4,0,0,0.95,24.9,24.45,0,0,0,56.65,0.8,0.35,39.35,31,56.65,"tree"
"485","SATFLB0004",0,0.05,4.6,0,0,0,6.5,0,0.1,0,0.1,0,0.05,0,13.15,0,0,0,16.25,0.1,0,6.75,17.85,16.25,"shrub"
"486","SATFLB0005",0,0,0,0,0,0.15,15.3,0,0,0,0,0,0,0,33.5,0.1,0,9.4,3.35,0.2,0.15,15.5,33.75,12.75,"shrub"
"487","SATFLB0006",0,0,0,0,0,0,4.95,0,0,0.45,0,0,0,0,33.95,1.35,0,8,1.15,0.1,0.05,5.05,35.8,9.15,"shrub"
"488","SATFLB0007",0,0,0,0,0,0,2.05,0,5.8,0.05,0,0,0,0,23.9,3.65,0,6.9,3,0.05,0.1,2.1,33.5,9.9,"shrub"
"489","SATFLB0008",0,0,0,0,0.3,0.45,5.8,0,4.3,0.1,33.45,0,0.6,0.25,30.3,0,0,0,4.35,3,0.2,43.1,34.9,4.35,"grass"
"490","SATFLB0009",0,0,0,0,0,4.6,12.45,0,11,0,0.1,0,5.05,0,54.1,0,0,0,29.4,2.25,0.15,19.85,65.25,29.4,"shrub"
"491","SATFLB0010",0,0,11.25,0,0.2,0,2.6,0,0,0,0,0,0,0,14.85,0.15,0,4.1,37.55,0.45,0.05,3.05,26.3,41.65,"tree"
"492","SATFLB0011",0,0,0,0,0,1.45,9.85,0,7.5,0,0,0,2.3,0,34.95,0,0,0.1,42.1,0.85,0.05,13,42.5,42.2,"shrub"
"493","SATFLB0012",0,0,0,0,0.4,1.65,5.55,0,1,0.85,0,0,0.5,0.55,62.8,0.05,0,3.6,5.65,3.75,1.15,10.35,65.85,9.25,"shrub"
"494","SATFLB0013",0,0,0,0,0,3.4,17,0,6,0,0,0,2.9,0,22.8,0,0,0.1,48.45,9.4,1.2,29.3,30,48.55,"tree"
"495","SATFLB0014",0,0,0.1,0,0,1.8,5.3,0,10.7,1.35,0,0,0.95,0.5,23.95,0.05,0,13.2,14.25,1.05,0.4,7.8,36.55,27.45,"shrub"
"496","SATFLB0015",0,0.05,0,0,0,0.15,8.2,0,4.9,0.75,0,0,0.15,14.85,27.4,0,0,0,70.4,4.05,1.6,27.25,34.65,70.4,"tree"
"497","SATFLB0016",0,0,0.5,0,0,0,1.25,0,0,0,0,0,0,0,8.15,5,0,12.55,0.4,1.65,0.05,2.9,13.7,12.95,"shrub"
"498","SATFLB0017",0,0,0.15,0,0,0,6.85,0,0,0,0,0,0,0,16.1,0,0,0,10.4,0.2,0,7.05,16.25,10.4,"shrub"
"499","SATFLB0018",0,0,0,0,0,0,2.05,0,0.2,0,39.7,0,0,0,2.2,0.45,0,0.45,1.3,0.05,0,41.8,2.85,1.75,"grass"
"500","SATFLB0019",0,0,2.05,0,0,0,1.35,0,0,0,14.9,0,0,0,3.4,0,0,0,2.6,13.95,0,30.2,5.45,2.6,"grass"
"501","SATFLB0020",0,0,5.1,0,4,0,0.7,0,0,0,2.7,0,0,0,5.05,0.3,0,5.9,13.15,0,0,3.4,10.45,19.05,"tree"
"502","SATFLB0021",0,0,0.05,0,0,0.05,0.85,0,0,0,33.35,0,0,0,4.65,0.1,0,1.45,8.95,0.55,0,34.75,4.8,10.4,"grass"
"503","SATFLB0022",0,0,0.3,0,0,0.05,1.65,0,0,0,5.2,0,0,0,3.85,2.35,0,20.35,2.1,3.95,0,10.8,6.5,22.45,"tree"
"504","SATFLB0023",0,0,0.15,0,0,0,4.75,0,0,0,0,0,0,0,8.95,0,0,0,0.1,0.75,0,5.5,9.1,0.1,"shrub"
"505","SATFLB0024",0,0,14.4,0,0,0,9.2,0,0,0,0,0,0,0,1.15,0,0,0,0.45,0.45,0,9.65,15.55,0.45,"shrub"
"506","SATFLB0025",0,0,11.95,0,0.05,0,1.75,0,0,0,0,0,0,0,5.35,0,0,0,16.05,0,0.1,1.75,17.4,16.05,"shrub"
"507","SATFLB0026",0,0,0,0,0,6.2,14.15,0,2.8,0,0,0,1.15,1.4,15.25,0,0,0,62.8,25.9,0.15,42.6,18.2,62.8,"tree"
"508","SATFLB0027",0,0,0,0,2.35,8.8,9.65,0,0.05,0,0,0,0,0.7,20.5,0.05,0,0,59.55,7.55,0.35,17.9,20.95,59.55,"tree"
"509","SATFLB0028",0,0.05,2.2,0,0.35,0,16.35,0,0,1.05,1.8,0.15,1.45,0.65,15.2,0,0,2.65,7.2,26.6,0.15,46.85,18.6,9.85,"grass"
"510","SATKAN0001",0,0,0,0,0,1.55,17.25,0,4.6,0.1,0,0,3.3,20.95,27.05,0.15,0,24,33.5,9.6,0.5,51.1,32.4,57.5,"tree"
"511","SATKAN0002",0,0,0,0,0,0.1,26.3,0,5.8,0,0,0,0.2,19.6,29.9,3.55,0,28.7,33.1,0.4,1.35,46.5,40.6,61.8,"tree"
"512","SATKAN0003",0,2.5,0,0,0.2,0.9,6.05,0,1.6,0,0,0.55,0.15,0.1,41.85,0,0,0,55.4,12.25,1.8,18.55,45.25,55.4,"tree"
"513","SATKAN0004",0,0,0,0,0.1,0.4,10.95,0,0.3,0.05,0,0,1.95,16.85,17.4,0.5,0,0.85,25.9,16.5,0.15,46.25,18.4,26.75,"grass"
"514","SATSTP0001",0,0,2.9,0,0,0,0.5,0,0,0,0,0,0,0,0.05,0,0,0,0,19.25,0,19.75,2.95,0,"grass"
"515","SATSTP0002",0,0,7.55,0,0.05,0,3.55,0,0,0,0,0,0,0,7.1,0,0,0,3.5,2.9,0,6.45,14.65,3.5,"shrub"
"516","SATSTP0003",0,0,2.65,0,0,0,2.35,0,0,0,0,0,0,0,0.15,0,0,0,0.05,12.2,0,14.55,2.8,0.05,"grass"
"517","SATSTP0004",0,0,4.75,0,0,0,5.8,0,0,0,0,0,0,0,14.7,0,0,0,1.35,8.2,0,14,19.45,1.35,"shrub"
"518","SATSTP0005",0,0,3.55,0,0,0,4.45,0,0,0,4.35,0,0,0,7.75,0,0,0,0,5.15,0.2,13.95,11.5,0,"grass"
"519","SATSTP0006",0,0,1,0,0,2.65,4.35,0,0,0,0,0,0,0,10.45,0,0,0,7.4,1.25,0,5.6,11.45,7.4,"shrub"
"520","SATSTP0007",0,0,0,0,0,0,8.9,0,0,0,0,0,0,0,0,0,0,0,7.85,0,0,8.9,0,7.85,"grass"
"521","SATSTP0008",0,0,5.25,0,0,0,2.75,0,0,0,0,0,0,0,0,0,0,0,0,7.9,0,10.65,5.25,0,"grass"
"522","TCABEL0001",0,4,0,0,0,0,23.2,0.6,0,24.3,0,0,0.5,16,7.3,0,0,0,0,24.8,0,64.5,31.6,0,"grass"
"523","TCABEL0002",0,2.9,0,0,0,0,12.3,1.1,0,29.6,0,0,10.1,4,13.5,0,0,0,0,8.3,0,34.7,43.1,0,"shrub"
"524","TCABEL0003",0,1.7,0,0,0,0,18.5,0,0,24.5,0,0,30.9,12.4,6.7,0,0,0,0,6.1,0,67.9,31.2,0,"grass"
"525","TCATCH0001",0,3.5,0,0,0,3.1,4.1,2,0,37.7,0,0,10.7,0.1,57.7,0.5,0,2.8,23.7,13,0,27.9,95.9,26.5,"shrub"
"526","TCATCH0002",0,5,0,0,0,0,16.7,0.9,0,26.9,0,0,0,0.6,0,0,0,0,0,36.6,0,53.9,26.9,0,"grass"
"527","TCATCH0003",0,0.7,0,0,0,0,2.9,0,0,31.3,0,0,24.1,43.6,25.7,0,0,0,0,27.4,0,98,57,0,"grass"
"528","TCATCH0004",0,6.5,0,0,0,0,3.8,0,0,3.2,0,0,0,0,3.2,1.3,0,5.9,26.6,8.6,0,12.4,7.7,32.5,"tree"
"529","TCATCH0005",0,1.8,0,0,0,0,7.4,0,0,0,0,0,6.3,6.5,0,0,0,0,0,13.9,0,34.1,0,0,"grass"
"530","TCATCH0006",0,1.1,0,0,0,0,18.1,0.3,0,23.6,0,0,0,0.8,3.8,0,0,0,0,32.2,0,51.1,27.4,0,"grass"
"531","TCATCH0007",0,3.5,0,0,0,0,1.9,1.7,0,59.3,0,0,5.9,0.4,23.7,0,0,0,0,11.6,0,19.8,83,0,"shrub"
"532","TCATCH0008",0,0.4,0,0,0,0,20.7,0,0,31,0,0,40.7,3.9,4.9,0,0,0,0,12.4,0,77.7,35.9,0,"grass"
"533","TCATCH0009",0,1.4,0,0,0,0,20.9,0,0,0,0,0,5,1.5,0,0,0,0,0,3.3,0,30.7,0,0,"grass"
"534","TCATCH0010",0,0,0,0,0,66.8,8.4,0,0,10,0,0,110.5,10.4,1.3,0,0,0,0,7.3,0,136.6,11.3,0,"grass"
"535","TCATCH0011",0,0,0,0,0,0,3,0,0,0.2,0,0,0,0.1,1.6,0.1,0,0,29.2,1.7,0,4.8,1.9,29.2,"tree"
"536","TCATCH0012",0,9.4,0,0,0,0,38.8,0,0,0,0,0,3.4,10.7,0,0,0,0,0,58,0,110.9,0,0,"grass"
"537","TCATNM0001",0,0,0,0,0,0,69.4,0,0,6.7,0,0,1.3,0.1,8.5,0,0,0,50.9,4.4,0.1,75.2,15.3,50.9,"grass"
"538","TCATNM0002",0,20.4,0,0,0,0,8.6,0,0,0.6,0,0,0.8,7.2,0.1,0,0,0,23.8,62.1,0,78.7,0.7,23.8,"grass"
"539","TCATNM0003",0,16,0,0,0,0,9.5,0,0,17.2,0,0,1.6,0,0.1,0,0,0,25.5,42.8,0,53.9,17.3,25.5,"grass"
"540","TCATNM0004",0,10.6,0,0,0,0,35.7,0,0,0,0,0,14.8,1.2,10.5,0,0,0,28,7.4,0,59.1,10.5,28,"grass"
"541","TCATNM0005",0,2.6,0,0,0,1.1,4.5,0,0,0.1,0,0,0.3,10.1,0.4,0,0,0,3.8,48.6,0,63.5,0.5,3.8,"grass"
"542","TCATNM0006",0,1.6,0,0,0,0,8.9,0,0,0,0,0,51.4,0.1,0.3,0,0,0,1.8,29.5,0,89.9,0.3,1.8,"grass"
"543","VCAAUA0001",0,0,0,0,0,0.2,42,0,0,32.4,0,0,0.1,1.9,0.1,0,0,0,0,35.1,0,79.1,32.5,0,"grass"
"544","VCAAUA0002",0,0,0,0,0,0,33.6,0,0,16.3,0,0,0,2.9,0,0,0,0,0,51.1,0,87.6,16.3,0,"grass"
"545","VCAAUA0003",0,61.5,0,0,0,0,16.4,0,0,21.3,0,0,0,48.6,0,0,0,0,0,1.5,0,66.5,21.3,0,"grass"
"546","VCAAUA0005",0,0,0,0,0,0,31.3,0,0,17.4,0,0,0,3.5,0,0,0,0,0,60.7,0,95.5,17.4,0,"grass"
"547","VCAAUA0007",0,0,0,0,0,0,57.1,0.1,0,2,0,0,0,6.4,0,0,0,0,0,37.7,0,101.2,2,0,"grass"
"548","VCAAUA0008",0,0,0,0,0,0,8.1,0.7,0,81.4,0,0,0,1.1,4.5,0,0,0,40.7,30.4,0,39.6,85.9,40.7,"shrub"
"549","VCAAUA0009",0,0,0,0,0,0,18.8,0,0,89.1,0,0,0,2.9,7.7,0,0,0,11,26.1,0,47.8,96.8,11,"shrub"
"550","VCAAUA0010",0.4,0,0,0,0,0,80.4,0,0,9,0,0,0,4.4,0,0,0,0,0,54.5,0,139.3,9,0,"grass"
"551","VCAAUA0011",0,0,0,0,0,0,58,0,0,0,0,0,0,21.1,0.4,0,0,0,0,106.4,0,185.5,0.4,0,"grass"
"552","VCAAUA0012",0,3.1,0,0,0,0,39.8,0,0,1,0,0,0,25.1,0.2,0,0,0,0,74.6,0,139.5,1.2,0,"grass"
"553","VCAAUA0013",0,0,0,0,0,0,49.9,2,0,0,0,0,0.3,10.5,3.3,0,0,0,0,87.9,0,148.6,3.3,0,"grass"
"554","VCAAUA0014",0,0,0,0,0,0,31.7,0,0,16.6,0,0,0,3.2,0,0,0,0,0,74.4,0,109.3,16.6,0,"grass"
"555","VCAAUA0015",0,0.3,0,0,0,0,39.1,0,0,30.4,0,0,0,7.2,0.5,0,0,0,1.3,78.4,0,124.7,30.9,1.3,"grass"
"556","VCAMDD0001",0,0,21,0,0,0,2.7,0,0,0,0,0,0,0,0.1,0,0,0,0,0,0,2.7,21.1,0,"shrub"
"557","VCAMDD0002",0,0,15.9,0,0,0,7.3,0,0,0,0,0,0,0,0.2,0,0,0,9.5,1.4,0,8.7,16.1,9.5,"shrub"
"558","VCAMDD0003",0,0,1.4,0,0,0,0.5,0,0,0,0.7,0.3,0,0,2.2,9.6,0,16.3,0,0,0,1.2,13.2,16.3,"tree"
"559","WAAAVW0001",0,0,0,0,0,0,2.2,0,0,5.2,0,0,0.2,19.5,28.8,1.2,0,0,0,0.5,0,22.4,35.2,0,"shrub"
"560","WAAAVW0002",0,0,0,0,0,0,5.7,0,0,9.4,0,0,0,5.9,29.6,0.5,0,0,0,0,0.1,11.6,39.6,0,"shrub"
"561","WAAAVW0003",0,0,0,0,0,0,2.5,0,0,0.1,0,0,0.1,0.4,5,0,0,0,33.6,0.6,0,3.6,5.1,33.6,"tree"
"562","WAAAVW0004",0,0,0,0,0,0,2.6,0,0,0.9,0,0,0,0.5,4.2,0,0,0,34,1.2,0.2,4.3,5.3,34,"tree"
"563","WAAAVW0005",0,0,0,0,0,0,3.6,0,0,0.4,0,0,0.4,0,4.7,0,0,0,17.3,0.1,0.1,4.1,5.2,17.3,"tree"
"564","WAAAVW0006",0,0,0,0,0,3.1,34.4,0,0,2.1,0,0,0,0,19.4,0,0,0,1.2,1.2,3.3,35.6,24.8,1.2,"grass"
"565","WAAAVW0007",0,0,0,0,0,0,0,0,0,28.1,0,0,0,0,23.3,0,0,0,0,0.4,0.2,0.4,51.6,0,"shrub"
"566","WAACAR0001",0,0,15,0,0.1,0,5.9,0,0,0,0,0,0,0,10.3,0,0,0,14.2,0.1,0,6,25.3,14.2,"shrub"
"567","WAACAR0002",0,0,0.3,0,0,0,3,0,0,0,4.3,0,0,0,3.8,0,0,27.2,0.1,0,0,7.3,4.1,27.3,"tree"
"568","WAACAR0003",0,0,0.9,0,0,0,13.6,0,0,0,0,0,0,0,46.9,0,0,0,1.7,0,1.8,13.6,49.6,1.7,"shrub"
"569","WAACAR0004",0,0,17.6,0,0,0,8.6,0,0,0,0,0,0,0,0.1,0,0,0,0,2.6,0,11.2,17.7,0,"shrub"
"570","WAACEK0001",0,0,0,0,0,0,0.1,0,0,0,0.1,0,0,0,0.5,0,0,0,19.1,3.6,0,3.8,0.5,19.1,"tree"
"571","WAACEK0002",0,0,0,0,0,0,1.4,0,0,0,0,0,0,0.3,0.9,0,0,0,1.9,68.7,0.5,70.4,1.4,1.9,"grass"
"572","WAACEK0003",0,0,0,0,0,0,6.2,0,0,0,31.3,0,0,0,1.6,0,0,0,7,18.8,0,56.3,1.6,7,"grass"
"573","WAACOO0001",0,0,0,0,0,0,0,0,0,0,0.1,0,0,0,104.3,0,0,1.5,0,0,0,0.1,104.3,1.5,"shrub"
"574","WAACOO0002",0,0,0,0,0,0,0,0,0,0,0,0,0,0,1.1,0,0,0,0,0,0,0,1.1,0,"shrub"
"575","WAACOO0003",0,0,0,0,0,0,0,0,0,0,0.1,0,0,1.3,75.2,0,0,11.2,0.3,0,0,1.4,75.2,11.5,"shrub"
"576","WAACOO0004",0,0,0,0,0,0,0,0,0,0,0.7,0,0,0.2,66.6,0,0,6.9,3.5,0,0.1,0.9,66.7,10.4,"shrub"
"577","WAACOO0005",0,0,0,0,0,3.6,13.6,0,0,0,0,0,0,9.1,12.2,0,0,0,0,25,0.1,47.7,12.3,0,"grass"
"578","WAACOO0006",0,0,0,0,0,0,0,0,0,0,0,0,0,0,37.5,0,0,18.4,5.3,0,0,0,37.5,23.7,"shrub"
"579","WAACOO0007",0,0,0,0,0,0,0.1,0,0,0,0,0,0,0,45.7,0,0,14.4,0.4,0.2,0,0.3,45.7,14.8,"shrub"
"580","WAACOO0008",0,0,0,0,0,0,0.4,0,0,0,0,0,0,0,14.2,0,0,27.4,0.6,5,0,5.4,14.2,28,"tree"
"581","WAACOO0009",0,0,0,0,0,0.4,15.4,0,0,0,1.4,0,0,0.6,32,0,0,0,0,1.4,0,18.8,32,0,"shrub"
"582","WAACOO0010",0,0,0,0,0,0.1,10.2,0,0,0,0,0,0,5.2,7.7,0,0,0.9,0.8,16.8,0,32.2,7.7,1.7,"grass"
"583","WAACOO0011",0,0,0,0,0.2,0,0.2,0,0,0,0.1,0,0,0,17,0,0,0,5.1,0.1,0,0.4,17,5.1,"shrub"
"584","WAACOO0012",0,0,6.2,0,0,0,1.8,0,0,0,0,0,0,0,15.2,0,0,8,23.1,0.1,0,1.9,21.4,31.1,"tree"
"585","WAACOO0016",0,0,0,0,0,0,0.4,0,0,0,15.1,0,0,25.7,51.2,1.5,0,0,2.6,0,1.3,41.2,54,2.6,"shrub"
"586","WAACOO0017",0,0,0,0,0,0,0,0,0,0,13.4,0,0,40.2,43.6,1,0,0,11.1,0.1,0,53.7,44.6,11.1,"grass"
"587","WAACOO0018",0,0,0,0,0,0,0.2,0,0,0,13.3,0,0,36.5,70,0,0,0,9.3,0.2,0.4,50.2,70.4,9.3,"shrub"
"588","WAACOO0019",0,0,0,0,0,0,0.1,0,0,0,17.3,0,0,58,45.9,0,0,0,4.7,0.1,0.2,75.5,46.1,4.7,"grass"
"589","WAACOO0020",0,0,0,0,0,0,1.8,0,0,0,0,0,0,0,14.4,0,0,4.7,10.1,0.6,0,2.4,14.4,14.8,"tree"
"590","WAACOO0021",0,0,1.3,0,0,0,1.5,0,0,0,0,0,0,0,12.1,0,0,0,11.3,0,0,1.5,13.4,11.3,"shrub"
"591","WAACOO0022",0,0,0,0,0,0,0.2,0,0,0,0,0,0,0,0.9,0,0,16.2,29.4,0,0,0.2,0.9,45.6,"tree"
"592","WAACOO0023",0,0,0.1,0,0,0,0.7,0,0,0,0,0,0,0,10.6,0,0,0,20.2,0.6,0,1.3,10.7,20.2,"tree"
"593","WAACOO0024",0,0,0,0,0,0.2,0.1,0,0,0,0,0,0,0,72.8,0,0,0,3.5,0.5,0,0.6,72.8,3.5,"shrub"
"594","WAACOO0025",0,0,1.5,0,0,0,21.8,0,0,0,0,0,0,0,29.7,0,0,0,0,6.8,16.1,28.6,47.3,0,"shrub"
"595","WAACOO0026",0,0,0,0,0,0,0,0,0,0,34.3,0,0,0,58.1,3.8,0,0,3,0,0.1,34.3,62,3,"shrub"
"596","WAACOO0027",0,0,0,0,0,0,0.1,0,0,0,29.6,0,0,5.4,44.3,4,0,0,1,0,0,35.1,48.3,1,"shrub"
"597","WAACOO0028",0,0,0,0,0,0,0.2,0,0,0,21.6,0,0,1.2,52,0.6,0,0,5,0,0,23,52.6,5,"shrub"
"598","WAACOO0029",0,0,0,0,0,0,0.2,0,0,0,43.3,0,0,15,47.9,12.3,0,0,2,0,0,58.5,60.2,2,"shrub"
"599","WAACOO0030",0,0,21.5,0,0,0,9.5,0,0,0,0,0,0,0,0,0,0,0,0,12.6,0,22.1,21.5,0,"grass"
"600","WAACOO0031",0,0,0,0,0,0,1,0,0,6.9,23.7,0,0,1.1,16.8,1.6,0,0,0,0,0,25.8,25.3,0,"grass"
"601","WAACOO0032",0,0,0,0,0,0,0.5,0.1,0,7.5,16.9,0,0,3.2,16.5,1.8,0,0,0,0,0.2,20.6,26,0,"shrub"
"602","WAADAL0001",0,0,0,0,0,0,3.2,0,0,0,0,0,0,0,1.4,0,0,0,2,66.3,1.5,69.5,2.9,2,"grass"
"603","WAADAL0002",0,0,0,0,0,0,6.9,0,0,0,0,0,0,0,25.1,0,0,0,4.6,1.1,0.3,8,25.4,4.6,"shrub"
"604","WAADAL0003",0,0,25.7,0,0,0,1.8,0,0,0,0,0,0,0,0,0,0,0,0,22.6,0,24.4,25.7,0,"shrub"
"605","WAADAL0004",0,0,0,0,0,0,6.2,0,0,0,0,0,0,0,21.6,0,0,0,23.5,12.6,1,18.8,22.6,23.5,"tree"
"606","WAADAL0005",0,0,0,0,0,0,1.1,0,0,0,2.4,0,0,0.7,8.1,0.1,0,0,26.6,65.3,0,69.5,8.2,26.6,"grass"
"607","WAAESP0001",0,0,0,0,0,0,3,0,0,4.8,0,0,0.1,12.3,52.9,0.4,0,4.9,0,0.1,0.6,15.5,58.7,4.9,"shrub"
"608","WAAGAS0001",0,0,0.2,0,0,0,0.2,0,0,0,0,0,0,0.4,1.4,0,0,0,3.3,0.2,0,0.8,1.6,3.3,"tree"
"609","WAAGAS0002",0,0,0,0,0,0,6.8,0,0,0,0,0,0,4,0.3,0,0,0,4.7,21.8,0,32.6,0.3,4.7,"grass"
"610","WAAGES0001",0,0,0,0,0,0,0.75,0,0,19.35,0.25,0,0,13.3,26.1,0,0,0,0.35,0.35,0.45,14.65,45.9,0.35,"shrub"
"611","WAAGES0002",0,0,0,0,0,0,7.25,0,0,13.85,0,0,0,0,38.85,0,0,0.55,1.15,0,0.35,7.25,53.05,1.7,"shrub"
"612","WAAGES0003",0,0,3,0,0,0.15,20,0,0,0,0,0,0,0,19.8,0,0,0,11.25,0.65,0.35,20.65,23.15,11.25,"shrub"
"613","WAAGES0004",0,0,0,0,0,0,0.8,0,0,8.1,2.8,0,0,10.7,8.8,2.1,0,18.4,0.3,0.6,0.4,14.9,19.4,18.7,"shrub"
"614","WAAGES0005",0,0,0,0,0,0,1.2,0,0,34,0,0,0,16.6,1.1,0,0,0,0,0.5,0.5,18.3,35.6,0,"shrub"
"615","WAAGSD0001",0,0,0,0,0,0,0.3,0,0,0,38.8,0,0,0,2.2,0,0,0,0,0,0.4,39.1,2.6,0,"grass"
"616","WAAGVD0001",0,0,2.2,0,0,0,2.3,0,0,0,0,0,0,0,16.7,0,0,0,6.5,2,0,4.3,18.9,6.5,"shrub"
"617","WAAHAM0001",0,0,14.4,0,0,0,15,0,0,0,0,0,0,0,27.2,0,0,0,0,0,0,15,41.6,0,"shrub"
"618","WAAHAM0002",0,0,12.4,0,0,0,0.4,0,0,0,0,0,0,0,19.8,0,0,0,0.3,6.2,0,6.6,32.2,0.3,"shrub"
"619","WAAHAM0003",0,0,2,0,0,0,5.7,0,0,0,0,0,0,0,0,0,0,0,0,32.3,0,38,2,0,"grass"
"620","WAAHAM0004",0,0,15.7,0,0,0,16.1,0,0,0,0,0,0,0,11.8,0,0,0,0,0.6,0,16.7,27.5,0,"shrub"
"621","WAAHAM0005",0,0,9.7,0,0,0,9.6,0,0,0,0,0,0,1.3,52.8,0,0,0,1,0,0.9,10.9,63.4,1,"shrub"
"622","WAAHAM0006",0,0,0,0,0,0,1.1,0,0,0,0,0,0,0,9.9,0.1,0,46.1,1.1,1.5,0.6,2.6,10.6,47.2,"tree"
"623","WAAJAF0001",0,0,0,1.9,0,2.4,12.1,0,1.3,5,0,0,0.4,5,59.3,0,0,0,34.6,0.1,1.4,17.6,68.9,34.6,"shrub"
"624","WAAJAF0002",0,0,0,0,0,5,17.5,0,10.8,3,0,0,0.5,6.4,13.5,0,0,0,41.7,0.2,0.3,24.6,27.6,41.7,"tree"
"625","WAAJAF0003",0,0.1,0,0,0,0,10.5,0,0,8,0,0,0.2,3.3,14.9,0.2,0,10.8,4.9,1,0.1,15,23.2,15.7,"shrub"
"626","WAALSD0001",0,0,0,0,0,0,0,0,0,0,8.5,0,0,0,45.8,0,0,0,0.4,39.8,0.1,48.3,45.9,0.4,"grass"
"627","WAALSD0002",0,0,0,0,0,0,0.1,0,0,0,31.6,0,0,0,45,0,0,0,0,3.7,0,35.4,45,0,"shrub"
"628","WAALSD0003",0,0,0,0,0,0,5,0,0,0,40.3,0,0,0,13.8,0,0,0,0.1,3.2,4.9,48.5,18.7,0.1,"grass"
"629","WAAMAL0001",0,0,0.1,0,0,0,0,0,0,0,0,0,0,0,39.7,3.2,0,17,0,0,0,0,43,17,"shrub"
"630","WAAMAL0002",0,0,0,0,0,0,2.9,0,0,13.6,0,0,0,9.8,11.9,0.1,0,0,6.2,0.6,0.5,13.3,26.1,6.2,"shrub"
"631","WAAMAL0003",0,0,0,0,0,0,5,0,0,14.2,0,0,0,6.7,30.4,0,0,0,0,0.1,0.1,11.8,44.7,0,"shrub"
"632","WAAMUR0001",0,0,0.2,0,0,0,0.2,0,0,0,23.3,0,0,0,4,0,0,4.3,7.5,0.4,0,23.9,4.2,11.8,"grass"
"633","WAAMUR0002",0,0,0,0,0,0,2.8,0,0,0,20.8,0,0,0,9.9,0,0,0.5,4.1,0.1,0,23.7,9.9,4.6,"grass"
"634","WAAMUR0003",0,0,2.1,0,0,0,15.3,0,0,0,0,0,0,0,15.2,0,0,0,2.4,0.3,1.4,15.6,18.7,2.4,"shrub"
"635","WAAMUR0004",0,0,0,0,0,0,12.1,0,0,0,0,0,0,0,5.2,0,0,0,0.6,7.2,0,19.3,5.2,0.6,"grass"
"636","WAAMUR0005",0,0,0,0,0,0,8.5,0,0,0,0,0,0,0,6.9,0,0,0,1.3,14.1,0,22.6,6.9,1.3,"grass"
"637","WAAMUR0006",0,0,0,0,0,0,2.5,0,0,0,0,0,0,0,7.6,0,0,0,0.9,1.1,0,3.6,7.6,0.9,"shrub"
"638","WAAMUR0007",0,0,0.1,0,0,0,36.5,0,0,0,0,0,0,0,11.6,0,0,0,3.4,5,0,41.5,11.7,3.4,"grass"
"639","WAAMUR0008",0,0,0,0,0,0,7.6,0,0,0,0,0,0,0,5.7,0,0,0,1.7,1.2,0,8.8,5.7,1.7,"grass"
"640","WAAMUR0028",0,0,0,0,0,0,0.1,0,0,0,47.1,0,0,0,10.9,0.6,0,0,6.9,0.1,0,47.3,11.5,6.9,"grass"
"641","WAAMUR0029",0,0,0,0,0,0,0.1,0,0,0,60.7,0,0,0,11.6,0,0,0,2.4,0,0,60.8,11.6,2.4,"grass"
"642","WAAMUR0030",0,0,0,0,0,0,0,0,0,0,38.1,0,0,0,12.4,0,0,0.9,2.2,0,0,38.1,12.4,3.1,"grass"
"643","WAAMUR0031",0,0,0,0,0,0,0,0,0,0,56.3,0,0,0,11.2,0.9,0,0,3.1,0,0,56.3,12.1,3.1,"grass"
"644","WAANOK0001",0,0,0,0,0,0,0.1,0,0,0,0,0,0,0,13.8,0,0,0,25.2,5.1,0,5.2,13.8,25.2,"tree"
"645","WAANOK0002",0,0,0,0,0,0,1.5,0,0,0,0,0,0,0,14.9,0,0,0.1,16.6,9.9,0,11.4,14.9,16.7,"tree"
"646","WAANOK0003",0,0,0,0,0,0.3,0.7,0,0,0,0,0,4.3,1,10.2,0,0,0,23,28.8,0,34.8,10.2,23,"grass"
"647","WAANOK0004",0,0,0,0,0,0,7.6,0,0,0,0,0,0,14,11.5,0,0,0,16.4,94.8,4.1,116.4,15.6,16.4,"grass"
"648","WAANOK0005",0,0,0,0,0,0,0.3,0,0,0,2.4,0,0,1.8,9.7,0,0,0,9.8,50.3,0,54.8,9.7,9.8,"grass"
"649","WAANOK0006",0,0,0,0,0,0.4,2.6,0,0,0,0,0,1.7,4.9,17.3,0,0,0,23.3,22.2,0,31.4,17.3,23.3,"grass"
"650","WAANOK0007",0,0,0,0,0,0,0.9,0,0,0,0,0,0,0,5.6,0,0,0,10.8,47.2,0.7,48.1,6.3,10.8,"grass"
"651","WAANOK0008",0,0,0,0,0,0,0.5,0,0,0,0,0,0,0.4,3.2,0,0,0,24.6,78,0.4,78.9,3.6,24.6,"grass"
"652","WAANUL0001",0,0,28.8,0,0,0,5,0,0,0,0,0,0,0,0,0,0,0,0,2.9,0,7.9,28.8,0,"shrub"
"653","WAANUL0002",0,0,10.1,0,0,0,13.4,0,0,0,0,0,0,0,0.2,0,0,0,0,13,0,26.4,10.3,0,"grass"
"654","WAANUL0003",0,0,12.1,0,0,0,4,0,0,0,0,0,0,0,10.8,0,0,0,9.6,3.9,0,7.9,22.9,9.6,"shrub"
"655","WAANUL0004",0,0,12.9,0,0,0,8.2,0,0,0,0,4.3,0,0,2,0,0,0,5.7,2.5,0.1,10.7,15,5.7,"shrub"
"656","WAANUL0005",0,0,3.4,0,0,0,36.4,0,0,0,0,0,0,0,5.9,0,0,0,0.7,1.1,0,37.5,9.3,0.7,"grass"
"657","WAANUL0006",0,0,3.4,0,0,0,32.1,0,0,0,0,0,0,0,0,0,0,0.1,0,1,0,33.1,3.4,0.1,"grass"
"658","WAANUL0007",0,0,1.3,0,0,0,16.2,0,0,0,0,0,0,0,0,0,0,0,0,4.2,15,20.4,16.3,0,"grass"
"659","WAANUL0008",0,0,7.5,0,0,0,3.4,0,0,0,0,0,0,0,0,0,0,0,0,0.5,0,3.9,7.5,0,"shrub"
"660","WAANUL0009",0,0,16.9,0,0,0,0.9,0,0,0,0,0,0,0,3.1,0,0,0,0,0.3,0,1.2,20,0,"shrub"
"661","WAAPIL0001",0,0,3.1,0,0,0.3,5.5,0,0,0,0.3,0,0,0,15.4,0,0,0,7.2,53,0.8,58.8,19.3,7.2,"grass"
"662","WAAPIL0002",0,0,0,0,0,0,0,0,0,0,50.9,0,0,0,6.8,0,0,0,6.1,0,0.1,50.9,6.9,6.1,"grass"
"663","WAAPIL0003",0,0,0,0,0,0,0.5,0,0,0,0.9,0,0,0,0.4,0.2,0,0.8,0,0.3,0,1.7,0.6,0.8,"grass"
"664","WAAPIL0004",0,0,0,0,0,0,7.7,0,0,0,0.3,0,0,0,0.2,0,0,0,0,21.7,0,29.7,0.2,0,"grass"
"665","WAAPIL0005",0,0,0,0,0,0,0,0,0,0,0,0,0.6,16.8,55,0,0,0,43.4,8.4,4.3,25.8,59.3,43.4,"shrub"
"666","WAAPIL0007",0,0,0,0,0,0,0,0,0,0,27.8,0,0,0,13.3,0,0,0,0,30.5,0,58.3,13.3,0,"grass"
"667","WAAPIL0008",0,0,0.1,0,0,0,17.4,0,0,0,0,0,0,0.9,0.1,0,0,0,0,27.4,0,45.7,0.2,0,"grass"
"668","WAAPIL0009",0,0,0,0,0,0,4.5,0,0,0,0,0,0,0,14.4,0,0,0,2.9,37.6,0,42.1,14.4,2.9,"grass"
"669","WAAPIL0010",0,0,0,0,0,0,0.7,0,0,0,17.4,0,0,0,21.6,0,0,0,4,0,0,18.1,21.6,4,"shrub"
"670","WAAPIL0011",0,0,1.6,0,0,0,1.3,0,0,0,0.1,0,0,0.1,22.9,0,0,0,0.1,4.1,0,5.6,24.5,0.1,"shrub"
"671","WAAPIL0012",0,0,0,0,0,0,1,0,0,0,40.6,0,0,0,6.4,0,0,6,0,1.1,0,42.7,6.4,6,"grass"
"672","WAAPIL0014",0,0,0.1,0,0.1,0.2,17.6,0,0,0,0,0,0,0.4,1.9,0,0,0,21.3,19.9,0,37.9,2,21.3,"grass"
"673","WAAPIL0015",0,0,0,0,0,0,25.8,0,0,0,0,0,0,0,0,0,0,0,0,43.7,0,69.5,0,0,"grass"
"674","WAAPIL0016",0,0,0,0,0.2,0,9.8,0,0,0,7.8,0,0,0,6.9,0,0,0,56.8,44.3,4.1,61.9,11,56.8,"grass"
"675","WAAPIL0018",0,0,0,0,0,0,0.6,0,0,0,0.6,0,0,0,7.9,0,0,0,7.7,63.7,0,64.9,7.9,7.7,"grass"
"676","WAAPIL0019",0,0,1.3,0,0,0,5.6,0,0,0,0,0,0,0,8.4,0,0,0,6.1,10.9,0,16.5,9.7,6.1,"grass"
"677","WAAPIL0020",0,0,0,0,0,0,0.3,0,0,0,20.1,0,0,0,2.6,0,0,0,0,0.1,0,20.5,2.6,0,"grass"
"678","WAAPIL0021",0,0,0.1,0,0,0,0.3,0,0,0,2.2,0,0,0,20.7,0,0,0,1.5,0.6,0,3.1,20.8,1.5,"shrub"
"679","WAAPIL0022",0,0,0,0,0,0,0.7,0,0,0,13.9,0,0,0,9.2,0,0,0,18.6,0.7,0.2,15.3,9.4,18.6,"tree"
"680","WAAPIL0023",0,0,0,0,0,0,2.6,0,0,0,0,0,0,0,13.5,0,0,0,25.2,18,0.6,20.6,14.1,25.2,"tree"
"681","WAAPIL0024",0,0,1.2,0,0,0.7,4.3,0,0,0,0,0,0,0,12.6,0,0,0,9.2,10,0.2,14.3,14,9.2,"grass"
"682","WAAPIL0025",0,0,1.5,0,0.2,0,14.6,0,0,0,0,0,0,0,12.4,0,0,0,38.6,0.9,4.3,15.5,18.2,38.6,"tree"
"683","WAAPIL0026",0,0,9,0,0,0,1.2,0,0,0,0,0,0,0.8,6.4,0,0,0,0.8,4.4,0,6.4,15.4,0.8,"shrub"
"684","WAAPIL0027",0,0,0,0,0,0,5,0,0,0,13.7,0,0,0,0.5,0,0,0,0,1.1,0,19.8,0.5,0,"grass"
"685","WAAPIL0028",0,0,0.8,0,0.1,0,0.2,0,0,0,0,0,0,0,18.1,0,0,0,3.4,0.5,0,0.7,18.9,3.4,"shrub"
"686","WAAPIL0029",0,0,0.4,0,1.3,0,1.2,0,0,0,12.6,0,0,0,6.3,0,0,0,27.3,0.8,0.2,14.6,6.9,27.3,"tree"
"687","WAAPIL0030",0,0,0.3,0,0,0,3.1,0,0,0,0,0,0,0,0.4,0,0,0,0,40.8,0.2,43.9,0.9,0,"grass"
"688","WAAPIL0031",0,0,0,0,0,0,0.1,0,0,0,45.2,0,0,0,4.1,0,0,0.4,8.4,0.9,0.4,46.2,4.5,8.8,"grass"
"689","WAAPIL0032",0,0,0,0,0,0.1,0.2,0,0,0,4.7,0,0,2.9,6.7,0,0,0,0.4,1.4,0,9.2,6.7,0.4,"grass"
"690","WAAPIL0033",0,0,2.3,0,0,0,1.4,0,0,0,0,0,0,0,11.5,0,0,0,8.5,13.3,0.4,14.7,14.2,8.5,"grass"
"691","WAAPIL0034",0,0,0,0,0,0,6.8,0,0,0,28.1,0,0,0,2.1,0,0,0,0,0,9.6,34.9,11.7,0,"grass"
"692","WAAPIL0035",0,0,0,0,0,0,1.5,0,0,0,34,0,0,0,1.6,0,0,0,0.7,1.2,0,36.7,1.6,0.7,"grass"
"693","WAASWA0001",0,0,0,0,0,0,11.1,0,2,6,0,0,0.8,6.4,25.1,0,0,0,26.7,0.3,0,18.6,33.1,26.7,"shrub"
"694","WAASWA0002",0,0,0,0.2,0,0,4.7,0,0,1.2,0,0,3.9,13.5,15.7,0,0,0,51.3,0.5,0.2,22.6,17.3,51.3,"tree"
"695","WAASWA0003",0,0,0,0,0,45,44.9,0,0,0,0,0,0.6,0,1.4,0,0,0,37.4,5.4,0.4,50.9,1.8,37.4,"grass"
"696","WAASWA0004",0,0,0,0,0,0,13.8,0,4.9,14.2,0,0,0,2.4,21.3,0,0,0,25.3,0.2,0,16.4,40.4,25.3,"shrub"
"697","WAAVIB0001",0,0,0,0,0,0,0.5,0,0,0,0,0,0,0.7,0,0,0,0,0,56.7,0,57.9,0,0,"grass"
"698","WAAVIB0002",0,0,0,0,0,0,4.3,0,0,0,19.5,0,0,0.6,8,0,0,0,3.9,3.4,0.1,27.8,8.1,3.9,"grass"
"699","WAAVIB0003",0,0,0,0,0,0.7,1.4,0,0,0.1,3,0,0,4.7,9.2,0,0,0,23.1,32.6,0,41.7,9.3,23.1,"grass"
"700","WAAVIB0004",0,0,0,0,0,0,5.1,0,0,0,8.5,0,0,0.5,14.1,0,0,0,16.7,45.5,0.4,59.6,14.5,16.7,"grass"
"701","WAAYAL0001",0,0,3.4,0,0,0,9.1,0,0,42.8,2.1,0,0.2,0,7.1,0,0,0,0,0,0.1,11.4,53.4,0,"shrub"
"702","WAAYAL0002",0,0,2.1,0,0,0,7.4,0,0,32.8,0,0,0,0,21.9,0,0,0,0,0,0.4,7.4,57.2,0,"shrub"
"703","WAAYAL0003",0,0,12.1,0,0,0,17.1,0,0,2,2.7,0,0,0,47.7,0,0,0,0,0.2,0.9,20,62.7,0,"shrub"
"704","WAAYAL0004",0,0,2.6,0,0,0,10.1,0,0,1.9,0,0,0,56.7,26.4,0,0,0,0,0,0.7,66.8,31.6,0,"grass"
"705","WAAYAL0005",0,0,7.8,0,0,0,20,0,0,38,0,0,0.2,0,8.2,0,0,0,0,0.7,1.4,20.9,55.4,0,"shrub"
"706","WAAYAL0006",0,0,0,0,0,0.8,15.9,0,0,11.2,0,0,0,0,11.2,0,0,0,5.4,0.3,0.6,16.2,23,5.4,"shrub"
"707","WAAYAL0007",0,0,5,0,0,0,11.7,0,0,0,0,0,0,0,8.6,0,0,0,0,0.3,0.5,12,14.1,0,"shrub"
"708","WAAYAL0008",0,0,0.6,0,0,0,12.9,0,0,0,0,0,0,0,35,0,0,0,0.3,0,0.6,12.9,36.2,0.3,"shrub"
"709","WAGCOO0001",0,0,3.5,0,0,0,0.1,0,0,0,0,0,0,0,4.8,0,0,0,24.6,0.3,0,0.4,8.3,24.6,"tree"
"710","WAGCOO0004",0,0,24.5,0,0,0,8,0,0,0,0,0,0,0,0,0,0,0,0,11.5,0.1,19.5,24.6,0,"shrub"
