"","window","WAAPIL0003.adjusted.R2","TCATCH0006.adjusted.R2","WAAGAS0002.adjusted.R2","NSAMDD0014.adjusted.R2","NTAGFU0021.adjusted.R2","NSANSS0001.adjusted.R2","SATSTP0005.adjusted.R2","QDASSD0015.adjusted.R2","NTAFIN0002.adjusted.R2","NSANAN0002.adjusted.R2","QDAEIU0010.adjusted.R2"
"1",1,-0.000525692811705447,0.00489174922974067,-0.00106784404391691,-0.000286327839122968,0.0103210167463044,0.00195267780796904,0.00276407084510344,-0.000407940886202329,0.00350833600311085,0.00036784486662178,0.000877550463982746
"2",6,0.001207645302303,0.00662729469156687,-0.00104060629638414,-0.00112674665822188,0.0251924590486072,-0.00104925376862552,0.0012512564090541,0.00400379909022142,0.0113334142360191,0.00340898443535298,0.0467381946064062
"3",11,0.00799873556058195,3.24619209425281e-05,0.00998306996517329,-0.000734771930992695,0.0404840668513279,-0.000396980484823395,-0.000896853431506139,0.014871092546453,0.0458266328820157,0.00272338193147381,0.0847631621464082
"4",16,0.0186711162072244,-4.18389696879018e-05,0.0234416253956459,0.00161101300760658,0.0598332220067547,0.00304424942724379,0.00425394973129567,0.0296877503523305,0.0742517616807408,0.00297306641859318,0.123408691357007
"5",21,0.0313218655574207,-0.000941572397619161,0.051554233350471,0.00274672590536484,0.0793088238459813,0.00374569963419225,0.0133148092638342,0.0487488405454216,0.11717139900515,0.0052426253777661,0.170298280335774
"6",26,0.0398496171261196,-0.000498743396526224,0.090644144748815,0.00756883817079512,0.109878724615466,0.0056908844582878,0.0308676051608597,0.0865552785860919,0.166289382983288,0.00844364307445467,0.216260326760233
"7",31,0.0527747345372379,-0.000684387063297542,0.128269997526451,0.013611604063778,0.136322966203868,0.00985538024057131,0.0540352569981234,0.113852486413033,0.225279063054636,0.0106112825107044,0.247109162563897
"8",36,0.07647861099895,0.000558744420049107,0.157846874718379,0.0126423611572266,0.159338645679821,0.0107437765371431,0.0744796345688234,0.146298541705859,0.270481150738501,0.0119519691992835,0.264309843482416
"9",41,0.0830164441680594,0.000473180307127397,0.200558794684756,0.0188339594610498,0.195419804706137,0.0106269900956919,0.0865850492121757,0.190512526058029,0.313041378972145,0.011588531931606,0.298395880929782
"10",46,0.0965014989581419,0.000798582807498893,0.225243688381887,0.0209502175199977,0.230368100291892,0.0124195735497217,0.103760951389293,0.211979856966165,0.359582212271344,0.0133109504112916,0.319268243791668
"11",51,0.115540370052924,0.00176631734905897,0.257837765459754,0.0231225472032404,0.261193007838506,0.0145347292730698,0.115734977030905,0.245888480925387,0.396825256710236,0.0157062658125686,0.3523178029246
"12",56,0.129092210746449,0.00180767506048563,0.284672204437794,0.0281014760728746,0.293392505044452,0.0168905514455403,0.131824950386962,0.274576760015058,0.416449129064324,0.0165837916690904,0.381215507085851
"13",61,0.139706475758553,0.002387477018993,0.302273021075339,0.0290052376554253,0.323218259579004,0.019222766033803,0.149498811844625,0.292645361147655,0.438548937934423,0.0205856142470928,0.399884480569754
"14",66,0.162081571364764,0.00250309735530063,0.321059233412201,0.0312164916707303,0.352603181967292,0.0229154700021178,0.162247646746369,0.323104242343424,0.452288171050734,0.0223048233017441,0.42489765027665
"15",71,0.171035569919355,0.00213428140982996,0.344335468406614,0.0326023830582021,0.37715242949381,0.0273871997458019,0.168996858611456,0.332258724297631,0.471787235520655,0.025460900062745,0.437504279085074
"16",76,0.18473148635553,0.00188844050075465,0.354474394653846,0.0343931365926965,0.400026057854535,0.0311088980955331,0.184166433205903,0.341361928188273,0.497349617268144,0.0305127440568054,0.452463004782634
"17",81,0.202617580953674,0.00176497390658525,0.365926747634382,0.0408808664954157,0.42072315461344,0.031096072902734,0.193626542427419,0.348479569619037,0.49961837773564,0.0331896894131916,0.469048202341969
"18",86,0.221281622692544,0.00319538724541424,0.375513131802922,0.0406828166812047,0.440560115146185,0.0334347551124364,0.204491105699655,0.350763020562441,0.501280183225166,0.0349976987527439,0.483723726688062
"19",91,0.230804799901107,0.00496455567315002,0.384126854234505,0.0426300269039096,0.458264254515633,0.032651933410179,0.217346887642927,0.360394237422232,0.516184572443248,0.0382276113579694,0.496955354528016
"20",96,0.243675437949364,0.00634836882486434,0.396660477222412,0.0442737396662291,0.477217310553601,0.034112431292548,0.21818317194582,0.363936390627744,0.523403144809742,0.0418592516700753,0.504246235073211
"21",101,0.258209611754494,0.00793401166902641,0.402848925839606,0.0468706855683634,0.492829088189329,0.0366921439742967,0.210208907170922,0.370885128148963,0.528983113141717,0.0446454712706212,0.513649552780629
"22",106,0.269987399113938,0.00822476997008459,0.410731287053073,0.0499249525727959,0.504452772155598,0.0359295490861959,0.219824681856955,0.367428304442052,0.54272136611211,0.0481490738937284,0.518332160489506
"23",111,0.27732010929946,0.00870896364341001,0.419789012823574,0.0535097676821411,0.519821954273103,0.0419562642441583,0.225898201885861,0.365180035167984,0.551989265010674,0.055857261441147,0.523303990109079
"24",116,0.289860359791271,0.00940981463956836,0.421688449363243,0.0539027690936321,0.531489958938365,0.0470442705618679,0.22832610161902,0.367516730079454,0.554993881945241,0.061045305376036,0.527187862562813
"25",121,0.296241186692296,0.0101839706046789,0.422556152976989,0.0562353218913589,0.54227734566841,0.0477006320105852,0.24325158963526,0.369720403904156,0.556091759910485,0.0634157081534965,0.526110703327096
"26",126,0.303562218346462,0.0123594456268096,0.424318025567028,0.0564128953927636,0.548550914688398,0.0541550347729581,0.247059466714102,0.363298063420315,0.548666003612678,0.0693149460338851,0.520650696671661
"27",131,0.320414827649075,0.0126567114682112,0.433666303193542,0.058326663164732,0.552753061263893,0.0574920582871316,0.243962862152039,0.367169496490988,0.546545965166221,0.0757528212786261,0.522607750975196
"28",136,0.328385780153943,0.0120702534408039,0.433578549745944,0.0633251969173171,0.556369302717271,0.0645624729118826,0.247233048034642,0.361666638707695,0.546466151597083,0.0789355284860831,0.525539021512274
"29",141,0.330555329985864,0.0127547806600375,0.433893429296336,0.0679019657551062,0.557589699740297,0.0668735227845545,0.254104871553146,0.357874296088829,0.537168538486323,0.0849894242171444,0.522636164382882
"30",146,0.342197877700944,0.0125149547717214,0.434232195319549,0.0681450272341946,0.554662147550186,0.0697228459408302,0.256452552047765,0.359498143007452,0.534079230372548,0.0899224369365599,0.515341923331686
"31",151,0.346579726612247,0.0141322310788259,0.429331134460422,0.0752522497402651,0.554871011802072,0.0768045809078662,0.255204111665614,0.358310271832383,0.538104925742563,0.0958263808199127,0.508869469054622
"32",156,0.350711314515958,0.0156824703114004,0.424811270271814,0.0792977567458264,0.552652842298036,0.0781021484216997,0.264066599812562,0.359096083411891,0.536901176551342,0.0990513365994664,0.508055123841269
"33",161,0.358702766297443,0.0162206911602689,0.41877680810498,0.078493573192485,0.546939571672607,0.0796719614133777,0.270284461902052,0.361574548444927,0.534623445243277,0.103197806524837,0.50248679603332
"34",166,0.362558047191693,0.0168551958953423,0.41692502226333,0.0828866511357856,0.545935501273231,0.0846853829331238,0.273055406080295,0.357044125348956,0.533523719590029,0.109479215933936,0.496791165299424
"35",171,0.368515973723994,0.0171902854236627,0.415054451742437,0.0879312260907429,0.541860009004531,0.0896443344059052,0.282190548313877,0.352965061307418,0.532280229347777,0.114759046747808,0.489952636063202
"36",176,0.37426155651675,0.0167855346638344,0.406910990586521,0.0887040637412435,0.536969217005007,0.0979545868802649,0.290339056648416,0.346606238554766,0.524800473757085,0.118475327162151,0.47438307847217
"37",181,0.379252793597371,0.0178028969855826,0.394181446381508,0.0942503404597416,0.533246984916215,0.101580981004224,0.290400378768067,0.339115330121664,0.516050551449203,0.120493017676849,0.461890963846814
"38",186,0.386152031619203,0.0166757397688497,0.389621465455847,0.102716721434274,0.526043548730863,0.103456538205947,0.297473230197676,0.33262542469007,0.510317885198196,0.126765130582433,0.455179867889618
"39",191,0.385594887850309,0.0167746505527032,0.377123297249975,0.10587503898651,0.516643638757443,0.10985773975851,0.300909942339206,0.327029537189536,0.503983793018578,0.133259301049686,0.441011083957538
"40",196,0.392723017467437,0.0177855877969045,0.370435891699479,0.112745826467786,0.508353667594613,0.112534595052243,0.299859874246816,0.31676051395607,0.500187580202892,0.132502289319267,0.424451983236593
"41",201,0.398690207926569,0.0181090582303898,0.362646026494893,0.115885604225947,0.503410975586614,0.116874776226027,0.308166552397855,0.313984195690396,0.501597209383226,0.132619147396677,0.413257189414659
"42",206,0.400521003457252,0.0184789019346582,0.349609231256824,0.119655419744786,0.494220779339483,0.119505339780917,0.309797756362554,0.308347806462023,0.493938472150586,0.13361615832841,0.397033981669677
"43",211,0.408632022708441,0.0175199236480011,0.338539212578523,0.126806153489425,0.482673823175246,0.123553543845659,0.321078434758679,0.306554534901569,0.481438762573288,0.132980647960915,0.383561281660257
"44",216,0.413124806423292,0.0174062659767407,0.32687927165409,0.133849948155353,0.4750571497447,0.132537823242247,0.324409400816406,0.30393556820661,0.479112500704281,0.137800750779543,0.372136652850356
"45",221,0.411754602793034,0.0180138842534016,0.316514249140235,0.139796754970407,0.466324008810391,0.13350796174598,0.327794065195728,0.294236752119995,0.468772063832916,0.139217303501505,0.354583531756712
"46",226,0.415968263050994,0.0170273474966998,0.306995235166426,0.145054446899696,0.451765007927773,0.143462903820502,0.322666040713116,0.296833366909324,0.457263941843658,0.142571572492494,0.341936730221848
"47",231,0.415467767018749,0.0160036515768568,0.297960498861924,0.149136752351881,0.441445685535116,0.150152482450075,0.316130741932456,0.29305848243401,0.452757893689438,0.147168184908397,0.329545117327923
"48",236,0.413241831389046,0.014293880473762,0.290008587141192,0.153728801711985,0.429830030322495,0.15347805402675,0.315804006975982,0.28886105648377,0.441077510197311,0.144573284698055,0.312483908779397
"49",241,0.416708887858576,0.0134640381133203,0.278499801336081,0.15901049139383,0.410576685829347,0.158773778220246,0.317971472566964,0.282913035779239,0.433740440256982,0.147903039501706,0.296203036844771
"50",246,0.415945610051548,0.0118618730814918,0.267792877014182,0.16030980270267,0.399578688119923,0.165619992551848,0.311311039699987,0.274595798153527,0.425695781898507,0.150361486059021,0.284005516454207
"51",251,0.413072488113253,0.0126012685923932,0.263326513189752,0.163874731345803,0.387302649648812,0.171663497762753,0.318580006835348,0.269113703338495,0.417976353038759,0.154547813371906,0.269675119930447
"52",256,0.413487391831723,0.0136261601481296,0.250470988312049,0.169898852793368,0.371463143987259,0.182464190727008,0.318516300917354,0.260533238290863,0.4112395476894,0.1558353459128,0.255770651959015
"53",261,0.412009684094626,0.0124677754534118,0.236586988109169,0.172740979063179,0.359383431268839,0.189487433240912,0.318299422120863,0.253574930974678,0.403862015939808,0.157558933312992,0.240619696563082
"54",266,0.412157813724757,0.0117062434712437,0.229610317850544,0.177706525957147,0.345754490724841,0.195069200487187,0.321057338737528,0.248538325618174,0.399246751880084,0.16053139743493,0.226954477412075
"55",271,0.409002693507954,0.0117983083784799,0.219344950092638,0.179591030952226,0.324522815373964,0.195116147555468,0.320628899579297,0.238643620852108,0.38971851408019,0.160873474302061,0.215855476648297
"56",276,0.408625875060167,0.0118311585600268,0.210515322213108,0.185712452647473,0.310100786568864,0.195077116165344,0.315814083175684,0.233781449038564,0.381844930979608,0.161579329651805,0.20640123567749
"57",281,0.41102627806244,0.0110646316313507,0.200502224434637,0.183384274418456,0.297650138072678,0.205346654854,0.314309396467389,0.229168013528513,0.377811989463842,0.161928671241591,0.195953274551685
"58",286,0.404017348753052,0.0131136356093964,0.19451469706757,0.188357074197115,0.281278399555469,0.20973977906476,0.313384702970427,0.222568526000354,0.367202784207176,0.164597359601009,0.184896405572964
"59",291,0.405140610086309,0.0132477013442448,0.190986355618188,0.191228042299825,0.267772502755622,0.215869361952406,0.311401571601308,0.216971384985167,0.362741446119677,0.164475690505844,0.177578188606549
"60",296,0.406685237318265,0.0121763984222751,0.17755445253474,0.195353647880827,0.257270565128516,0.220168767164138,0.311472888503686,0.210725222280771,0.357743404604045,0.164735993279409,0.168455809326099
"61",301,0.399931080371737,0.0112524720565369,0.171907665147493,0.197884242493669,0.243020581609475,0.225901990621005,0.313968241133723,0.202961998615438,0.352787721247459,0.163154469247391,0.160338743047778
"62",306,0.399301145917927,0.0112814145880417,0.16731091242501,0.203174627324017,0.230887145808983,0.231974807958482,0.310672715915166,0.198053559336391,0.345919457898888,0.165030830345297,0.153161217302593
"63",311,0.395312852648726,0.0114499821588719,0.159195381357798,0.203114082422579,0.220724168259073,0.234719156628215,0.303878475648015,0.190932403271007,0.344007552656779,0.165279660119167,0.145137890721076
"64",316,0.394085684681835,0.011544470115969,0.153067239947131,0.20378858748902,0.212023348892744,0.235447678950235,0.310033769379293,0.183208301008108,0.33794071385874,0.164211343604149,0.140316279355477
"65",321,0.395143896910267,0.0118925943277418,0.146889440865346,0.205635699752615,0.200681596141493,0.235423582106954,0.307409147660461,0.174876293416046,0.332572971092347,0.163594594889508,0.137837996741791
"66",326,0.394263876420835,0.0106707118967664,0.137000634643944,0.204062748771342,0.191538442519787,0.234174632331962,0.30433856341904,0.171374466522576,0.322567306992777,0.164462544629557,0.137726119765493
"67",331,0.391737054236032,0.00990979855009955,0.130928680195295,0.206436756345048,0.186875644786742,0.239302119758484,0.305905805680301,0.165801183356493,0.318569193250548,0.161467189161935,0.136550628201331
"68",336,0.390537384507621,0.00990422647881639,0.124265485693395,0.20881848400361,0.178970896039917,0.247145050770832,0.303251164439715,0.163167401855239,0.310663696728371,0.161672113468886,0.137432976339248
"69",341,0.391193427996175,0.00931197331772471,0.119220987679017,0.211249068866264,0.173339051113362,0.246853307092936,0.291819669377487,0.162878175226816,0.301749367115643,0.162295699266931,0.138892292351359
"70",346,0.3912951317931,0.00903904607906292,0.113564225413512,0.211922722594673,0.17322319216537,0.250073608588485,0.291737334306455,0.15970875497357,0.298079973513377,0.161450245401051,0.1400750412331
"71",351,0.390686117373279,0.00957180195616658,0.110449112386591,0.214148556913806,0.16989398225423,0.250114015450089,0.290800822958314,0.153999371873944,0.293287466685488,0.163182990400868,0.143594922507214
"72",356,0.395815210146674,0.00911818429661726,0.108939504790653,0.213312595238776,0.167682177210265,0.251795275622354,0.288582899212185,0.156183038306121,0.289110350874872,0.165785746848955,0.147648550634645
"73",361,0.398802605351827,0.00871613609759803,0.10600637636122,0.215177433960569,0.174356031112423,0.252540233852752,0.286817830381138,0.156175311939216,0.29197777530465,0.16656023090286,0.1559416438745
"74",366,0.398683005470747,0.00850376325907087,0.104925986269933,0.21831111691858,0.176094351009513,0.258206686993847,0.287622703711663,0.155160548889104,0.290739033901946,0.166482616676723,0.163671784091181
"75",371,0.398081039465318,0.00748875237853608,0.103448558822165,0.219195916754173,0.179139005797044,0.262100509789961,0.282334211485933,0.153862296287366,0.289966907066518,0.166643876209829,0.173408703809536
"76",376,0.403069932979269,0.00699779490188723,0.103312269044145,0.221456224258704,0.189987059530927,0.260603704057668,0.277030135143505,0.151624748457204,0.295531179700042,0.16446893819333,0.1847287642177
"77",381,0.400601548606489,0.00888113010444669,0.104220120671324,0.224071096942756,0.195617662516659,0.262673090384559,0.278572966920045,0.149651915821731,0.293829158102077,0.165903887816919,0.195320686343739
"78",386,0.403935659508113,0.00908807146702462,0.108320201612936,0.224421176231923,0.203699765291691,0.257719500437974,0.27669439626401,0.146402541316138,0.293646759224965,0.165680759056227,0.205102598170227
"79",391,0.409272844335823,0.0095526149611167,0.108594442434004,0.227014039540375,0.215782076705729,0.257128542712578,0.278639147777294,0.145005129829717,0.296646137244317,0.166431458298577,0.215721266925417
"80",396,0.41246580088616,0.00979238171087249,0.113687777618248,0.227585274857471,0.226570785605689,0.259244125520954,0.281092191311077,0.14588968710011,0.295238503901297,0.166387552831629,0.22624321108392
"81",401,0.419724827058308,0.0101832947365389,0.117845461321506,0.227526203264229,0.24076222058793,0.258153877019041,0.281114994279077,0.150546430021012,0.295863621818927,0.166929246110173,0.245795126134354
"82",406,0.424608323944978,0.0105078116361772,0.119887141173892,0.230627784399605,0.254654466960806,0.257724315310273,0.280627169837234,0.153798068013778,0.298841869748881,0.169148646268681,0.26162208187894
"83",411,0.429012431512176,0.0122131657372053,0.126370789063154,0.230715159710643,0.268435181177497,0.257770158310634,0.28270618453337,0.157622919214896,0.29767399831664,0.16854966581852,0.275493887646763
"84",416,0.433830969434492,0.0113375486791748,0.132929171412144,0.232154197043176,0.280820101247122,0.253519801637994,0.279012289419183,0.160090110241781,0.301986115910809,0.169293083684542,0.284440998921817
"85",421,0.434319505270591,0.011672830601665,0.142470895703228,0.234591039416943,0.294140896365956,0.254517462681419,0.277842307470535,0.163545314893874,0.306507415834295,0.172265044258323,0.294939950166241
"86",426,0.435129630700023,0.0109464587287789,0.146738254428078,0.236560186071735,0.3105997212403,0.25323576301344,0.277758816543068,0.165572981042285,0.309282637824454,0.170865983767997,0.305727268049076
"87",431,0.437244117361636,0.0112316061234972,0.153629942737099,0.238791946919456,0.325099457516624,0.250361103188406,0.278716615655715,0.168077080289461,0.309864937135452,0.169627667462232,0.318523183562395
"88",436,0.437545424029594,0.0118493501113721,0.164838297446249,0.237901721354027,0.33389195792592,0.250128909407264,0.279718215802725,0.166525174424972,0.30812378226635,0.172982673367177,0.328609561482032
"89",441,0.437101346202874,0.0124497316541123,0.172462094638556,0.241276999379263,0.350151425774019,0.24661817890116,0.282903367598998,0.168449320786304,0.311743141210975,0.174113132265088,0.336182512429017
"90",446,0.441390314544735,0.0128011538750716,0.179025062588098,0.242808799724735,0.362373684131962,0.245356020475404,0.281886733398814,0.167514009844993,0.3110162576554,0.175720669275569,0.345089081224933
"91",451,0.439891516525755,0.0123553642281863,0.185054013600663,0.242324567739872,0.370366562180006,0.246700474344457,0.279465005340978,0.16731794185918,0.309576351408518,0.176915652961098,0.353739616663815
"92",456,0.440724168181922,0.0126112167771888,0.19074995955785,0.246440723362024,0.382778911543275,0.247719916287204,0.277812296015453,0.167561527643134,0.310404474551607,0.175912525182557,0.364180123923695
"93",461,0.439202935566835,0.0137292933404493,0.19558830702822,0.248123009548012,0.389488984152992,0.247214867705391,0.279654179556686,0.164728700422994,0.309007084359178,0.17827555612939,0.374068824724301
"94",466,0.438421763081517,0.0128001009402413,0.19954737824485,0.245990564653228,0.391525568852776,0.245016524605945,0.282201069753936,0.162979670749567,0.309531868561641,0.176627787892587,0.377233623468023
"95",471,0.436177021262344,0.0121661503434548,0.207205026044148,0.248317294808992,0.396023881854356,0.239727136086597,0.281143701021964,0.162325815864661,0.306957493482069,0.177611135143249,0.379954884759211
"96",476,0.432415752152735,0.0137946917536668,0.212724620553224,0.251585599958936,0.398244592838482,0.235282209630039,0.280371053351078,0.157796496099438,0.3022038138225,0.179623401331482,0.384960611168513
"97",481,0.431596207644703,0.0145067990588252,0.214988580916003,0.253567063083804,0.39922944400908,0.236275141566814,0.280944401124947,0.157111554330183,0.298272564578203,0.181917498472083,0.385960155324938
"98",486,0.426622184873648,0.0157396512703685,0.219370672115229,0.255087780799127,0.400765984125352,0.23675830099417,0.280333079697412,0.155243750245648,0.296465096170494,0.18599826107992,0.389886314110596
"99",491,0.420629328241344,0.0159585625767371,0.221353596817246,0.256156797541746,0.399846993544322,0.2326770530322,0.277904393696003,0.153801716139984,0.296002562221517,0.191455682428696,0.392364216139861
"100",496,0.419033422944057,0.0160989227940596,0.224481900343138,0.259357290804919,0.397870273119594,0.230772141589474,0.276874961556298,0.153216195416703,0.292030230755374,0.194815809890236,0.391783312035671
"101",501,0.413100649984808,0.0153950947975575,0.227637749609533,0.260651770846727,0.396779386404908,0.232535788254721,0.276358577224896,0.151867639660352,0.292157355051346,0.197138658722203,0.391650018832911
"102",506,0.409919173690619,0.0149050455260225,0.231246645343482,0.265597070815476,0.393988950921398,0.229010703274916,0.280242851109829,0.149303117238665,0.289734241371951,0.198927873782252,0.389403988482489
"103",511,0.409467095155873,0.0153247413137798,0.230586774126354,0.269708636455489,0.387797761642535,0.226675713639593,0.281140314331584,0.148647400589998,0.286383568071,0.200410195989383,0.386147336583937
"104",516,0.407298750908742,0.0152116931743721,0.231677824192892,0.269858755161768,0.38248165246137,0.222960425562913,0.28177238942155,0.146163599884016,0.285862754534186,0.200295618181897,0.384653291725251
"105",521,0.404122479828918,0.0157738811469579,0.232443196403637,0.275075409623132,0.378661319686197,0.222906857010256,0.285432999018423,0.143594024637729,0.281933430409646,0.200200968027715,0.38304120844038
"106",526,0.39746309291918,0.0159943440470279,0.229721849076795,0.277034991621272,0.372077376961634,0.221831809733795,0.284187146722153,0.143045454730964,0.280544407232163,0.199644197193242,0.379195428813842
"107",531,0.392930928757142,0.0156550770952137,0.226478713171747,0.276710061842017,0.362754677315143,0.223366819857307,0.289344774362675,0.138199989361779,0.275779396597581,0.198758395409843,0.376286261375289
"108",536,0.38851083978823,0.0168026602287241,0.226336373697372,0.278801830684963,0.355383570591423,0.222948554025535,0.293572084795609,0.135082191967391,0.273160241548073,0.198891803940188,0.373057902357672
"109",541,0.381072588434772,0.0171849952986618,0.22460380291906,0.280022258668009,0.346206503226301,0.219419358647998,0.295346768502141,0.131245134596351,0.269338217530137,0.198153016449895,0.363491400426677
"110",546,0.376174013012136,0.0179611780172347,0.219328499673784,0.283169522634587,0.33626821323558,0.218469318402677,0.302050007352363,0.126287259845738,0.268439795010618,0.198590601302169,0.356392465529341
"111",551,0.372027752453723,0.0179108933173754,0.215007899353062,0.286076496269655,0.328886876372669,0.218266824492726,0.304101082926511,0.123242133413693,0.264985308590511,0.199462222482555,0.348543176663514
"112",556,0.369047774928063,0.0178377898429415,0.213053919611242,0.288600471111137,0.319869247838096,0.21595716466995,0.304942893856244,0.117654024638913,0.261698651413415,0.199747205994157,0.340428771862505
"113",561,0.363744484415636,0.0184809169691474,0.210064658375007,0.28977790498865,0.309281178373606,0.217754796489575,0.310177188079317,0.113479788204446,0.257952664638752,0.199528753535536,0.329027899258935
"114",566,0.358820838411137,0.0192479754470982,0.204740383450559,0.292450332598109,0.298332826317446,0.216199946294293,0.314455725117017,0.110179427357778,0.256758731939153,0.19870758045784,0.321722604232451
"115",571,0.355759128948769,0.0192426695598727,0.203730958285466,0.296551750625418,0.286560219168051,0.212598756912077,0.315349263380094,0.10644764376093,0.254850418473862,0.198528823323114,0.315377239704847
"116",576,0.350022356766969,0.018783440343623,0.199360312100652,0.300725731653216,0.274549519445669,0.211679419325745,0.316606642684387,0.103432310035747,0.251307984443951,0.199377405830787,0.306762393938453
"117",581,0.342251788115302,0.0200797226264341,0.195298455660946,0.30161547622371,0.26184271152054,0.210746993250579,0.317481815736866,0.0988148943408683,0.248124973266492,0.196994433414433,0.298300247473766
"118",586,0.335527369003802,0.0200875260063015,0.192065174211337,0.304935790709042,0.248717469025716,0.207003592983125,0.321607916234799,0.0952315893005908,0.243468754531986,0.1945315395651,0.288037981592165
"119",591,0.330657747418822,0.0212684944700038,0.187223675041782,0.309850849189454,0.23517322126456,0.205166218930686,0.321186340257616,0.0920276507086207,0.241674584914727,0.190637081119038,0.277836116151604
"120",596,0.321217374905877,0.021709744569326,0.180339405321585,0.312160396886128,0.223318896000907,0.205416468139624,0.322847476712049,0.0893046308276925,0.236566051061693,0.187573156673793,0.269627707268334
"121",601,0.315654809573705,0.0219158044381424,0.174299042890285,0.312981882396061,0.211324701147384,0.204002456519202,0.325290017106705,0.0860969076198854,0.230147636229151,0.185146046206721,0.262355773896379
"122",606,0.309774418917292,0.0227904175041901,0.16671525969375,0.315667571289796,0.197893514599941,0.201308240155393,0.323004088286602,0.0833187451966386,0.224849807610086,0.184325691185301,0.252483668383623
"123",611,0.300854765966455,0.0234665760215423,0.161033485368862,0.317884844540599,0.183698232866383,0.198765193540854,0.32577652912508,0.0811268375884332,0.219419775394228,0.179814874169764,0.246050945696705
"124",616,0.294417170145861,0.0233892555524273,0.153337511754345,0.316631559621904,0.171527810168122,0.196720709756482,0.324749813431962,0.0789804552167076,0.216071869621676,0.178393648094915,0.238110757442467
"125",621,0.287578672956004,0.0237257569923229,0.146358441154663,0.319565825865458,0.15829440499385,0.196737906024677,0.322035573273358,0.0774493114886906,0.210243029609555,0.177382710995787,0.229608031338478
"126",626,0.282259939376892,0.0238375791647221,0.139672606774533,0.323148810502834,0.145171151409275,0.196237432180869,0.322680204053992,0.0746351838407751,0.207943052438367,0.17232220073542,0.221536125538589
"127",631,0.275132823444277,0.0247898732525192,0.132469832694816,0.320290847387179,0.134896004785003,0.196327278800136,0.319751638683783,0.0723811396075995,0.204948879379766,0.169783861963244,0.213211837955702
"128",636,0.267781558051814,0.0241666335065831,0.128071885327778,0.322706869715696,0.123765511843925,0.194997591316294,0.318930398462132,0.069818930831731,0.200376647740646,0.165161022676697,0.205034311678137
"129",641,0.261499400456462,0.0244786254656754,0.122368175509157,0.325269907708593,0.110781094822182,0.19562567794807,0.31891158498001,0.0679198052617814,0.196427859538044,0.161012946047186,0.197964044828398
"130",646,0.253984579162709,0.0244850011339932,0.114876754176913,0.324861940509286,0.100180361695341,0.194605268538705,0.316027747414647,0.0651384269232949,0.194341777299824,0.157295759913019,0.189331215902882
"131",651,0.246440925258174,0.0247951936108858,0.110545600990251,0.328827220793767,0.0884475532239802,0.193766133462115,0.316043825388155,0.0635110476013337,0.190283919235346,0.153959913981004,0.181624514562085
"132",656,0.241411408123353,0.0239945912187625,0.105444318127152,0.333791634239277,0.0786326082026052,0.192706641819111,0.316325689125108,0.0621385634843455,0.186369327553447,0.151213690278784,0.174023692323353
"133",661,0.231385713162702,0.0244489188978202,0.0976786555377075,0.334659956645742,0.0702053494983699,0.192298801121109,0.316780501216125,0.0604518224944834,0.182911394052968,0.147972773890345,0.168199936029337
"134",666,0.225571733375803,0.025113688153008,0.0943777925282397,0.33318053495184,0.0622950678933354,0.189338891590357,0.31443644226251,0.0591934262256207,0.17983490393895,0.143523530138868,0.163297762603998
"135",671,0.220007915266343,0.0251298073387607,0.0899038706973121,0.334936762630625,0.0547780143113573,0.185303914264349,0.313700508302221,0.0576879521394352,0.176599980630412,0.140567739133041,0.157329186769526
"136",676,0.212218656788174,0.0239254580967939,0.0863988185441293,0.338008821486538,0.0493597176469199,0.182387115043734,0.312355305074806,0.0566408654368771,0.171531554740569,0.137866949275673,0.151908536708963
"137",681,0.208354006629362,0.0235234678340469,0.0823982188147808,0.338003126905182,0.0443519348485497,0.181308295901709,0.311653047468313,0.0564386652799028,0.169063580139826,0.133212416449997,0.149514934307225
"138",686,0.202973793458587,0.0229723435717729,0.0789090405050096,0.337903647632726,0.0385314954138806,0.178651477381964,0.309981527031547,0.0555594903710174,0.166003058466028,0.129203241415759,0.147326102206826
"139",691,0.198718359847027,0.022377224478032,0.0767736486941762,0.337318430158506,0.0343374231160619,0.178453554058901,0.30846810990948,0.0531686074681116,0.161443406002954,0.126723769147851,0.147028297318319
"140",696,0.194964844815356,0.0228002790574553,0.0736987077056167,0.338635097473473,0.0312213241563788,0.178469214397339,0.307370207486863,0.0525222401813636,0.159798805536491,0.124999856819961,0.144760209989998
"141",701,0.189314648310302,0.0212513028846493,0.0700698862780226,0.339454517175937,0.027813918869865,0.178256350192716,0.305829575988158,0.0521232419151788,0.158003400515695,0.123109380690847,0.144159220092953
"142",706,0.188346283061441,0.0205491497094584,0.0691168112453695,0.340040817852103,0.0253697292879841,0.178376097283032,0.30578729299864,0.0510342468224522,0.155508269785905,0.121512286790216,0.143205709289083
"143",711,0.186587186685796,0.0187286617778281,0.066702836768891,0.341440324861887,0.0245985523030302,0.177436714975022,0.303623267975721,0.0508371274366646,0.154587270438783,0.12018046041667,0.146403133735202
"144",716,0.185175864212598,0.0168125196657374,0.0656375462363503,0.341419911260065,0.0234729196441247,0.176332986736798,0.300948569435738,0.0504254291616553,0.15150237377192,0.117995331265053,0.148309518570615
"145",721,0.18304883316923,0.0160343075210883,0.0657955859338981,0.338434733514952,0.0236591075212407,0.176261206833906,0.300087025247892,0.0490792264096944,0.149178975802186,0.115165452032558,0.155062553722422
"146",726,0.181864292066401,0.0155407805735004,0.0646165972134511,0.338021032447657,0.023729805118696,0.173826533203825,0.295786352964549,0.0482410960932246,0.149663982143784,0.112926833663811,0.160759829316342
"147",731,0.178319788354982,0.0154647029329454,0.0632192500975975,0.335659150891745,0.0246317861416445,0.171584418800862,0.295584684575573,0.04662166157692,0.148358318238213,0.110735807376581,0.166530146367735
"148",736,0.177051503264012,0.0137278623919483,0.064141989366208,0.33633482638362,0.0273917510146502,0.170903857433002,0.296423061367066,0.047055799352372,0.145215985712279,0.107409050767252,0.17092806847229
"149",741,0.175990548190058,0.0141140151335578,0.0642065772479603,0.337378448126621,0.0294237652545944,0.169516294277968,0.294303891311383,0.0482090501749176,0.14300918011561,0.104081863536256,0.178829613824969
"150",746,0.174028251657271,0.0138661005998554,0.0648417830724621,0.336976832519722,0.0340259932519102,0.166685535483076,0.293218172994653,0.0479055046892375,0.140767237350379,0.102319481477802,0.183295967403472
"151",751,0.174691639423903,0.0142020227634682,0.0675987673580867,0.335462191144414,0.0383125622005749,0.162799869929419,0.292948869637217,0.0486546007054616,0.139157367919709,0.0996073858305734,0.190449678568639
"152",756,0.175094769300141,0.0135958351350641,0.0697285845989473,0.334601577641519,0.0416870870168912,0.161343615679106,0.292648449091716,0.0492245160698017,0.137430615586788,0.0975937067890436,0.197647016042959
"153",761,0.175125651381892,0.0128162515713787,0.0705477998295723,0.337179103395652,0.0483745647855502,0.159991418071016,0.294578104975487,0.0502369230628589,0.137199398329632,0.0956769113680369,0.205878502917284
"154",766,0.179248981190739,0.012655394712655,0.0717463210909692,0.337618828302903,0.0546016427978926,0.158840978493925,0.293792348886318,0.0502969824966273,0.135672093201572,0.0937953717589918,0.213104152030902
"155",771,0.179749523926275,0.0119016534243661,0.073707319289582,0.337736762971802,0.0605412405478778,0.157756428000378,0.294317832208285,0.0509832611489373,0.134799206444237,0.0919352113178854,0.221370728333765
"156",776,0.181412045352125,0.0112945534741709,0.0772552618793161,0.337824512834506,0.0672255147155874,0.156485473032619,0.29447239279803,0.0508072267853791,0.13661534788134,0.090893492346855,0.228188716012058
"157",781,0.186332749493204,0.0108966451713107,0.0796759225677548,0.338771342841954,0.0741331122117328,0.158284009839708,0.294914595945292,0.049530418028261,0.13422543602384,0.0886050181074894,0.235810916378265
"158",786,0.186745754659678,0.0101495265003276,0.0825777209824722,0.338604415033293,0.0828991305014585,0.156608859695346,0.294621591220402,0.0504191482491509,0.134469770338713,0.0864365207864666,0.244666488673774
"159",791,0.187323876384519,0.00949112158381893,0.085741889800494,0.341344493782545,0.0919388459040438,0.150664209617329,0.29567222258619,0.0506041179163998,0.133642896716034,0.0846314946079515,0.253384304250766
"160",796,0.19673979178525,0.00849960348559731,0.0877762369557917,0.3408819612109,0.0998988535221684,0.149318367803176,0.294379534014555,0.0508214465548289,0.131836258835181,0.0828153771144661,0.261904768210067
"161",801,0.19786140035211,0.00780593339039526,0.0905614333669436,0.339176230207506,0.109326793362518,0.147571256850288,0.294104119178703,0.0510206057796366,0.131797948627218,0.0813572025966371,0.269539821261369
"162",806,0.198678536481053,0.00701871912217011,0.0933736869462031,0.338205776738173,0.117770942286679,0.14676221017962,0.295129187663851,0.0515430044274117,0.130090327057829,0.0801110065452467,0.277659655552087
"163",811,0.202692588599046,0.00714558142116917,0.0938398118381238,0.338306844860531,0.125029461071525,0.146318947272547,0.296372900788778,0.0509617686994853,0.129972929522003,0.079048852927997,0.283574101523605
"164",816,0.20432356903238,0.00745655062990258,0.0967127673019947,0.336665168174888,0.135143682607826,0.145437386234599,0.295428507150048,0.0518307901520688,0.130114354077074,0.078615493027784,0.29027679411363
"165",821,0.201806271864523,0.00687580793759901,0.100922877012853,0.337531131320834,0.142057761733475,0.143461879616558,0.296263242653854,0.0524365376735232,0.131321631197138,0.0773624975128373,0.297181430210545
"166",826,0.203538638550525,0.00680052697721312,0.101285522041415,0.337651010169949,0.149842452057351,0.1413946161793,0.295351312355679,0.0528516674955366,0.129954225463437,0.0756584317411396,0.302519551971127
"167",831,0.203912100784049,0.00706220127069179,0.102924306119579,0.335838499305598,0.158435847913187,0.14208887896075,0.295108662994349,0.0540963360176956,0.128515211046522,0.0752890302025544,0.307797632394252
"168",836,0.206915059037494,0.00797066790396284,0.10575716720225,0.333767376829915,0.16427729784416,0.140529210119046,0.290331035825782,0.0544637614458822,0.127806777693144,0.073187146335313,0.309587256866329
"169",841,0.208017838648751,0.00761955677430459,0.106950559086326,0.334031627829334,0.17116877165434,0.138922093968707,0.288359728473079,0.0547593007612369,0.12714463654687,0.0721128344786633,0.312346183362131
"170",846,0.211836458135208,0.00744637205104948,0.106666740739305,0.336748593901659,0.179054160301617,0.138423718816556,0.286562004611215,0.0557540787998443,0.1261327234931,0.071896913359356,0.316619664913766
"171",851,0.212116600667123,0.00826035784465617,0.107485904558684,0.335610662013047,0.183939071772291,0.134756359585977,0.285639046596507,0.0566958432841963,0.125906459046329,0.0711287751484551,0.317598520880673
"172",856,0.212234439204191,0.00759006157174824,0.108799502581779,0.333737509392959,0.190099077798686,0.133416729402527,0.28350273646872,0.0570334776515281,0.125542057936202,0.0708410867594508,0.319161339981054
"173",861,0.218043505438049,0.00770000697408213,0.108899439628623,0.33235614771441,0.194514399099547,0.134158176223952,0.282264509926414,0.0572267208586288,0.125223267839407,0.0703972520345394,0.319986886456641
"174",866,0.217440305870517,0.00756874747872194,0.108040174726234,0.332104091674614,0.197926361556371,0.131908796531435,0.281241869080719,0.0577135594688658,0.124835770950639,0.0707214759326025,0.319462995970592
"175",871,0.216170856991979,0.00837760327633641,0.108692860683267,0.331343364073717,0.202093680569868,0.131887528864407,0.281523733013108,0.0589461502621402,0.125596106929655,0.0717321156301531,0.320090860309459
"176",876,0.217836269294486,0.00956865279367436,0.107399502549019,0.333574610540752,0.204035711426553,0.131044608262978,0.280836081454846,0.0584101965826469,0.125660589931006,0.0721221113402928,0.31949945601006
"177",881,0.215123956434001,0.00969175895854313,0.105511683395305,0.334069485466226,0.204946413332847,0.131553265709131,0.280728821428878,0.0581546333390965,0.1244128332002,0.0733338552611039,0.315313144402283
"178",886,0.213024121999918,0.0106453712067116,0.10396115139286,0.333541014523182,0.206878815101578,0.131593204472533,0.281933027279561,0.0577939090767902,0.125218201892867,0.0724366191311114,0.310432473820551
"179",891,0.213181579702492,0.010469828305272,0.101700773538949,0.334328771118671,0.207234060766974,0.128648636147839,0.282827950394835,0.0578985899167314,0.125941076447506,0.0734539747344523,0.307842908708627
"180",896,0.2110189358794,0.0117638864139975,0.100081339209663,0.333387840317807,0.207575893075106,0.129096668593614,0.28105014679241,0.057829950836949,0.12353304442788,0.0740312164417225,0.305475842732063
"181",901,0.209300495761143,0.0136213091035949,0.0978510866210832,0.330924727667897,0.206786684249192,0.126719511208332,0.279531707361361,0.0556771480017385,0.122756662524059,0.0751299522249894,0.299787834864677
"182",906,0.206791850812808,0.0135110425580555,0.095831612023055,0.332747448461248,0.2032746422563,0.127030495636962,0.280445090824297,0.0551298620659267,0.122450713019374,0.0771656794466414,0.2959611786062
"183",911,0.205805986707123,0.0135316377851039,0.0935613096716874,0.330930675779462,0.201417324374284,0.126475750413139,0.278867812423003,0.0540568243173493,0.1213174895481,0.0796327252401428,0.291189275306756
"184",916,0.203211825276103,0.0122851132767706,0.0912795950571406,0.332331403983559,0.198656979977811,0.124249689754167,0.277662105568785,0.0516738524932364,0.120189698905924,0.0790471432700349,0.284463224254561
"185",921,0.200323919154828,0.0113627138281435,0.0888582332463393,0.331749537776214,0.192633582361903,0.124959703744962,0.277631198170169,0.0509854136028366,0.118565043647523,0.0804302398456536,0.279622849702013
"186",926,0.200184657815234,0.0117567233159902,0.0874967119219285,0.333286268107864,0.18753273409666,0.122604360849915,0.27647568399881,0.0495258615025909,0.115964835179019,0.0810477676287442,0.275268723389408
"187",931,0.196785263629115,0.0121553167672441,0.0839019961879501,0.331176148104356,0.18223051946715,0.119409608804353,0.274593778733539,0.0476202275769103,0.114207098244785,0.0805052007600207,0.268793419918239
"188",936,0.195870197406131,0.0116727061563049,0.0820598121697644,0.32927112764347,0.17656017905126,0.119423667588901,0.273594068706304,0.0465425126979548,0.111998066269768,0.0813164079565715,0.262278102568748
"189",941,0.194310037241809,0.0116087562553359,0.0800507745719926,0.330565621184423,0.171432983917016,0.116711493106093,0.271745967145651,0.0450575223928417,0.109722871087678,0.0800670703300633,0.255910071681838
"190",946,0.191763297727845,0.0113938015568803,0.0763820322945725,0.330312655273245,0.166125203978861,0.11587115077036,0.271390073320705,0.0437083102457008,0.10723333226836,0.0799069014349635,0.248075840853992
"191",951,0.188359610235585,0.0118367589993369,0.0739662046412961,0.32598881819794,0.159323876896037,0.11565808236879,0.268828708847696,0.0420771192334418,0.104168291059357,0.0780332896442725,0.241496997027159
"192",956,0.186617162347912,0.0130308408337106,0.0714940968871808,0.329614406842058,0.152105026387372,0.115033211566697,0.267752495631699,0.0404430689746582,0.102006857804673,0.0764231617164053,0.233827140423678
"193",961,0.18387345350751,0.0126550836542365,0.0673321136932116,0.328726785901216,0.144809703975456,0.116005760946064,0.265749609097068,0.0390651309365478,0.10001597109102,0.0761719199647896,0.224808403320426
"194",966,0.179523531313945,0.0127447863213647,0.0646486433891931,0.325982483782214,0.137622587668949,0.114550464484977,0.262694341484267,0.0374134687489682,0.0981366653548239,0.0739697900628878,0.216854619700042
"195",971,0.17673172670355,0.012931325566209,0.0618834817654874,0.325581038956863,0.128886045899254,0.112011996837428,0.261453124315791,0.0357871363773988,0.0948188390323244,0.0723274744235513,0.210374858234653
"196",976,0.171950427571202,0.0123793394922844,0.0589991995848593,0.325167386327987,0.121202975079365,0.111197380679198,0.259145169078128,0.0345783809737855,0.0914461225316303,0.072008081701459,0.2027709615538
"197",981,0.167865191830203,0.0126887007649756,0.0552883521157436,0.324512578479437,0.114745061547733,0.109014252491586,0.256465759340561,0.0335238344462717,0.0886218428037042,0.0706270453819312,0.196003618915241
"198",986,0.164681469352866,0.0128203136993896,0.0524343043498467,0.324117189646824,0.105910567412992,0.107104177332484,0.254549235234245,0.0328141993716783,0.0855600644759176,0.0695559012480929,0.19031670650289
"199",991,0.161326998064556,0.0128397060339711,0.0496239681073861,0.324674676815681,0.0973194652607795,0.106571246157451,0.251039878897206,0.0315417815250379,0.0805688253396613,0.0690129509317109,0.18438661004787
"200",996,0.155987708000149,0.0120750233311665,0.0466496830867356,0.327568852000934,0.0900953604989928,0.105537142548772,0.247386060325653,0.0299581889235753,0.0769255786541472,0.067177655588323,0.177008144430355
"201",1001,0.153142454955052,0.011003863428255,0.0436270294896138,0.324656098471269,0.0816782885039317,0.105712466684513,0.244618460615215,0.0290236599659377,0.0739887855008584,0.0656651400115608,0.172417316323263
"202",1006,0.149596746279162,0.00987725659010452,0.0403090480050994,0.326583890266931,0.0739415447000721,0.1047719719739,0.24073677350393,0.0269941452176469,0.07002168553776,0.063165507471993,0.166481037855818
"203",1011,0.145687425468039,0.00975623608503373,0.0365932952920142,0.325267339009125,0.06716955647851,0.103855879089397,0.239230849276895,0.0258038873676708,0.0666236853304212,0.0613116642284266,0.160348179681356
"204",1016,0.142133056168924,0.00862076213820617,0.0339093037449861,0.324268627116732,0.0609154415765472,0.102186722539562,0.236726600289435,0.0242155792708353,0.0638967866641701,0.0597567205913694,0.154383879320891
"205",1021,0.138844873119447,0.00761539452301652,0.0312081952031041,0.322320458361064,0.0558508294528383,0.101656585840879,0.234902490287722,0.0228723150599242,0.0606707432327572,0.0571815039319507,0.149670350506463
"206",1026,0.136028285618938,0.00742301100523191,0.0287334218707961,0.322292077210499,0.0499486858064033,0.101131161135108,0.233144699466948,0.0217934092016133,0.0578156131057571,0.0559315821888698,0.143858553923456
"207",1031,0.132538960450677,0.00707518010206964,0.0258668208374205,0.320942896990295,0.0438430159940792,0.100343346697636,0.230590049324577,0.020459930965389,0.0549305401516875,0.0543157332717265,0.139279993836875
"208",1036,0.128306039865683,0.00605394100320911,0.0241768410291011,0.319917770082749,0.0395240020840142,0.0994700168374933,0.227641647042941,0.0197424857338206,0.0524566667795999,0.053137986182904,0.136204336156808
"209",1041,0.1247838531181,0.00510752576450912,0.0217737152249684,0.318864098987962,0.0351713320363981,0.098593567505831,0.223570397862497,0.0187908026877951,0.0503506010171668,0.0522318825176522,0.131836169330887
"210",1046,0.123574580400548,0.00490032230134163,0.0193099390410921,0.31853274095561,0.0321824190431846,0.0982406053692356,0.220847226740418,0.017573013262793,0.0478986534827995,0.0515050307116017,0.130293815069224
"211",1051,0.121984227734588,0.0044189011375928,0.0179896496221852,0.317909042895964,0.0290143730395378,0.0969662438512583,0.217039682212071,0.0167606834725527,0.0450385653239056,0.0500203501997341,0.127808450708764
"212",1056,0.118970509697361,0.00387923623485609,0.0162997295002684,0.318013644818771,0.0264890808194636,0.0972181628016762,0.214015456354547,0.0161618436274298,0.0429986941206331,0.0492538741371401,0.125899822989371
"213",1061,0.11625566970926,0.00351614810871559,0.0144627956875565,0.317039394774173,0.0243408032249474,0.0982778860942716,0.212006873275442,0.0155091615006092,0.0416582661365681,0.0477117565563553,0.124878428333451
"214",1066,0.11347321444968,0.00323057723709697,0.0132564903000353,0.315059738371903,0.0230837508348654,0.0973824360311586,0.211325313977127,0.014726924267295,0.0397961530035071,0.0471312898646954,0.124921556267438
"215",1071,0.111055838315083,0.0025260645071552,0.0119040257355278,0.312422285631733,0.0218654537943539,0.0993209916753397,0.209379680497406,0.0146210011910376,0.0379332363946918,0.0474172286366742,0.124460513242421
"216",1076,0.110701536965111,0.00270028044895865,0.0112609176897092,0.312557578099215,0.0209589504100747,0.0990431902642223,0.208154419360845,0.0142000515611388,0.0367274111214163,0.0458070429033163,0.12342804369385
"217",1081,0.110641963968371,0.00256458921699709,0.00997694089109558,0.310501509651119,0.0205759718142252,0.0977849481183655,0.20712822005058,0.0135853697206808,0.0352713842239626,0.0448617681883308,0.123418615285466
"218",1086,0.112446627731855,0.00293412142265814,0.00924219431771967,0.308067787794082,0.0203432594908556,0.0975921274989446,0.206552425663571,0.0131130267449285,0.0336412574345012,0.0445895831904687,0.122585933161975
"219",1091,0.113550770226548,0.0035900551965119,0.00915613325093168,0.305292256457649,0.0208695569731123,0.0982694806882557,0.206328694986688,0.0128798030919507,0.0330154675284138,0.0440478863204157,0.123369737251791
