"","time","pv","npv","bs","ue","x","y","spatial_ref"
"1",1987-09-12 23:53:22.72029,13.5,41.65,43.5,9.95,892591.5,-3507826.5,3577
"2",1987-09-28 23:53:44.340672,18.55,38.5,41.75,9.1,892591.5,-3507826.5,3577
"3",1987-10-30 23:54:18.607685,8.5,37.95,51.9,9,892591.5,-3507826.5,3577
"4",1987-12-01 23:54:55.91276,4.85,34.95,58.8,7.2,892591.5,-3507826.5,3577
"5",1988-01-02 23:55:25.521009,7.7,44.1,46.75,9,892591.5,-3507826.5,3577
"6",1988-01-18 23:55:42.877238,10.75,31.35,56.55,8.9,892591.5,-3507826.5,3577
"7",1988-03-06 23:56:25.591304,7.6,36.4,54.4,8.4,892591.5,-3507826.5,3577
"8",1988-03-22 23:56:34.058772,3.6,43.45,51.4,7.4,892591.5,-3507826.5,3577
"9",1988-04-07 23:56:40.006228,19.75,40.95,37.95,9.05,892591.5,-3507826.5,3577
"10",1988-04-23 23:56:44.795877,23.3,40.2,35.3,10.05,892591.5,-3507826.5,3577
"11",1988-05-09 23:56:55.163082,27.2631578947368,37.7894736842105,33.5263157894737,13.9473684210526,892587.631578947,-3507828.15789474,3577
"12",1988-06-10 23:57:07.234088,29.15,46,23.45,12.25,892591.5,-3507826.5,3577
"13",1988-06-26 23:57:13.161802,26.9,47.1,24.75,11.8,892591.5,-3507826.5,3577
"14",1988-08-13 23:57:17.717574,20.65,44.05,33.65,10.5,892591.5,-3507826.5,3577
"15",1988-08-29 23:57:22.681491,14,48.8823529411765,35.8823529411765,17.8823529411765,892582.058823529,-3507830.29411765,3577
"16",1988-09-14 23:57:19.692168,13.6,42.45,42.45,10.05,892591.5,-3507826.5,3577
"17",1988-09-30 23:57:13.486828,9.2,42.85,46.45,9.45,892591.5,-3507826.5,3577
"18",1988-10-16 23:57:08.54862,7,46.8,45.05,9.05,892591.5,-3507826.5,3577
"19",1988-11-01 23:57:11.43363,4.65,45.35,48.55,9.05,892591.5,-3507826.5,3577
"20",1988-11-17 23:57:09.326385,2.4,63.2,33,8,892593,-3507789,3577
"21",1988-12-19 23:56:54.586357,2.625,38.375,57.25,7.125,892586.25,-3507787.5,3577
"22",1989-01-04 23:56:53.952833,6.9,43.9,47.65,9.4,892591.5,-3507826.5,3577
"23",1989-01-20 23:56:34.01365,5.65,47.55,45.4,9.3,892591.5,-3507826.5,3577
"24",1989-02-05 23:56:36.938097,6.25,47.75,44.5,9,892591.5,-3507826.5,3577
"25",1989-02-21 23:56:29.629429,4.85,46.95,46.9,9,892591.5,-3507826.5,3577
"26",1989-03-25 23:55:31.114367,15.6,31.6,51.4,7.3,892591.5,-3507826.5,3577
"27",1989-04-26 23:55:24.01677,28.85,41.3,28.45,9.95,892591.5,-3507826.5,3577
"28",1989-07-31 23:53:37.522523,27.05,53.85,17.95,13.25,892591.5,-3507826.5,3577
"29",1989-09-01 23:52:55.734472,18.5,48.55,31.65,10.95,892591.5,-3507826.5,3577
"30",1989-09-17 23:52:22.790893,18.85,48.05,32,10.35,892591.5,-3507826.5,3577
"31",1989-10-03 23:52:13.885339,15.7,47.65,35.1,9.95,892591.5,-3507826.5,3577
"32",1989-11-20 23:50:31.324942,7.6,52.05,38.95,9.75,892591.5,-3507826.5,3577
"33",1989-12-22 23:49:49.423823,4.55,52.45,41.45,9.15,892591.5,-3507826.5,3577
"34",1990-02-24 23:47:46.899116,5.9,53.25,39.4,9.7,892591.5,-3507826.5,3577
"35",1990-03-12 23:47:12.79225,4.85,51.3,42.65,9.85,892591.5,-3507826.5,3577
"36",1990-03-28 23:46:42.001856,5.1,52.1,41.4,9.9,892591.5,-3507826.5,3577
"37",1990-04-13 23:46:47.647041,5.75,54.55,38.25,9.7,892591.5,-3507826.5,3577
"38",1990-04-29 23:46:40.446496,14.65,49.9,34.2,10.8,892591.5,-3507826.5,3577
"39",1990-07-02 23:46:43.811294,26.1,52.9,20,17.05,892591.5,-3507826.5,3577
"40",1990-07-18 23:46:38.912311,19.15,57.05,22.8,15.4,892591.5,-3507826.5,3577
"41",1990-08-03 23:46:35.010162,13.8,50.05,34.85,15.95,892591.5,-3507826.5,3577
"42",1990-08-19 23:46:31.894776,17.55,51.9,29.25,11.2,892591.5,-3507826.5,3577
"43",1990-09-20 23:46:21.718488,16.35,50.15,31.95,10.25,892591.5,-3507826.5,3577
"44",1990-10-06 23:46:09.297391,3.9375,39.75,54.6875,17,892588.125,-3507828.75,3577
"45",1990-10-22 23:46:07.079554,7.9,51.1,39.75,9.8,892591.5,-3507826.5,3577
"46",1990-11-07 23:46:04.194458,3.9,51.9,42.9,10.05,892591.5,-3507826.5,3577
"47",1990-11-23 23:45:56.872876,3.75,51.4,43.5,9.05,892591.5,-3507826.5,3577
"48",1990-12-25 23:46:13.866494,2.8,52.6,43,9,892591.5,-3507826.5,3577
"49",1991-01-10 23:46:40.837876,4.45,51.7,42.5,9.05,892591.5,-3507826.5,3577
"50",1991-01-26 23:47:07.367689,7.6,47.15,43.7,9,892591.5,-3507826.5,3577
"51",1991-02-27 23:47:37.184213,5.65,46.8,45.95,8,892591.5,-3507826.5,3577
"52",1991-03-15 23:47:56.554754,3.8,48.45,46.4,8.55,892591.5,-3507826.5,3577
"53",1991-03-31 23:48:12.613084,4.4,51.95,42.05,8.95,892591.5,-3507826.5,3577
"54",1991-04-16 23:48:31.602365,5.6,49.1,43.7,9,892591.5,-3507826.5,3577
"55",1991-05-02 23:48:49.078329,3.75,50.75,44.15,8.9,892591.5,-3507826.5,3577
"56",1991-06-03 23:49:20.334793,16.6,58.75,23.2,13.65,892591.5,-3507826.5,3577
"57",1991-07-05 23:49:47.677668,29.55,49.15,20.05,13,892591.5,-3507826.5,3577
"58",1991-07-21 23:50:00.040839,31.25,56.3,11.35,14.8,892591.5,-3507826.5,3577
"59",1991-08-06 23:50:05.812219,24.35,46.25,28.15,10.9,892591.5,-3507826.5,3577
"60",1991-08-22 23:50:10.046606,17.35,42.05,39.2,10.05,892591.5,-3507826.5,3577
"61",1991-09-07 23:50:24.813644,13.45,44.5,40.7,8,892591.5,-3507826.5,3577
"62",1991-09-23 23:50:31.746649,6.94444444444444,42.1666666666667,50.2222222222222,12.7222222222222,892596.666666667,-3507828.33333333,3577
"63",1991-10-09 23:50:38.586559,6.35,47.4,44.6,8.9,892591.5,-3507826.5,3577
"64",1991-10-25 23:50:42.860981,4.2,47.4,46.75,8.2,892591.5,-3507826.5,3577
"65",1991-12-28 23:50:54.18092,3.4,44.6,50.65,8.1,892591.5,-3507826.5,3577
"66",1992-01-13 23:50:50.190173,1.7,43.75,53.2,7.05,892591.5,-3507826.5,3577
"67",1992-02-14 23:50:42.124121,5.25,42.75,50.65,8.85,892591.5,-3507826.5,3577
"68",1992-03-01 23:50:45.50856,5.2,43.9,49.35,8.05,892591.5,-3507826.5,3577
"69",1992-03-17 23:50:46.592686,3.15,43.6,51.6,8.05,892591.5,-3507826.5,3577
"70",1992-04-02 23:50:38.266471,3.1,48.9,46.6,8.05,892591.5,-3507826.5,3577
"71",1992-05-04 23:50:21.485199,4.1,45.45,48.95,8.65,892591.5,-3507826.5,3577
"72",1992-05-20 23:50:12.035011,6.5,47.65,44.45,8.7,892591.5,-3507826.5,3577
"73",1992-06-05 23:50:04.680506,3.05,38.7,57.2,9.5,892591.5,-3507826.5,3577
"74",1992-06-21 23:49:51.591323,8.1,52.3,38.05,10.85,892591.5,-3507826.5,3577
"75",1992-07-23 23:49:27.57636,7.1,42.05,49.2,8.9,892591.5,-3507826.5,3577
"76",1992-08-08 23:49:15.435169,5.65,35.7,57.4,7.05,892591.5,-3507826.5,3577
"77",1992-08-24 23:48:59.152268,7.45,38.6,52.45,8.65,892591.5,-3507826.5,3577
"78",1992-09-09 23:48:46.112812,4.05,32.7,61.7,6.35,892591.5,-3507826.5,3577
"79",1992-09-25 23:48:27.700094,10.25,46.85,41.5,10.55,892591.5,-3507826.5,3577
"80",1992-10-11 23:48:06.050644,12.65,36.7,49.25,9,892591.5,-3507826.5,3577
"81",1992-11-28 23:47:40.571373,7.8,34.45,56.1,8.6,892591.5,-3507826.5,3577
"82",1992-12-30 23:48:00.884879,15.15,28.85,54.45,8.15,892591.5,-3507826.5,3577
"83",1993-01-31 23:48:24.86057,12,31.85,54.65,7.65,892591.5,-3507826.5,3577
"84",1993-02-16 23:48:32.659523,12.85,32.65,53,7.65,892591.5,-3507826.5,3577
"85",1993-03-04 23:48:40.893877,13.2,28.75,56.4,7.75,892591.5,-3507826.5,3577
"86",1993-04-05 23:48:49.151991,12.55,30.85,55.25,8,892591.5,-3507826.5,3577
"87",1993-04-21 23:48:58.324249,9.9,31.55,56.85,7.95,892591.5,-3507826.5,3577
"88",1993-05-07 23:49:02.36529,12.4,35.2,51.1,7.85,892591.5,-3507826.5,3577
"89",1993-06-08 23:49:08.003477,9.8,36.15,52.5,7.55,892591.5,-3507826.5,3577
"90",1993-07-10 23:48:58.926582,13.75,52.75,32.15,11.1,892591.5,-3507826.5,3577
"91",1993-07-26 23:48:57.372498,16.6,36.75,45.15,9.15,892591.5,-3507826.5,3577
"92",1993-08-27 23:48:56.852704,15.35,32.75,50.65,8,892591.5,-3507826.5,3577
"93",1993-10-14 23:48:47.090489,19.4,35.8,43.5,7.9,892591.5,-3507826.5,3577
"94",1993-10-30 23:48:40.434903,14.5,34.1,50.05,7.9,892591.5,-3507826.5,3577
"95",1993-11-15 23:48:30.509155,10.2,37.65,50.7,8.05,892591.5,-3507826.5,3577
"96",1993-12-01 23:48:27.812276,8.1,33.55,57.1,5.95,892591.5,-3507826.5,3577
"97",1993-12-17 23:48:21.185344,12.15,27,59.35,8.6,892591.5,-3507826.5,3577
"98",1994-01-18 23:47:54.080501,12.85,39.3,46.3,8.6,892591.5,-3507826.5,3577
"99",1994-02-19 23:47:32.764542,16.9,35.15,46.45,8.7,892591.5,-3507826.5,3577
"100",1994-03-07 23:47:17.492657,17.65,34,47,8.75,892591.5,-3507826.5,3577
"101",1994-03-23 23:47:03.443015,14.25,36.5,47.75,8.5,892591.5,-3507826.5,3577
"102",1994-04-08 23:46:45.884203,12.35,35.15,51.1,8.15,892591.5,-3507826.5,3577
"103",1994-04-24 23:46:28.993718,10.5,38.25,49.7,8.6,892591.5,-3507826.5,3577
"104",1994-06-11 23:45:34.942161,12.95,47.55,38,10.25,892591.5,-3507826.5,3577
"105",1994-06-27 23:45:11.898619,4,42,52.6666666666667,16.6666666666667,892555,-3507835,3577
"106",1994-07-13 23:44:45.549565,10,40.4,48,9.05,892591.5,-3507826.5,3577
"107",1994-07-29 23:44:18.305563,8.8,53.85,35.9,12.7,892591.5,-3507826.5,3577
"108",1994-08-30 23:43:31.830691,5.55,38.35,54.6,8.15,892591.5,-3507826.5,3577
"109",1994-09-15 23:43:07.090881,0.8,42.9,55,5.55,892591.5,-3507826.5,3577
"110",1994-10-01 23:42:39.819204,4.15,41.2,53.05,8,892591.5,-3507826.5,3577
"111",1994-10-17 23:42:09.229941,3.25,41.05,54.2,7.95,892591.5,-3507826.5,3577
"112",1994-11-18 23:41:01.948727,5.25,36.15,56.95,8.05,892591.5,-3507826.5,3577
"113",1994-12-04 23:40:33.005688,4.75,31.65,62.1,8.15,892591.5,-3507826.5,3577
"114",1995-01-05 23:39:30.527452,5.55,35.9,56.95,7.7,892591.5,-3507826.5,3577
"115",1995-01-21 23:38:54.921246,4.6,36.4,57.4,8.35,892591.5,-3507826.5,3577
"116",1995-02-06 23:38:16.243082,4,36.4,58.15,8.25,892591.5,-3507826.5,3577
"117",1995-02-22 23:37:37.276747,3.95,36.1,58.55,7.9,892591.5,-3507826.5,3577
"118",1995-03-10 23:36:59.057799,4.35,36.9,57.1,8.15,892591.5,-3507826.5,3577
"119",1995-03-26 23:36:19.460908,4.65,37.05,56.7,8.2,892591.5,-3507826.5,3577
"120",1995-04-27 23:34:59.24647,2.85,38.3,57.25,8.7,892591.5,-3507826.5,3577
"121",1995-05-13 23:34:15.739642,8.05,44.75,45.75,15.35,892591.5,-3507826.5,3577
"122",1995-07-16 23:31:19.861916,13.25,24.45,60.7,20,892591.5,-3507826.5,3577
"123",1995-08-01 23:30:37.274602,20.95,37.05,40.5,9.65,892591.5,-3507826.5,3577
"124",1995-08-17 23:29:53.791297,15.75,36.2,46.45,9.3,892591.5,-3507826.5,3577
"125",1995-09-02 23:29:08.388741,7.8,35.4,55.2,9,892591.5,-3507826.5,3577
"126",1995-09-18 23:28:20.808707,10.15,39,49.3,8.9,892591.5,-3507826.5,3577
"127",1995-11-21 23:26:14.58915,13.45,43.15,42.1,9.7,892591.5,-3507826.5,3577
"128",1995-12-07 23:27:04.940154,9.2,36.65,52.85,8.8,892591.5,-3507826.5,3577
"129",1995-12-23 23:28:16.46365,8.4,33.1,56.95,8.6,892591.5,-3507826.5,3577
"130",1996-01-08 23:29:25.02695,10.95,34.7,52.7,8.7,892591.5,-3507826.5,3577
"131",1996-02-25 23:32:44.315092,8,38.25,52.2,8.85,892591.5,-3507826.5,3577
"132",1996-03-12 23:33:47.340189,7.15,36.95,54.25,8.25,892591.5,-3507826.5,3577
"133",1996-04-29 23:36:46.431478,10.5,36.3,51.7,8.5,892591.5,-3507826.5,3577
"134",1996-05-15 23:37:42.723979,12.2,39.4,46.95,9.15,892591.5,-3507826.5,3577
"135",1996-07-02 23:40:19.401934,9,41.5,48.05,11.7,892591.5,-3507826.5,3577
"136",1996-07-18 23:41:09.816782,10.95,53.8,33.85,8.6,892591.5,-3507826.5,3577
"137",1996-08-03 23:42:00.818698,14.3,41,43.1,10.4,892591.5,-3507826.5,3577
"138",1996-08-19 23:42:50.686311,15.35,38.7,44.5,9.9,892591.5,-3507826.5,3577
"139",1996-09-04 23:43:44.422074,16.3,34.05,48.2,9.65,892591.5,-3507826.5,3577
"140",1996-09-20 23:44:37.063634,14.4,36.4,47.65,9.15,892591.5,-3507826.5,3577
"141",1996-10-06 23:45:27.812664,14.2,37.25,47.1,9.15,892591.5,-3507826.5,3577
"142",1996-10-22 23:46:16.187439,11.05,35.6,52,8.8,892591.5,-3507826.5,3577
"143",1996-11-23 23:47:46.525259,6.35,37.5,54.55,8.6,892591.5,-3507826.5,3577
"144",1996-12-09 23:48:33.12784,6.6,38.05,53.75,8.7,892591.5,-3507826.5,3577
"145",1996-12-25 23:49:18.850521,7.65,37.45,53.35,8.2,892591.5,-3507826.5,3577
"146",1997-02-11 23:51:29.798666,13.7,45.2,39.7,10.05,892591.5,-3507826.5,3577
"147",1997-02-27 23:52:09.478046,9.15,33.85,55.4,8.8,892591.5,-3507826.5,3577
"148",1997-04-16 23:53:56.909119,5.6,41.1,51.85,8.95,892591.5,-3507826.5,3577
"149",1997-06-19 23:56:09.724875,12.4,43.5,42.75,10.2,892591.5,-3507826.5,3577
"150",1997-07-05 23:56:43.739268,8.45,43.35,46.85,10.05,892591.5,-3507826.5,3577
"151",1997-07-21 23:57:16.818052,5.4,39.3,53.65,10.25,892591.5,-3507826.5,3577
"152",1997-08-06 23:57:48.504298,9.25,53.25,36.2,13.4,892591.5,-3507826.5,3577
"153",1997-08-22 23:58:18.8278,5.5,36.5,56.15,9.15,892591.5,-3507826.5,3577
"154",1997-09-07 23:58:47.213789,7.5,38.05,53.1,8.95,892591.5,-3507826.5,3577
"155",1997-09-23 23:59:14.220742,11.3,36.75,50.35,9.6,892591.5,-3507826.5,3577
"156",1997-10-25 00:00:07.211929,8.45,30.65,59.55,8,892591.5,-3507826.5,3577
"157",1997-12-29 00:01:40.618212,6.9,33.25,58.3,8.25,892591.5,-3507826.5,3577
"158",1998-03-03 00:02:58.083683,6.25,36.6,55.5,8.45,892591.5,-3507826.5,3577
"159",1998-03-19 00:03:14.102088,6.2,35.5,56.6,8.55,892591.5,-3507826.5,3577
"160",1998-04-04 00:03:25.676897,5.35,36.9,56.4,8.4,892591.5,-3507826.5,3577
"161",1998-05-06 00:03:52.553621,5,39.5,53.8,8.9,892591.5,-3507826.5,3577
"162",1998-05-22 00:04:06.986177,4.45,42.95,51.1,8.6,892591.5,-3507826.5,3577
"163",1998-06-07 00:04:22.157259,5.35,41.35,51.85,8.75,892591.5,-3507826.5,3577
"164",1998-06-23 00:04:31.313176,8.05,45.65,44.9,9.4,892591.5,-3507826.5,3577
"165",1998-07-09 00:04:45.91738,5.5,41.7,51.3,9.55,892591.5,-3507826.5,3577
"166",1998-08-10 00:05:00.113552,11.2,42,45.35,10.1,892591.5,-3507826.5,3577
"167",1998-09-27 00:05:24.395804,11.5,36.85,50.2,9.5,892591.5,-3507826.5,3577
"168",1998-10-13 00:05:23.920711,7.3,36.95,54.4,8.95,892591.5,-3507826.5,3577
"169",1998-11-14 00:05:36.289444,4.25,39.1,55,9.45,892591.5,-3507826.5,3577
"170",1998-11-30 00:05:34.924921,5.3,36.3,56.9,8.5,892591.5,-3507826.5,3577
"171",1998-12-16 00:05:32.162557,5.2,36.55,56.5,8.5,892591.5,-3507826.5,3577
"172",1999-01-17 00:05:33.738928,5.8,35.95,56.65,8.1,892591.5,-3507826.5,3577
"173",1999-02-02 00:05:40.005607,4.7,41.15,52.55,9.05,892591.5,-3507826.5,3577
"174",1999-02-18 00:05:50.242107,3.6,38.6,56.35,8.6,892591.5,-3507826.5,3577
"175",1999-03-22 00:05:29.739401,2.4,43.2,53.1,7.95,892591.5,-3507826.5,3577
"176",1999-05-09 00:05:11.349272,3.1,38.95,56.35,8.25,892591.5,-3507826.5,3577
"177",1999-05-25 00:04:47.585694,3.8,40.65,54,8.75,892591.5,-3507826.5,3577
"178",1999-06-10 00:04:33.032079,2.85,40.6,54.9,9,892591.5,-3507826.5,3577
"179",1999-07-04 00:19:19.176634,4.65,42.15,51.8,10.2,892591.5,-3507826.5,3577
"180",1999-07-20 00:19:22.212046,0,17.8,81.1,24.9,892608,-3507828,3577
"181",1999-07-28 00:04:17.86022,5.55,37.55,55.3,9.1,892591.5,-3507826.5,3577
"182",1999-08-05 00:19:29.432728,7.15,37.85,53.35,9.3,892591.5,-3507826.5,3577
"183",1999-08-29 00:03:53.337153,3.65,38.7,56.2,9,892591.5,-3507826.5,3577
"184",1999-09-06 00:19:30.382426,5.4,34.45,58.3,8.15,892591.5,-3507826.5,3577
"185",1999-09-14 00:03:20.918268,3.5,35,59.9,8.75,892591.5,-3507826.5,3577
"186",1999-09-22 00:19:30.389573,3,27.5,68.25,8,892591.5,-3507826.5,3577
"187",1999-09-30 00:03:05.845648,1.05,58.05,39.8,15.6,892591.5,-3507826.5,3577
"188",1999-10-08 00:19:37.174797,6.2,36.7,55.45,8.9,892591.5,-3507826.5,3577
"189",1999-10-24 00:19:26.200546,11.05,33.15,54.2,8.65,892591.5,-3507826.5,3577
"190",1999-11-01 00:02:48.440672,7.6,35.05,55.9,8.8,892591.5,-3507826.5,3577
"191",1999-11-09 00:19:29.942179,10.95,34.75,52.55,9,892591.5,-3507826.5,3577
"192",1999-12-19 00:01:41.680653,6.55,36.7,55.2,8.55,892591.5,-3507826.5,3577
"193",1999-12-27 00:19:23.507014,3.3,40.25,55,7.4,892591.5,-3507826.5,3577
"194",2000-01-12 00:19:25.036663,5.85,36.6,55.9,8.65,892591.5,-3507826.5,3577
"195",2000-01-28 00:19:23.119995,5.65,36,56.85,8.65,892591.5,-3507826.5,3577
"196",2000-02-13 00:19:18.730363,7.1,36.45,54.9,8.75,892591.5,-3507826.5,3577
"197",2000-02-29 00:19:13.317657,13.7,33.95,51.15,8.55,892591.5,-3507826.5,3577
"198",2000-04-17 00:18:51.920321,21.2,45.25,32.2,12.9,892591.5,-3507826.5,3577
"199",2000-05-19 00:18:39.237023,23.55,34.35,40.65,9.75,892591.5,-3507826.5,3577
"200",2000-06-20 00:18:23.989295,22.8,46.8,28.9,13.45,892591.5,-3507826.5,3577
"201",2000-07-06 00:18:10.308921,20.2,40.3,38,9.95,892591.5,-3507826.5,3577
"202",2000-10-10 00:16:56.205228,9.8,37.6,51.15,9.05,892591.5,-3507826.5,3577
"203",2000-10-26 00:16:52.105232,6.4,57.4,34.8,8.9,892591.5,-3507826.5,3577
"204",2000-11-11 00:16:54.678143,9,65,25.3333333333333,22.6666666666667,892565,-3507825,3577
"205",2000-11-27 00:16:56.675116,9.5,36.35,52.65,9.1,892591.5,-3507826.5,3577
"206",2000-12-29 00:17:01.220154,8.5,36.7,53.15,8.9,892591.5,-3507826.5,3577
"207",2001-01-14 00:17:03.581726,6.1,40.55,51.75,8.95,892591.5,-3507826.5,3577
"208",2001-02-15 00:17:00.422618,7.35,36.05,54.9,8.3,892591.5,-3507826.5,3577
"209",2001-03-03 00:16:54.798697,7.65,37.05,53.8,8.95,892591.5,-3507826.5,3577
"210",2001-03-19 00:16:48.299939,7.85,39.15,51.35,9.15,892591.5,-3507826.5,3577
"211",2001-04-04 00:16:37.43507,4.3,42.15,52.1,9.1,892591.5,-3507826.5,3577
"212",2001-04-20 00:16:41.407423,4.65,41.25,52.55,8.85,892591.5,-3507826.5,3577
"213",2001-05-06 00:16:37.439343,5.55,43.35,49.85,9.35,892591.5,-3507826.5,3577
"214",2001-05-22 00:16:25.521742,5.5,44,49.1,9.7,892591.5,-3507826.5,3577
"215",2001-06-23 00:16:00.569487,5.15,40.25,53,10.1,892591.5,-3507826.5,3577
"216",2001-07-09 00:15:57.009624,2.25,22.45,74.05,4.8,892591.5,-3507826.5,3577
"217",2001-07-25 00:15:49.980571,13.05,39.75,45.6,10.45,892591.5,-3507826.5,3577
"218",2001-08-26 00:15:20.668523,12.2,43.35,43,10.85,892591.5,-3507826.5,3577
"219",2001-09-27 00:15:00.621963,9.6,28.7,60,12.65,892591.5,-3507826.5,3577
"220",2001-10-29 00:14:52.43534,13.1,34.7,50.55,9.55,892591.5,-3507826.5,3577
"221",2001-11-30 00:15:07.514626,7.15,38.85,52.5,8.9,892591.5,-3507826.5,3577
"222",2001-12-16 00:15:14.539632,6.3,38.75,53.5,8.95,892591.5,-3507826.5,3577
"223",2002-01-17 00:15:21.952616,7,36.9,54.35,8.7,892591.5,-3507826.5,3577
"224",2002-02-02 00:15:24.522029,7.2,37.05,54.25,8.85,892591.5,-3507826.5,3577
"225",2002-02-18 00:15:25.818116,7.1,37.6,53.9,8.7,892591.5,-3507826.5,3577
"226",2002-03-06 00:15:29.88374,7.75,35.25,55.6,8.7,892591.5,-3507826.5,3577
"227",2002-03-22 00:15:22.0892,6.6,37.1,54.65,8.7,892591.5,-3507826.5,3577
"228",2002-04-07 00:15:22.978263,3.05,37.65,57.7,11.95,892591.5,-3507826.5,3577
"229",2002-04-23 00:15:20.565156,7.75,40.25,50.55,9.2,892591.5,-3507826.5,3577
"230",2002-05-25 00:15:14.915714,6.5,43.45,48.4,9.85,892591.5,-3507826.5,3577
"231",2002-06-26 00:15:00.437015,6.5,41.5,50.6,9.6,892591.5,-3507826.5,3577
"232",2002-07-12 00:14:58.198006,9.5,38.25,50.9,9.4,892591.5,-3507826.5,3577
"233",2002-08-29 00:14:33.374829,6.1,35.8,56.5,8.85,892591.5,-3507826.5,3577
"234",2002-09-30 00:14:18.692173,4.5,35.8,58.05,8.9,892591.5,-3507826.5,3577
"235",2002-10-16 00:14:18.106944,3.5,34.65,60.5,8.75,892591.5,-3507826.5,3577
"236",2002-11-01 00:14:23.640638,2.4,35.3,60.75,8.2,892591.5,-3507826.5,3577
"237",2002-11-17 00:14:35.172693,2.6,37.6,58.1333333333333,10.3333333333333,892595,-3507827,3577
"238",2002-12-03 00:14:50.151984,1.2,39.95,57.35,8.8,892591.5,-3507826.5,3577
"239",2003-01-04 00:14:54.631775,3.55,35.4,59.35,8.65,892591.5,-3507826.5,3577
"240",2003-01-20 00:15:03.428377,4.5,34.1,59.85,8.1,892591.5,-3507826.5,3577
"241",2003-02-05 00:15:11.617454,0,30.55,68.35,4.45,892591.5,-3507826.5,3577
"242",2003-03-09 00:15:19.591559,7.95,32.7,57.7,8.6,892591.5,-3507826.5,3577
"243",2003-03-25 00:15:12.624133,6.65,34.2,57.55,8.65,892591.5,-3507826.5,3577
"244",2003-04-10 00:15:20.40089,0.307692307692308,43.6923076923077,54.9230769230769,12.1538461538462,892600.384615385,-3507829.61538462,3577
"245",2003-04-26 00:15:19.657565,3.95,37.9,56.55,8.9,892591.5,-3507826.5,3577
"246",2003-05-28 00:15:16.819136,13.05,42.55,42.95,10.25,892591.5,-3507826.5,3577
"247",2003-07-31 00:15:01.694118,19.3333333333333,39.3333333333333,39.6666666666667,10.5,892580,-3507875,3577
"248",2003-08-08 00:03:25.08788,14.75,34,49.5,9.75,892591.5,-3507826.5,3577
"249",2003-08-16 00:14:59.20482,18.7,42.85,36.9,12.05,892591.5,-3507826.5,3577
"250",2003-09-01 00:14:55.149795,20.8,36.5,41.15,9.65,892591.5,-3507826.5,3577
"251",2003-09-09 00:03:58.606685,18.75,33,46.7,9.5,892591.5,-3507826.5,3577
"252",2003-09-25 00:04:12.917243,11.85,39.65,47.3,9.05,892591.5,-3507826.5,3577
"253",2003-10-03 00:14:45.034522,9,42,48,8,892545,-3507855,3577
"254",2003-10-11 00:04:25.253641,11.55,39.65,47.45,8.85,892591.5,-3507826.5,3577
"255",2003-10-27 00:04:37.414177,8.7,42.75,47.1,8.65,892591.5,-3507826.5,3577
"256",2003-11-04 00:14:58.431677,9.1,35.65,53.8,8.65,892591.5,-3507826.5,3577
"257",2003-11-12 00:04:46.599054,4.8,45,48.85,8.45,892591.5,-3507826.5,3577
"258",2003-11-28 00:05:04.261917,4.25,43.25,50.9,8.65,892591.5,-3507826.5,3577
"259",2003-12-06 00:15:16.59726,12,35.15,51.4,9.5,892591.5,-3507826.5,3577
"260",2003-12-14 00:05:08.109972,7.85,41.5,48.95,8.7,892591.5,-3507826.5,3577
"261",2003-12-22 00:15:25.670343,8.75,36.85,52.75,9.15,892591.5,-3507826.5,3577
"262",2003-12-30 00:05:18.814184,4.7,46.35,47.7,7.55,892591.5,-3507826.5,3577
"263",2004-01-07 00:15:29.976615,7.91666666666667,37.75,52.9166666666667,8.16666666666667,892580,-3507850,3577
"264",2004-01-15 00:05:20.584659,5.1,40.5,52.85,8.6,892591.5,-3507826.5,3577
"265",2004-01-23 00:15:36.350066,7.21428571428571,37.9285714285714,53.4285714285714,8.57142857142857,892596.428571429,-3507805.71428571,3577
"266",2004-01-31 00:05:25.978281,5.4,42.15,51.15,8.55,892591.5,-3507826.5,3577
"267",2004-02-08 00:15:41.312568,6.35,38.8,53.35,8.7,892591.5,-3507826.5,3577
"268",2004-02-16 00:05:30.474638,5.05,42.5,51,8.75,892591.5,-3507826.5,3577
"269",2004-02-24 00:15:40.173323,7.1,40.15,51.4,8.6,892591.5,-3507826.5,3577
"270",2004-03-03 00:05:35.443864,5.2,35.7,57.55,8.65,892591.5,-3507826.5,3577
"271",2004-03-11 00:15:48.573956,5.1,39.25,53.95,8.7,892591.5,-3507826.5,3577
"272",2004-03-19 00:05:41.554247,5.05,33.5,59.8,8.6,892591.5,-3507826.5,3577
"273",2004-03-27 00:15:51.630821,4.6,36.8,57.2,8.5,892599,-3507792,3577
"274",2004-04-04 00:05:54.151073,4,39.75,54.65,8.65,892591.5,-3507826.5,3577
"275",2004-04-20 00:06:24.255231,3.95,40.5,53.95,8.65,892591.5,-3507826.5,3577
"276",2004-04-28 00:15:43.899034,2.05555555555556,50.9444444444444,45.8333333333333,6,892590,-3507831.66666667,3577
"277",2004-05-14 00:15:46.27962,64.8,38.85,0,7.4,892591.5,-3507826.5,3577
"278",2004-05-30 00:15:43.490671,8,37.6666666666667,53,9.25,892602.5,-3507802.5,3577
"279",2004-07-09 00:08:43.736454,0.3,30.25,68.35,23.5,892591.5,-3507826.5,3577
"280",2004-07-17 00:15:32.530625,9.15,40.45,49.1,9.35,892591.5,-3507826.5,3577
"281",2004-08-02 00:15:23.938031,3.85,19.75,75.1,6,892591.5,-3507826.5,3577
"282",2004-08-18 00:15:22.679007,1.375,21.25,76.25,7.125,892560,-3507806.25,3577
"283",2004-09-03 00:15:18.367991,2.73333333333333,37.2,58.3333333333333,13.5333333333333,892587,-3507843,3577
"284",2004-09-11 00:10:18.478655,5.55,37.65,55.5,9.65,892591.5,-3507826.5,3577
"285",2004-09-19 00:15:12.221515,10.8,34.3,53.3,9.1,892599,-3507792,3577
"286",2004-09-27 00:10:41.350006,5,40,54,7,892545,-3507765,3577
"287",2004-10-05 00:15:08.023027,13.95,37.15,47.45,9.65,892591.5,-3507826.5,3577
"288",2004-10-21 00:15:17.174623,13.5,29.6,55.25,7.7,892591.5,-3507826.5,3577
"289",2004-10-29 00:11:21.786552,9.4,33.7,55.45,8.7,892591.5,-3507826.5,3577
"290",2004-11-14 00:11:36.818689,8.1,34.7,55.7,9,892591.5,-3507826.5,3577
"291",2004-11-22 00:15:35.647686,9,33.9,55.55,8.9,892591.5,-3507826.5,3577
"292",2004-12-16 00:12:16.766717,3.9,33.6,60.8,8.75,892591.5,-3507826.5,3577
"293",2004-12-24 00:15:52.127061,3.2,36.75,58.65,8.05,892591.5,-3507826.5,3577
"294",2005-01-09 00:15:58.104572,6.35,36.35,55.65,8.8,892591.5,-3507826.5,3577
"295",2005-01-17 00:12:43.184929,3.35,41,54.25,9.1,892591.5,-3507826.5,3577
"296",2005-01-25 00:15:58.138596,5.75,38.15,54.5,8.8,892591.5,-3507826.5,3577
"297",2005-02-10 00:16:08.455697,4,40,54.5,8,892560,-3507885,3577
"298",2005-02-18 00:13:11.884117,1.9,38.6,58.05,7.8,892591.5,-3507826.5,3577
"299",2005-02-26 00:16:14.692727,4.7,36.9,56.75,8.65,892591.5,-3507826.5,3577
"300",2005-03-06 00:13:25.867827,2.9,42.45,53.2,8.65,892591.5,-3507826.5,3577
"301",2005-03-14 00:16:17.030256,5.7,35,57.5,8.55,892591.5,-3507826.5,3577
"302",2005-03-22 00:13:35.454156,3.2,42.6,52.85,8.75,892591.5,-3507826.5,3577
"303",2005-03-30 00:16:14.836744,4.66666666666667,38.6666666666667,55.3333333333333,9,892555,-3507875,3577
"304",2005-04-15 00:16:08.724189,4.4,41.8,52.45,9,892591.5,-3507826.5,3577
"305",2005-04-23 00:13:43.675092,4.05,42.25,52.3,8.75,892591.5,-3507826.5,3577
"306",2005-05-01 00:16:10.013636,6.75,37.7,54.15,8.75,892591.5,-3507826.5,3577
"307",2005-05-09 00:13:50.037797,4.25,44.8,49.4,8.7,892591.5,-3507826.5,3577
"308",2005-05-17 00:16:11.679148,4.5,43.2,50.75,9.2,892591.5,-3507826.5,3577
"309",2005-06-26 00:14:10.991542,11.25,42.05,45.55,8,892591.5,-3507826.5,3577
"310",2005-07-04 00:15:59.455744,1.4,22,75.8,3.4,892605,-3507777,3577
"311",2005-07-20 00:16:00.151541,16.45,43.9,38.15,11.65,892591.5,-3507826.5,3577
"312",2005-07-28 00:14:27.851028,15.55,38.55,44.45,10.2,892591.5,-3507826.5,3577
"313",2005-08-05 00:15:57.798751,17.7,41.95,38.65,10.85,892591.5,-3507826.5,3577
"314",2005-08-13 00:14:35.652579,17.9,35.95,44.6,10.1,892591.5,-3507826.5,3577
"315",2005-08-21 00:15:52.37674,19.5,43.2,35.85,11.15,892591.5,-3507826.5,3577
"316",2005-08-29 00:14:40.990166,18.05,33.05,47.35,9.8,892591.5,-3507826.5,3577
"317",2005-09-06 00:15:43.671518,19.15,43.3,36.15,12,892591.5,-3507826.5,3577
"318",2005-09-14 00:14:42.964688,19.55,36.2,42.9,10,892591.5,-3507826.5,3577
"319",2005-09-22 00:15:39.077323,12.25,36.9166666666667,49.5,18.5833333333333,892575,-3507825,3577
"320",2005-09-30 00:14:40.870441,15.5,34,49.1,9.65,892591.5,-3507826.5,3577
"321",2005-10-16 00:14:37.548244,9.7,35.9,53,9.05,892591.5,-3507826.5,3577
"322",2005-10-24 00:15:49.541764,10.6,37.95,49.9,9.4,892591.5,-3507826.5,3577
"323",2005-11-01 00:14:38.460425,8.3,38.75,51.65,9.55,892591.5,-3507826.5,3577
"324",2005-11-09 00:16:00.658423,8.15,39.4,51,9.8,892591.5,-3507826.5,3577
"325",2005-11-17 00:15:00.666334,8.46153846153846,35.4615384615385,54.3846153846154,9,892586.538461538,-3507820.38461538,3577
"326",2005-11-25 00:16:08.154406,7.65,39.15,51.75,9.3,892591.5,-3507826.5,3577
"327",2005-12-11 00:16:11.714723,6.5,40,51.9285714285714,8.92857142857143,892596.428571429,-3507805.71428571,3577
"328",2006-01-12 00:16:26.066386,4.63636363636364,44.1818181818182,49.4545454545455,8.90909090909091,892580.454545455,-3507855,3577
"329",2006-01-20 00:16:29.755426,3.4,49.5,45.6,9.05,892591.5,-3507826.5,3577
"330",2006-01-28 00:16:33.318603,7.75,39.35,51.25,9,892591.5,-3507826.5,3577
"331",2006-02-05 00:16:53.267114,4.45,45.4,48.7,7.8,892591.5,-3507826.5,3577
"332",2006-02-13 00:16:38.003248,5.5,39.2,53.8,8.7,892599,-3507792,3577
"333",2006-02-21 00:17:14.13361,5.05,42.45,50.9,8.65,892591.5,-3507826.5,3577
"334",2006-03-01 00:16:40.442665,6.6,39.85,52.05,9.55,892591.5,-3507826.5,3577
"335",2006-03-09 00:17:34.120044,3.5,41.8,53.2,9,892591.5,-3507826.5,3577
"336",2006-03-17 00:16:40.733992,5.3,41.3,51.75,9.5,892591.5,-3507826.5,3577
"337",2006-04-10 00:18:10.536512,3.8,41.05,53.45,9.15,892591.5,-3507826.5,3577
"338",2006-04-18 00:16:34.331778,6.35,43.7,48.5,10.05,892591.5,-3507826.5,3577
"339",2006-04-26 00:18:26.275444,5.2,41.2,52.15,9.4,892591.5,-3507826.5,3577
"340",2006-05-04 00:16:38.053813,6.8,42.55,49.15,9.8,892591.5,-3507826.5,3577
"341",2006-05-12 00:18:39.600012,4.85,41.85,51.9,9.6,892591.5,-3507826.5,3577
"342",2006-05-20 00:16:38.995431,6.6,43.75,48.2,9.7,892591.5,-3507826.5,3577
"343",2006-05-28 00:18:51.992791,3.8,47.6,47.05,9.65,892591.5,-3507826.5,3577
"344",2006-06-05 00:16:37.199059,6.4,43.7,48.45,10.1,892591.5,-3507826.5,3577
"345",2006-06-13 00:19:07.615277,5.75,48.8,44.25,10.45,892591.5,-3507826.5,3577
"346",2006-06-29 00:19:22.56432,2.35,44.95,51.3,10.15,892591.5,-3507826.5,3577
"347",2006-07-07 00:16:26.354598,2.55,32.25,63.95,8.25,892591.5,-3507826.5,3577
"348",2006-07-23 00:16:17.906866,14.1,48.95,35.45,12.6,892591.5,-3507826.5,3577
"349",2006-07-31 00:19:48.662629,8.65,45.2,44.8,14.7,892591.5,-3507826.5,3577
"350",2006-08-08 00:16:15.849742,13.25,40.75,44.5,10.45,892591.5,-3507826.5,3577
"351",2006-09-01 00:20:12.900406,8.25,41.65,48.5,9.8,892591.5,-3507826.5,3577
"352",2006-09-17 00:20:24.72142,7.75,38.6,52.45,9.6,892591.5,-3507826.5,3577
"353",2006-09-25 00:16:02.925608,7.2,38.8,52.45,9.2,892591.5,-3507826.5,3577
"354",2006-10-03 00:20:35.621723,5.7,37.05,55.7,8.85,892591.5,-3507826.5,3577
"355",2006-10-11 00:15:58.893053,6.45,39,53,8.85,892591.5,-3507826.5,3577
"356",2006-11-04 00:20:54.349157,3.85,39.4,55.35,9.05,892591.5,-3507826.5,3577
"357",2006-11-12 00:16:28.410867,1,59,39,5,892605,-3507780,3577
"358",2006-12-06 00:21:11.006443,2.4,38.6,57.4,8.6,892591.5,-3507826.5,3577
"359",2006-12-22 00:21:18.699263,0.55,46.6,51.65,7.55,892591.5,-3507826.5,3577
"360",2006-12-30 00:16:47.512305,5.8,36.3,56.35,8.8,892591.5,-3507826.5,3577
"361",2007-01-07 00:21:25.496827,4.8,36,57.55,8.1,892591.5,-3507826.5,3577
"362",2007-01-15 00:16:47.574904,7.25,32.5,58.5,8.25,892575,-3507862.5,3577
"363",2007-01-31 00:16:54.708191,9.55,34.3,54.75,8.05,892591.5,-3507826.5,3577
"364",2007-02-08 00:21:33.130921,9.5,31.25,57.55,8.1,892591.5,-3507826.5,3577
"365",2007-02-24 00:21:33.042258,9.35,32.25,56.9,6.7,892591.5,-3507826.5,3577
"366",2007-03-04 00:17:04.734659,7.2,38.45,53,8.25,892591.5,-3507826.5,3577
"367",2007-03-12 00:21:31.354223,5.1,34.55,59.15,6.6,892591.5,-3507826.5,3577
"368",2007-04-05 00:17:06.667049,7.5,37.5,53,9,892560,-3507870,3577
"369",2007-04-13 00:21:23.648052,4.5,34.8,59.25,8.1,892591.5,-3507826.5,3577
"370",2007-04-29 00:21:16.70636,6.6,35.6,56.05,6.95,892591.5,-3507826.5,3577
"371",2007-05-07 00:17:00.111111,7,35,56.55,6.9,892591.5,-3507826.5,3577
"372",2007-05-23 00:16:53.420693,15.65,41.3,41.5,10.65,892591.5,-3507826.5,3577
"373",2007-05-31 00:20:53.435847,17.85,48.2,32.5,12.55,892591.5,-3507826.5,3577
"374",2007-06-08 00:16:50.55959,13.5,27,57.5,12,892560,-3507885,3577
"375",2007-06-16 00:20:36.558018,19.95,38.75,39.7,10.2,892591.5,-3507826.5,3577
"376",2007-07-02 00:20:20.229525,20.85,39.2,38.3,9.7,892591.5,-3507826.5,3577
"377",2007-07-10 00:16:47.837658,19.6842105263158,17.9473684210526,60.9473684210526,6.84210526315789,892587.631578947,-3507828.15789474,3577
"378",2007-07-18 00:20:13.080396,18.25,37.45,42.95,9.9,892591.5,-3507826.5,3577
"379",2007-08-03 00:20:04.847059,15.6,36.8,46.2,9.6,892591.5,-3507826.5,3577
"380",2007-08-11 00:16:38.795294,15.95,35.85,46.6,9.35,892591.5,-3507826.5,3577
"381",2007-08-19 00:19:55.257842,12.85,35.65,50,9.3,892591.5,-3507826.5,3577
"382",2007-09-04 00:19:45.828768,10.25,34.05,54.2,8.65,892591.5,-3507826.5,3577
"383",2007-09-12 00:16:24.103324,11.2666666666667,35.8666666666667,51.2,8.46666666666667,892599,-3507811,3577
"384",2007-09-20 00:19:38.322678,8.8,34.7,54.95,8.65,892591.5,-3507826.5,3577
"385",2007-09-28 00:16:20.329823,8.3,36,54.15,8.5,892591.5,-3507826.5,3577
"386",2007-10-06 00:19:28.309185,7.15,34.7,56.7,8.3,892591.5,-3507826.5,3577
"387",2007-10-14 00:16:20.790985,8.9,34.45,55.05,8.6,892591.5,-3507826.5,3577
"388",2007-10-30 00:16:32.423572,6.92307692307692,35,57,6.92307692307692,892591.153846154,-3507848.07692308,3577
"389",2007-12-01 00:16:48.823197,6.8,34.7,56.9,8.85,892591.5,-3507826.5,3577
"390",2007-12-17 00:16:53.563312,7,33.5,57.5,9,892560,-3507885,3577
"391",2008-01-02 00:16:55.885873,7.83333333333333,29.75,60.5833333333333,8.25,892602.5,-3507802.5,3577
"392",2008-02-11 00:17:14.324892,4.45,37.8,56.2,8.45,892591.5,-3507826.5,3577
"393",2008-02-19 00:16:50.386011,5.5,34.8,58.4,8.55,892591.5,-3507826.5,3577
"394",2008-02-27 00:16:56.855955,3.15,40.15,55.4,8.15,892591.5,-3507826.5,3577
"395",2008-03-06 00:16:44.884666,6.15,30.95,61.2,8.4,892591.5,-3507826.5,3577
"396",2008-03-14 00:16:37.913219,1.7,41.75,55.3,7.45,892591.5,-3507826.5,3577
"397",2008-03-22 00:16:43.486421,7.23529411764706,32.0588235294118,59,8.58823529411765,892583.823529412,-3507833.82352941,3577
"398",2008-04-07 00:16:43.30062,4.85,33.85,59.8,8.25,892591.5,-3507826.5,3577
"399",2008-04-23 00:16:41.01798,7.6,31.4,59.4,8.1,892599,-3507792,3577
"400",2008-05-09 00:16:36.649274,2.3,32.2,63.85,8.75,892591.5,-3507826.5,3577
"401",2008-06-10 00:16:22.14502,3.66666666666667,51.25,43.8333333333333,15,892580,-3507850,3577
"402",2008-06-26 00:16:12.350656,11.2,37.8,49.5,9.7,892591.5,-3507826.5,3577
"403",2008-07-28 00:15:51.099153,15.6,37.8,45.05,9.7,892591.5,-3507826.5,3577
"404",2008-09-14 00:15:30.000076,14.6111111111111,33.3888888888889,50.4444444444444,9.11111111111111,892585,-3507830,3577
"405",2008-09-30 00:15:20.382783,10.75,30.25,57.45,8.45,892591.5,-3507826.5,3577
"406",2008-10-08 00:10:54.673422,8.55,25.4,64.5,8.2,892591.5,-3507826.5,3577
"407",2008-10-16 00:15:16.056845,8.35714285714286,31.4285714285714,58.6428571428571,8.28571428571429,892596.428571429,-3507805.71428571,3577
"408",2008-10-24 00:10:22.455359,6.5,23.1,68.8,7.7,892591.5,-3507826.5,3577
"409",2008-11-09 00:09:41.785285,5.55,27.55,65.35,8.45,892591.5,-3507826.5,3577
"410",2008-11-17 00:15:45.472133,2.73684210526316,34.2631578947368,61.6315789473684,10.0526315789474,892593.947368421,-3507823.42105263,3577
"411",2008-12-03 00:15:56.943871,8.25,29.7,60.55,8.25,892591.5,-3507826.5,3577
"412",2008-12-19 00:16:06.318809,11.85,31.1,55.35,8.55,892591.5,-3507826.5,3577
"413",2008-12-27 00:11:08.839963,8.3,38.05,52.2,7.6,892591.5,-3507826.5,3577
"414",2009-01-04 00:16:12.777348,10.3333333333333,33.1666666666667,55,8.75,892580,-3507850,3577
"415",2009-01-12 00:11:33.239597,5.85,29.65,63,8.4,892591.5,-3507826.5,3577
"416",2009-01-20 00:16:18.283036,6.55,34.3,57.4,8.45,892591.5,-3507826.5,3577
"417",2009-02-05 00:16:22.698333,8.4,33.75,56.35,8.15,892591.5,-3507826.5,3577
"418",2009-02-21 00:16:32.661592,7.6,34.65,56.25,8.5,892591.5,-3507826.5,3577
"419",2009-03-01 00:12:47.49672,1.75,34.3,62.5,5,892591.5,-3507826.5,3577
"420",2009-03-09 00:16:41.143293,8.5,33.0833333333333,57.0833333333333,8.16666666666667,892580,-3507850,3577
"421",2009-03-17 00:13:09.949318,6.9,37.05,54.65,8.55,892591.5,-3507826.5,3577
"422",2009-03-25 00:16:48.287602,3.66666666666667,25.6666666666667,69.6666666666667,11,892565,-3507775,3577
"423",2009-04-02 00:13:30.79684,5.3,40.75,52.4,8.35,892591.5,-3507826.5,3577
"424",2009-04-10 00:16:53.953415,7.05,33.4,57.95,7.8,892591.5,-3507826.5,3577
"425",2009-04-18 00:13:49.710661,5.1,38.7,54.75,8.3,892591.5,-3507826.5,3577
"426",2009-04-26 00:16:58.120823,1.63636363636364,52.5454545454545,44.3636363636364,7.90909090909091,892580.454545455,-3507855,3577
"427",2009-05-04 00:14:07.232242,5.3,39.35,53.85,8.7,892591.5,-3507826.5,3577
"428",2009-05-12 00:17:00.698855,7.55,37.5,53.25,8.75,892591.5,-3507826.5,3577
"429",2009-05-28 00:17:01.526958,8.16666666666667,42.8333333333333,47.1666666666667,10,892580,-3507875,3577
"430",2009-06-05 00:14:41.452251,8.4,43.6,46.45,9.95,892591.5,-3507826.5,3577
"431",2009-06-13 00:17:00.617767,3.15,37.1,58.15,15.8,892591.5,-3507826.5,3577
"432",2009-07-15 00:16:54.381909,6.75,48.95,42.8,11.5,892591.5,-3507826.5,3577
"433",2009-07-31 00:16:49.250472,1.33333333333333,40.3333333333333,57.1111111111111,18.3333333333333,892588.333333333,-3507865,3577
"434",2009-08-16 00:16:44.974194,3.3,42,53.2,9.75,892591.5,-3507826.5,3577
"435",2009-09-01 00:16:45.188413,5.3,35.5,57.6,8.9,892591.5,-3507826.5,3577
"436",2009-09-09 00:16:15.192578,4.9,33.95,59.6,7.85,892591.5,-3507826.5,3577
"437",2009-10-11 00:16:38.217532,1.9,27.45,68.95,7.15,892591.5,-3507826.5,3577
"438",2009-10-19 00:16:46.976003,5.14285714285714,26.5714285714286,66.5714285714286,7.42857142857143,892575,-3507867.85714286,3577
"439",2009-11-04 00:17:02.23166,3.8,30.75,63.75,7.85,892591.5,-3507826.5,3577
"440",2009-11-12 00:16:55.175621,3.45,30.05,64.8,7.75,892591.5,-3507826.5,3577
"441",2009-11-28 00:17:02.213148,2.75,30.25,65.45,7.8,892591.5,-3507826.5,3577
"442",2009-12-06 00:17:25.571423,7.3,28.2,62.95,7.7,892591.5,-3507826.5,3577
"443",2009-12-14 00:17:11.264452,5.15,30.35,62.8,7.7,892591.5,-3507826.5,3577
"444",2009-12-22 00:17:41.843968,7.9,28.25,62.2,7.95,892591.5,-3507826.5,3577
"445",2010-01-07 00:17:58.159704,6.45,27.35,64.55,7.4,892591.5,-3507826.5,3577
"446",2010-01-15 00:17:22.408589,6.15,27.7,64.45,7.65,892591.5,-3507826.5,3577
"447",2010-01-23 00:18:12.482332,5.31578947368421,31.8947368421053,61.1578947368421,7.78947368421053,892587.631578947,-3507828.15789474,3577
"448",2010-01-31 00:17:26.438003,4.9,26.9,66.6,5.9,892591.5,-3507826.5,3577
"449",2010-02-08 00:18:24.704576,5.9,36.45,56.25,9.45,892591.5,-3507826.5,3577
"450",2010-02-16 00:17:29.606326,12.6,31.2,54.85,8.4,892591.5,-3507826.5,3577
"451",2010-02-24 00:18:34.472827,15.7142857142857,32.2142857142857,50.5714285714286,8.85714285714286,892583.571428571,-3507844.28571429,3577
"452",2010-03-12 00:18:41.610133,22,29.5,46.8,8.5,892591.5,-3507826.5,3577
"453",2010-03-20 00:17:32.247182,21.6,26.8,49.85,8.65,892591.5,-3507826.5,3577
"454",2010-03-28 00:18:46.119456,20.85,29.35,48.4,8.35,892591.5,-3507826.5,3577
"455",2010-04-05 00:17:30.050967,18.65,25.5,54.35,7.95,892591.5,-3507826.5,3577
"456",2010-04-13 00:18:47.730893,20.35,30.75,47.35,8.9,892591.5,-3507826.5,3577
"457",2010-05-15 00:18:42.050382,17.35,33.05,47.8,8.7,892591.5,-3507826.5,3577
"458",2010-06-16 00:18:43.028522,13.55,44.25,41,6.2,892591.5,-3507826.5,3577
"459",2010-07-02 00:18:46.542355,13.9285714285714,28.7857142857143,55.6428571428571,11.3571428571429,892579.285714286,-3507827.14285714,3577
"460",2010-07-18 00:18:48.039342,21,34.6,42.85,9.8,892591.5,-3507826.5,3577
"461",2010-08-03 00:18:47.756519,9.5,27.9,60.75,18.25,892591.5,-3507826.5,3577
"462",2010-08-19 00:18:49.010883,17.95,36.9,43.5,10.15,892591.5,-3507826.5,3577
"463",2010-09-04 00:18:51.649159,17.7222222222222,43.8888888888889,37.0555555555556,9.94444444444444,892595,-3507820,3577
"464",2010-09-20 00:18:52.03698,17.8,31.4,49.4,9,892605,-3507801,3577
"465",2010-10-22 00:19:01.676798,13.7,33.15,51.85,9,892591.5,-3507826.5,3577
"466",2010-11-15 00:16:22.369426,12.25,44.8,41.6,9.8,892591.5,-3507826.5,3577
"467",2010-12-01 00:16:23.140434,11.9,44,42.75,8.75,892591.5,-3507826.5,3577
"468",2010-12-09 00:19:33.401429,17.3846153846154,43.9230769230769,37.3076923076923,8.07692307692308,892605,-3507808.84615385,3577
"469",2010-12-25 00:19:40.784291,14,34.65,50,8.65,892591.5,-3507826.5,3577
"470",2011-01-02 00:16:29.525364,10.5,43.15,44.9,8.8,892591.5,-3507826.5,3577
"471",2011-01-18 00:16:30.818638,13.3,38.75,46.2,9.1,892591.5,-3507826.5,3577
"472",2011-01-26 00:19:56.460292,17.4,34.6,46.4,9.2,892605,-3507825,3577
"473",2011-02-03 00:16:32.427772,12.65,51.75,34.1,10.05,892591.5,-3507826.5,3577
"474",2011-02-11 00:20:00.35623,18.9,36.5,43.15,9.5,892591.5,-3507826.5,3577
"475",2011-02-27 00:20:05.509953,21.25,33.9,43.4,9.45,892591.5,-3507826.5,3577
"476",2011-03-07 00:16:31.428338,19.05,31.7,47.75,9.1,892591.5,-3507826.5,3577
"477",2011-03-23 00:16:24.391097,22,28.6,48.6,18.4,892587,-3507831,3577
"478",2011-03-31 00:20:11.189432,23.2,37.25,38.1,10.4,892591.5,-3507826.5,3577
"479",2011-04-08 00:16:22.578325,22.25,34.75,41.45,10.05,892591.5,-3507826.5,3577
"480",2011-04-16 00:20:11.11983,23.35,36.9,38.2,10.45,892591.5,-3507826.5,3577
"481",2011-04-24 00:16:14.644096,19.4,39.55,39.7,10.2,892591.5,-3507826.5,3577
"482",2011-06-03 00:20:11.1219,22.1666666666667,42.3333333333333,34.3333333333333,11,892595,-3507795,3577
"483",2011-06-19 00:20:09.003744,14.5,28.5,55.5,8,892635,-3507780,3577
"484",2011-07-05 00:20:06.154707,18.85,44,35.65,11.65,892591.5,-3507826.5,3577
"485",2011-08-06 00:20:00.813286,16.8888888888889,43.5,38.1111111111111,11.4444444444444,892595,-3507820,3577
"486",2011-08-14 00:15:25.772613,13.75,43.65,41.2,11.25,892591.5,-3507826.5,3577
"487",2011-08-22 00:19:58.594979,14.8,39.4,44.45,10.9,892591.5,-3507826.5,3577
"488",2011-08-30 00:15:17.236396,12.2,38.8,47.45,10.3,892591.5,-3507826.5,3577
"489",2011-09-07 00:19:54.401466,13.2,39.8,45.5,10.15,892591.5,-3507826.5,3577
"490",2011-09-15 00:15:05.728207,10.1,38.45,49.8,9.95,892591.5,-3507826.5,3577
"491",2011-09-23 00:19:50.456487,9.5,41.5,47.6666666666667,10.1666666666667,892580,-3507875,3577
"492",2011-10-17 00:14:36.232803,7.9,37.4,53.2,10.05,892591.5,-3507826.5,3577
"493",2011-11-10 00:20:05.466433,8.9,50,39.35,12.3,892591.5,-3507826.5,3577
"494",2011-11-26 00:20:16.366105,10.75,42.35,45.25,9.55,892591.5,-3507826.5,3577
"495",2011-12-12 00:20:21.323522,11.35,39.4,47.6,10.05,892591.5,-3507826.5,3577
"496",2011-12-28 00:20:33.115231,12.6111111111111,38.3888888888889,47.5,9.61111111111111,892595,-3507820,3577
"497",2012-02-14 00:20:42.474274,17.6,36.9,43.9,9.7,892591.5,-3507826.5,3577
"498",2012-03-17 00:20:42.03278,23.8,49.3,25.55,15.5,892591.5,-3507826.5,3577
"499",2012-04-02 00:20:41.077877,12.6315789473684,32.1052631578947,53.5789473684211,19.2105263157895,892589.210526316,-3507823.42105263,3577
"500",2012-04-18 00:20:38.980388,18.6,41.2666666666667,38.8666666666667,10.2,892587,-3507843,3577
"501",2012-05-04 00:21:06.135627,9.72727272727273,32.1818181818182,56.3636363636364,20.9090909090909,892613.181818182,-3507811.36363636,3577
"502",2012-05-20 00:21:15.809752,14.7,45.25,38.6,10.5,892591.5,-3507826.5,3577
"503",2012-07-07 00:21:14.8485,13.5,44.9,40.05,10.5,892591.5,-3507826.5,3577
"504",2012-07-23 00:21:26.73013,15.15,44.7,38.9,11.1,892591.5,-3507826.5,3577
"505",2012-08-08 00:21:37.804867,12.6,42.75,43.15,10.2,892591.5,-3507826.5,3577
"506",2012-09-09 00:21:58.323448,12.6470588235294,42.3529411764706,43.8235294117647,9.82352941176471,892583.823529412,-3507833.82352941,3577
"507",2012-09-25 00:22:07.324747,12.05,42.6,43.95,9.8,892591.5,-3507826.5,3577
"508",2012-10-27 00:22:24.796769,9.4,43.2,45.95,9.6,892591.5,-3507826.5,3577
"509",2012-11-12 00:22:29.387229,8.35,44.2,45.85,10.15,892591.5,-3507826.5,3577
"510",2012-11-28 00:22:34.127233,9.65,45.5,43.4,9.8,892591.5,-3507826.5,3577
"511",2012-12-30 00:22:44.54435,7.05,45.25,46.35,9.6,892591.5,-3507826.5,3577
"512",2013-01-15 00:22:42.751639,7.55,44.4,46.8,9.4,892591.5,-3507826.5,3577
"513",2013-01-31 00:22:47.415449,7.35,45,46,9.25,892591.5,-3507826.5,3577
"514",2013-02-16 00:22:46.526509,8,49.2857142857143,41.4285714285714,9.85714285714286,892575,-3507867.85714286,3577
"515",2013-03-04 00:22:43.504322,1.5,40.3,56.9,4.35,892591.5,-3507826.5,3577
"516",2013-03-20 00:22:40.675283,6,45.5,46.85,9.25,892591.5,-3507826.5,3577
"517",2013-03-29 00:26:27.418037,7.25,44.8,46.2,9.9,892591.5,-3507826.5,3577
"518",2013-04-05 00:22:37.581545,3.7,47.15,47.9,8,892591.5,-3507826.5,3577
"519",2013-05-07 00:22:28.105867,5.57142857142857,44.4285714285714,48.8571428571429,9.42857142857143,892592.142857143,-3507807.85714286,3577
"520",2013-06-08 00:22:15.873969,8.16666666666667,51.3333333333333,39,12.5,892580,-3507875,3577
"521",2013-06-16 00:28:32.774233,12.2,44.65,41.5,12.65,892591.5,-3507826.5,3577
"522",2013-06-24 00:22:11.078919,11.8,48.15,38.55,12,892591.5,-3507826.5,3577
"523",2013-07-02 00:28:33.130808,13.1,39.9,45.35,10.9,892591.5,-3507826.5,3577
"524",2013-07-10 00:21:59.123635,14.5,43,41,11.2,892591.5,-3507826.5,3577
"525",2013-07-18 00:28:32.998014,15.25,41.25,41.8,10.5,892591.5,-3507826.5,3577
"526",2013-07-26 00:21:52.905476,16.2,43.65,38.85,11.05,892591.5,-3507826.5,3577
"527",2013-08-03 00:28:35.273595,11.5,28.6666666666667,58.1666666666667,8.08333333333333,892577.5,-3507810,3577
"528",2013-08-11 00:21:47.867073,14.4,32.5333333333333,51.6,8,892587,-3507843,3577
"529",2013-08-19 00:28:36.235025,9.55,34.95,53.65,16.25,892591.5,-3507826.5,3577
"530",2013-08-27 00:21:59.230194,12.3,40.35,45.65,10.35,892591.5,-3507826.5,3577
"531",2013-09-04 00:28:37.134072,10.8,39.4,48.25,10.05,892591.5,-3507826.5,3577
"532",2013-09-28 00:22:20.843297,5.66666666666667,42.5,50.3333333333333,10,892580,-3507875,3577
"533",2013-10-06 00:28:28.036134,7.1,40.9,50.3,9.9,892591.5,-3507826.5,3577
"534",2013-10-14 00:22:34.449096,6.1,42,50.3,9.7,892591.5,-3507826.5,3577
"535",2013-10-30 00:22:38.847009,6.75,40.75,50.75,9.5,892605,-3507840,3577
"536",2013-11-07 00:28:19.57928,5.75,42,50.45,9.3,892591.5,-3507826.5,3577
"537",2013-11-23 00:28:09.96114,5.95,41.85,50.75,9.3,892591.5,-3507826.5,3577
"538",2013-12-17 00:22:53.913451,6.45,41.5,50.45,9.25,892591.5,-3507826.5,3577
"539",2014-01-02 00:23:01.192984,0.75,55.2,43,9.6,892591.5,-3507826.5,3577
"540",2014-01-10 00:27:50.636677,4.65,45.75,47.85,9.15,892591.5,-3507826.5,3577
"541",2014-01-18 00:23:12.789126,2.82352941176471,44.7647058823529,51.1176470588235,8.88235294117647,892583.823529412,-3507833.82352941,3577
"542",2014-01-26 00:27:41.863463,5,40.4,53.05,9.75,892591.5,-3507826.5,3577
"543",2014-02-03 00:23:28.255594,3.15,45,50.35,8.45,892591.5,-3507826.5,3577
"544",2014-02-19 00:23:16.165316,5.3,43.7,49.7,9.25,892591.5,-3507826.5,3577
"545",2014-02-27 00:27:15.83538,5.1,41.75,51.45,9.25,892591.5,-3507826.5,3577
"546",2014-03-07 00:23:22.699651,6.42857142857143,44.8571428571429,47.1428571428571,9.71428571428571,892592.142857143,-3507807.85714286,3577
"547",2014-03-31 00:26:48.350743,11.5,38.2,48.55,9.8,892591.5,-3507826.5,3577
"548",2014-04-08 00:23:33.418275,12.5,42.6666666666667,43.3333333333333,16,892580,-3507875,3577
"549",2014-04-24 00:23:46.126776,21.45,39.2,37.8,10.1,892591.5,-3507826.5,3577
"550",2014-06-11 00:23:59.323938,20.7,35.4,42.8,10.1,892591.5,-3507826.5,3577
"551",2014-06-19 00:26:17.708998,16.05,8.35,73.45,22.95,892591.5,-3507826.5,3577
"552",2014-07-13 00:24:06.048258,17.1,34.35,47.1,9.85,892591.5,-3507826.5,3577
"553",2014-07-21 00:26:27.395198,19.6,38.65,40.2,10.4,892591.5,-3507826.5,3577
"554",2014-07-29 00:24:12.013177,19.05,40.85,38.7,10.45,892591.5,-3507826.5,3577
"555",2014-08-06 00:26:35.750376,15.85,38.2,44.3,10.05,892591.5,-3507826.5,3577
"556",2014-08-22 00:26:39.529101,15.65,41.7,41.1,11.3,892591.5,-3507826.5,3577
"557",2014-08-30 00:24:12.261784,17.45,39.65,41.35,10.2,892591.5,-3507826.5,3577
"558",2014-09-07 00:26:42.906664,15.85,39.6,42.95,10.4,892591.5,-3507826.5,3577
"559",2014-09-15 00:24:14.32897,15.5,39.4,43.75,10.1,892591.5,-3507826.5,3577
"560",2014-09-23 00:26:40.312049,14.85,39.95,43.55,10,892591.5,-3507826.5,3577
"561",2014-10-01 00:24:26.312745,15.5,39.3333333333333,43.3333333333333,10.1666666666667,892595,-3507795,3577
"562",2014-10-09 00:26:46.714531,13,37.9,47.45,9.9,892591.5,-3507826.5,3577
"563",2014-10-17 00:24:34.991338,11.4,40.3,46.75,9.8,892591.5,-3507826.5,3577
"564",2014-10-25 00:26:47.653279,4.2,40,54.4,15.4,892581,-3507861,3577
"565",2014-11-02 00:24:45.514439,8.6,42.2,47.7,9.15,892591.5,-3507826.5,3577
"566",2014-11-10 00:26:48.930106,8.25,42.35,47.8,9.1,892591.5,-3507826.5,3577
"567",2014-11-18 00:24:48.969433,7.45,44.3,46.75,9.75,892591.5,-3507826.5,3577
"568",2014-11-26 00:26:46.216414,8.2,41.65,48.45,9.55,892591.5,-3507826.5,3577
"569",2014-12-12 00:26:38.957135,8.8,43.25,46.3,9.85,892591.5,-3507826.5,3577
"570",2014-12-20 00:25:06.49175,8.1,42.45,48.05,9.1,892591.5,-3507826.5,3577
"571",2014-12-28 00:26:38.962722,7.6,45.45,45.55,9.1,892591.5,-3507826.5,3577
"572",2015-01-05 00:25:07.399272,8,46.9,43.5,9.2,892584,-3507861,3577
"573",2015-01-13 00:26:37.32368,9.75,54.85,34.15,15.1,892591.5,-3507826.5,3577
"574",2015-01-21 00:25:07.544527,15.4166666666667,41.6666666666667,41.5833333333333,9.83333333333333,892580,-3507850,3577
"575",2015-01-29 00:26:32.100112,16.65,38.15,43.5,9.65,892591.5,-3507826.5,3577
"576",2015-02-06 00:25:16.586189,16.3,39,43.35,9.5,892591.5,-3507826.5,3577
"577",2015-02-14 00:26:22.782338,13.4,39.9,44.9,9.2,892591.5,-3507826.5,3577
"578",2015-02-22 00:25:22.388839,11.3,44.95,42.25,9.15,892591.5,-3507826.5,3577
"579",2015-03-10 00:25:27.949459,9.35294117647059,44.2352941176471,45.0588235294118,9,892583.823529412,-3507833.82352941,3577
"580",2015-03-18 00:26:10.054609,10.6,41.05,46.75,8.8,892591.5,-3507826.5,3577
"581",2015-03-26 00:25:37.830345,10.3,40.3,47.75,8.65,892591.5,-3507826.5,3577
"582",2015-04-11 00:25:46.183332,11.3,41.5,45.6,8.85,892591.5,-3507826.5,3577
"583",2015-04-19 00:25:57.380373,13.8,47.95,36.5,11.55,892591.5,-3507826.5,3577
"584",2015-05-05 00:25:44.207123,15.2,36.9,46.4,9.7,892591.5,-3507826.5,3577
"585",2015-05-13 00:26:00.239839,14.5,42.65,41.4,9.8,892591.5,-3507826.5,3577
"586",2015-06-06 00:25:46.28441,13.2,42.2,42.9,10.35,892591.5,-3507826.5,3577
"587",2015-06-22 00:25:53.91906,5.15,26.6,66.15,21.45,892591.5,-3507826.5,3577
"588",2015-07-16 00:26:19.271747,15.6363636363636,52.7272727272727,30.4545454545455,14.0909090909091,892602.272727273,-3507797.72727273,3577
"589",2015-07-24 00:26:10.590088,14.1,41.8,42.75,10.8,892591.5,-3507826.5,3577
"590",2015-08-01 00:26:21.540777,14.3333333333333,39.1666666666667,44.6666666666667,10,892610,-3507785,3577
"591",2015-08-09 00:26:13.733038,11.5,40.85,46.05,10.45,892591.5,-3507826.5,3577
"592",2015-08-17 00:26:25.548887,11.85,43.15,43.45,10.1,892591.5,-3507826.5,3577
"593",2015-08-25 00:26:21.671673,12.6,46.35,39.5,13.7,892591.5,-3507826.5,3577
"594",2015-09-10 00:26:27.9604,7,38,53.5,11.5,892545,-3507870,3577
"595",2015-09-18 00:26:31.414859,10.95,40.25,47.25,9.4,892591.5,-3507826.5,3577
"596",2015-09-26 00:26:34.777348,10.85,39.4,48.15,9.95,892591.5,-3507826.5,3577
"597",2015-10-04 00:26:32.5451,9.5,40.65,48.55,9.75,892591.5,-3507826.5,3577
"598",2015-10-12 00:26:35.528407,8.4,42.95,46.95,9.8,892591.5,-3507826.5,3577
"599",2015-10-28 00:26:40.793173,7.2,39.9,51.15,9.7,892591.5,-3507826.5,3577
"600",2015-11-13 00:26:40.647557,7.9,43.75,46.75,10.15,892591.5,-3507826.5,3577
"601",2015-11-21 00:27:22.886785,6.95,40,51.5,9.2,892591.5,-3507826.5,3577
"602",2015-11-29 00:26:43.958859,7,37.4,54.05,9.1,892591.5,-3507826.5,3577
"603",2015-12-23 00:27:51.811584,7.8,42.15,48.55,9.4,892591.5,-3507826.5,3577
"604",2016-01-08 00:28:06.227538,6.25,42.55,49.65,9.2,892591.5,-3507826.5,3577
"605",2016-01-16 00:26:39.868306,6.7,42.45,49.25,9.55,892591.5,-3507826.5,3577
"606",2016-01-24 00:28:18.872754,4.8,46.65,47.05,9,892591.5,-3507826.5,3577
"607",2016-02-01 00:26:37.999008,6.25,43,48.9,9.65,892591.5,-3507826.5,3577
"608",2016-02-09 00:28:26.203139,5.07142857142857,45.7142857142857,47.7142857142857,9,892596.428571429,-3507805.71428571,3577
"609",2016-02-17 00:26:29.452448,6.1,41.45,50.9,9.05,892591.5,-3507826.5,3577
"610",2016-02-25 00:28:28.019015,3.75,49.8,45,8.9,892591.5,-3507826.5,3577
"611",2016-03-20 00:26:22.108339,8.75,39.75,49.75,9.6,892591.5,-3507826.5,3577
"612",2016-04-05 00:26:13.156047,8.05,38.65,51.55,9.15,892591.5,-3507826.5,3577
"613",2016-04-13 00:28:49.617044,7.85,42.35,48.5,9.15,892591.5,-3507826.5,3577
"614",2016-04-21 00:26:07.150383,6.95,39.25,52.1,8,892591.5,-3507826.5,3577
"615",2016-05-23 00:26:11.6014,18.35,39.4,40.8,10.1,892591.5,-3507826.5,3577
"616",2016-06-24 00:26:21.571523,24.65,44.65,29.1,12.65,892591.5,-3507826.5,3577
"617",2016-07-02 00:29:08.676916,23.3333333333333,45.5,30,11.3333333333333,892580,-3507875,3577
"618",2016-08-27 00:26:44.127141,24,38.95,35.4,11.05,892591.5,-3507826.5,3577
"619",2016-09-04 00:29:16.588243,26.4,41.5,31.05,11.25,892591.5,-3507826.5,3577
"620",2016-09-12 00:26:48.371912,24.75,41.35,32.4,11.8,892591.5,-3507826.5,3577
"621",2016-09-28 00:26:48.610304,23.2,41.45,33.7,11.05,892591.5,-3507826.5,3577
"622",2016-10-06 00:29:20.308997,24,41.25,33.4,10.85,892591.5,-3507826.5,3577
"623",2016-10-14 00:26:54.257796,22.8,37.85,37.65,10.4,892591.5,-3507826.5,3577
"624",2016-10-22 00:29:18.061364,21.5714285714286,42,35,10,892596.428571429,-3507805.71428571,3577
"625",2016-11-07 00:29:11.765219,14.75,42.05,41.9,9,892591.5,-3507826.5,3577
"626",2016-11-15 00:26:54.92339,14.2,41.15,43.05,9.05,892591.5,-3507826.5,3577
"627",2016-11-23 00:29:06.471492,14.55,46.35,37.55,10,892591.5,-3507826.5,3577
"628",2016-12-01 00:26:54.715267,12.15,44.8,41.55,9.7,892591.5,-3507826.5,3577
"629",2016-12-09 00:29:03.277857,11.35,46.2,41.05,9.95,892591.5,-3507826.5,3577
"630",2016-12-17 00:26:50.428761,11.7,46.9,39.8,11.05,892591.5,-3507826.5,3577
"631",2016-12-25 00:28:56.997701,11.85,46.05,40.85,10,892591.5,-3507826.5,3577
"632",2017-01-02 00:26:47.339072,14.1,42.75,41.45,10,892591.5,-3507826.5,3577
"633",2017-01-10 00:28:46.949069,11.25,49.8333333333333,37.5,9.58333333333333,892602.5,-3507802.5,3577
"634",2017-01-18 00:26:43.455141,12.95,50.65,35,8.3,892591.5,-3507826.5,3577
"635",2017-01-26 00:28:36.352441,15.2,42.65,40.55,9.9,892591.5,-3507826.5,3577
"636",2017-02-11 00:28:29.363667,11.25,46.3,41.05,9.25,892591.5,-3507826.5,3577
"637",2017-02-19 00:26:29.985332,11.85,44.05,42.55,9.05,892591.5,-3507826.5,3577
"638",2017-02-27 00:28:38.63238,10.2142857142857,49,39.5714285714286,9.14285714285714,892596.428571429,-3507805.71428571,3577
"639",2017-03-07 00:26:23.113036,10.65,44.85,42.9,8.8,892591.5,-3507826.5,3577
"640",2017-03-15 00:28:45.143635,10.5,49.2777777777778,39.1666666666667,9.38888888888889,892595,-3507820,3577
"641",2017-03-23 00:26:12.757865,10.35,46.9,41.15,9.1,892591.5,-3507826.5,3577
"642",2017-03-31 00:28:49.353177,10.4,46.3,41.75,9,892591.5,-3507826.5,3577
"643",2017-04-08 00:26:06.151174,11.4,40.75,46,7.45,892591.5,-3507826.5,3577
"644",2017-04-16 00:28:55.81254,10.25,44.55,43.75,9,892591.5,-3507826.5,3577
"645",2017-04-24 00:25:56.310055,13.85,47.4,37.3,9.95,892591.5,-3507826.5,3577
"646",2017-05-02 00:29:01.462824,7.15,28.8,62.8,6.25,892591.5,-3507826.5,3577
"647",2017-05-10 00:25:56.862642,10.75,44,43.65,9.85,892591.5,-3507826.5,3577
"648",2017-05-26 00:26:07.806931,10.85,45.6,41.75,10.15,892591.5,-3507826.5,3577
"649",2017-06-03 00:29:08.71093,13.125,46.25,39.125,10.125,892608.75,-3507791.25,3577
"650",2017-06-11 00:26:15.559687,10.8,45.45,42.15,10.05,892591.5,-3507826.5,3577
"651",2017-06-19 00:29:12.508716,11.75,46.95,40.05,10.2,892591.5,-3507826.5,3577
"652",2017-07-05 00:29:14.283854,10.7777777777778,47.6111111111111,40.2777777777778,10,892595,-3507820,3577
"653",2017-07-21 00:29:14.251192,9,47.4,42.3,9.75,892591.5,-3507826.5,3577
"654",2017-07-29 00:26:31.312884,8.7,44.3,45.2,9.6,892591.5,-3507826.5,3577
"655",2017-08-06 00:29:12.329481,1,72.3333333333333,25.3333333333333,5.66666666666667,892545,-3507795,3577
"656",2017-08-22 00:29:11.49855,9,43.9,45.75,8.95,892591.5,-3507826.5,3577
"657",2017-08-30 00:26:40.890982,8.65,42.7,46.75,9.55,892591.5,-3507826.5,3577
"658",2017-09-07 00:29:11.181526,6.45,42.2,49.9,7.3,892591.5,-3507826.5,3577
"659",2017-09-15 00:26:41.323038,6.65,44.8,47,9.95,892591.5,-3507826.5,3577
"660",2017-09-23 00:29:09.717951,6.83333333333333,44.3333333333333,47.25,9.16666666666667,892602.5,-3507802.5,3577
"661",2017-10-01 00:26:48.850302,7.1,43.3,47.85,9.8,892591.5,-3507826.5,3577
"662",2017-10-09 00:29:11.803565,5.95,46.75,45.8,9.9,892591.5,-3507826.5,3577
"663",2017-10-17 00:26:52.560092,8.15,42.5,47.9,9,892591.5,-3507826.5,3577
"664",2017-10-25 00:29:13.270219,8.9,39.9,49.65,9,892591.5,-3507826.5,3577
"665",2017-11-02 00:26:52.576161,8.95,39.05,50.45,8.5,892591.5,-3507826.5,3577
"666",2017-11-10 00:29:11.589543,8.65,41.1,48.9,9,892591.5,-3507826.5,3577
"667",2017-11-18 00:26:48.721519,7.65,41.5,49.1,9.15,892591.5,-3507826.5,3577
"668",2017-12-04 00:26:43.65158,2,54.5,42,25,892545,-3507780,3577
"669",2017-12-12 00:28:58.653608,9.4,39.4,49.6,9.65,892591.5,-3507826.5,3577
"670",2017-12-28 00:28:47.933406,8.5,40,49.8333333333333,9,892580,-3507875,3577
"671",2018-01-05 00:26:42.541628,8.25,39.6,50.4,9.05,892591.5,-3507826.5,3577
"672",2018-01-13 00:28:34.757777,6.05,46.2,46.15,9.95,892591.5,-3507826.5,3577
"673",2018-01-21 00:26:34.766601,7.55,39.7,51.05,9.05,892591.5,-3507826.5,3577
"674",2018-02-06 00:26:26.139763,7.15,40.2,51,9,892591.5,-3507826.5,3577
"675",2018-02-14 00:28:06.489854,7.2,41.9,49.35,9,892591.5,-3507826.5,3577
"676",2018-03-02 00:27:56.582067,7.2,42.1,49.2,9,892591.5,-3507826.5,3577
"677",2018-03-10 00:26:11.968807,7.35,40.8,50.1,9,892591.5,-3507826.5,3577
"678",2018-03-18 00:27:44.880018,5.44444444444444,44.3333333333333,48.6666666666667,8.94444444444444,892595,-3507820,3577
"679",2018-03-26 00:26:04.499271,7.65,40.6,50.15,8.9,892591.5,-3507826.5,3577
"680",2018-04-03 00:27:31.150326,6.8,41,50.8,8.9,892584,-3507861,3577
"681",2018-04-11 00:25:56.284963,6.65,40.95,50.7,8.6,892591.5,-3507826.5,3577
"682",2018-04-19 00:27:15.555522,7,43.4,48.25,10.3,892591.5,-3507826.5,3577
"683",2018-04-27 00:25:47.069082,8.85,41.75,47.9,9,892591.5,-3507826.5,3577
"684",2018-05-05 00:26:57.863626,7.47058823529412,44.4117647058824,46.7647058823529,9.17647058823529,892583.823529412,-3507833.82352941,3577
"685",2018-05-21 00:26:42.795684,8.35,43.6,46.75,8.95,892591.5,-3507826.5,3577
"686",2018-06-06 00:26:27.153461,10.25,42.1,46.2,9.1,892591.5,-3507826.5,3577
"687",2018-06-14 00:25:27.499348,10.1,44.35,44.05,9.85,892591.5,-3507826.5,3577
"688",2018-06-22 00:26:09.50657,7.4,44.9,46.3,9.35,892591.5,-3507826.5,3577
"689",2018-06-30 00:25:37.593582,8.85,42.3,47.25,9.3,892591.5,-3507826.5,3577
"690",2018-07-24 00:25:33.31047,8.95,40.95,48.65,9.25,892591.5,-3507826.5,3577
"691",2018-08-01 00:25:52.614218,7.1,41.95,49.35,9.05,892591.5,-3507826.5,3577
"692",2018-08-09 00:25:16.006822,5.95,42.8,49.6,9.05,892591.5,-3507826.5,3577
"693",2018-08-17 00:26:01.630857,6.8,40.3,51.2,9.1,892591.5,-3507826.5,3577
"694",2018-08-25 00:24:57.304312,6.55,40.15,51.7,8.95,892591.5,-3507826.5,3577
"695",2018-09-02 00:26:08.380918,2.85,43.05,52.4,11.6,892591.5,-3507826.5,3577
"696",2018-09-10 00:24:36.954804,4.35,39.65,54.45,8.95,892591.5,-3507826.5,3577
"697",2018-09-18 00:26:12.783684,5.75,37.3,54.95,8.75,892591.5,-3507826.5,3577
"698",2018-09-26 00:24:15.046278,6.05,37.95,54.55,8.3,892591.5,-3507826.5,3577
"699",2018-10-12 00:23:51.349865,7.75,38.25,52.5,8.85,892591.5,-3507826.5,3577
"700",2018-11-21 00:26:30.917914,8.25,29.4,60.25,8.5,892591.5,-3507826.5,3577
"701",2018-11-29 00:22:44.603908,9.2,33.45,55.7,8.65,892591.5,-3507826.5,3577
"702",2018-12-23 00:26:27.453367,7.3,31.65,59.3,8.4,892591.5,-3507826.5,3577
"703",2019-01-08 00:26:26.418849,5.55,33.3,59.2,8,892591.5,-3507826.5,3577
"704",2019-01-16 00:21:20.512149,5.65,33.45,59.3,8,892591.5,-3507826.5,3577
"705",2019-01-24 00:26:22.639443,6.05,31.85,60.3,7.95,892591.5,-3507826.5,3577
"706",2019-02-01 00:20:49.511658,6.55,34.95,57.2,8.35,892591.5,-3507826.5,3577
"707",2019-02-09 00:26:20.267146,7.3,32.4,58.45,8.3,892591.5,-3507826.5,3577
"708",2019-02-17 00:20:21.32161,6.08333333333333,32.5833333333333,60.0833333333333,7.83333333333333,892592.5,-3507807.5,3577
"709",2019-03-05 00:19:51.52868,7.65,35.95,54.65,8.5,892591.5,-3507826.5,3577
"710",2019-03-13 00:26:11.23886,7.4,34.55,56.2,8.6,892591.5,-3507826.5,3577
"711",2019-03-21 00:19:20.130509,9.8,31.2,57.3,8,892584,-3507861,3577
"712",2019-04-06 00:18:47.244619,7.05,37.4,54.25,8.1,892591.5,-3507826.5,3577
"713",2019-05-08 00:17:36.199907,8.9,38.4,51.2,8.95,892591.5,-3507826.5,3577
"714",2019-05-16 00:26:09.682404,8.65,35.6,54,8.95,892591.5,-3507826.5,3577
"715",2019-06-17 00:26:24.996579,8,39.15,51.35,9.6,892591.5,-3507826.5,3577
"716",2019-07-03 00:26:29.490099,7.75,37.7,52.8,9,892591.5,-3507826.5,3577
"717",2019-07-11 00:15:13.052369,8.45,39.75,50.35,9,892591.5,-3507826.5,3577
"718",2019-07-19 00:26:32.057944,8.8,35.3,53.9,8.9,892591.5,-3507826.5,3577
"719",2019-07-27 00:14:34.964254,9.85,38.1,50.85,8.75,892591.5,-3507826.5,3577
"720",2019-08-12 00:13:55.700297,10.5,35,53,8.9,892584,-3507861,3577
"721",2019-08-20 00:26:44.247942,8.75,31.55,57.75,8.05,892591.5,-3507826.5,3577
"722",2019-08-28 00:13:15.162625,8.08333333333333,32.6666666666667,57.6666666666667,8.25,892602.5,-3507802.5,3577
"723",2019-09-05 00:26:47.39311,7.05,30.35,60.95,8.1,892591.5,-3507826.5,3577
"724",2019-09-13 00:12:33.275118,7,32.45,58.95,7.95,892591.5,-3507826.5,3577
"725",2019-09-21 00:26:53.340556,6.85,32.95,58.5,8.5,892591.5,-3507826.5,3577
"726",2019-09-29 00:11:51.380128,6.4,33.4,58.55,8.1,892591.5,-3507826.5,3577
"727",2019-10-07 00:26:57.246935,6.05,30.35,61.65,7.85,892591.5,-3507826.5,3577
"728",2019-10-15 00:11:11.687523,4.05,36.9,57.65,7.9,892591.5,-3507826.5,3577
"729",2019-10-23 00:26:58.633917,5.45,31.45,61.1,7.9,892591.5,-3507826.5,3577
"730",2019-10-31 00:10:30.096732,4.88888888888889,35.2222222222222,58.6111111111111,7.94444444444444,892595,-3507820,3577
"731",2019-11-08 00:26:57.23685,2,52.65,43.8,6.05,892591.5,-3507826.5,3577
"732",2019-11-16 00:09:46.325294,4.65,33.95,59.9,7.85,892591.5,-3507826.5,3577
"733",2019-11-24 00:26:53.901651,4.5,33.25,60.35,7.85,892591.5,-3507826.5,3577
"734",2019-12-10 00:26:53.336557,4.5,32.9,60.75,7.9,892591.5,-3507826.5,3577
"735",2019-12-18 00:08:12.420092,6,31.25,61.3333333333333,7.66666666666667,892602.5,-3507802.5,3577
"736",2019-12-26 00:26:50.003136,4.6,33.2,60.3,7.95,892591.5,-3507826.5,3577
"737",2020-01-03 00:07:22.494286,6.35,29.45,62.6,7.6,892591.5,-3507826.5,3577
"738",2020-01-19 00:06:34.562291,7.45,28.3,62.75,7.35,892591.5,-3507826.5,3577
"739",2020-01-27 00:26:41.92328,4.25,32.5,61.5,7.55,892591.5,-3507826.5,3577
"740",2020-02-04 00:05:46.54631,5.7,33.65,59.15,7.95,892591.5,-3507826.5,3577
"741",2020-02-12 00:26:37.427316,4.75,30.5,62.85,8.1,892591.5,-3507826.5,3577
"742",2020-02-20 00:04:56.86725,5.6,34.15,58.75,8,892591.5,-3507826.5,3577
"743",2020-02-28 00:26:33.188295,5.25,31.15,61.8,7.95,892591.5,-3507826.5,3577
"744",2020-03-07 00:04:05.567633,5.45,36.45,56.6,8.7,892591.5,-3507826.5,3577
"745",2020-03-15 00:26:26.399161,5.75,30,62.35,7.95,892591.5,-3507826.5,3577
"746",2020-03-23 00:03:12.786247,4.5,36.5,57.25,8,892591.5,-3507826.5,3577
"747",2020-03-31 00:26:17.179346,4.55,35.3,58.55,8.65,892591.5,-3507826.5,3577
"748",2020-04-24 00:01:22.38813,5.76923076923077,39.6923076923077,53.1538461538462,8.92307692307692,892595.769230769,-3507811.15384615,3577
"749",2020-05-02 00:26:02.174159,4.8,35.4,58.05,7.9,892591.5,-3507826.5,3577
"750",2020-05-10 00:00:24.483573,4.75,36.3,57.2,8.7,892591.5,-3507826.5,3577
"751",2020-05-18 00:26:00.594891,3.95,37.65,56.55,8.4,892591.5,-3507826.5,3577
"752",2020-06-03 00:26:06.078303,2,73.05,23.35,4.15,892591.5,-3507826.5,3577
"753",2020-06-10 23:58:29.597963,4.85,37.15,56.5,8.95,892591.5,-3507826.5,3577
"754",2020-06-19 00:26:15.718697,4.15,38.05,56.25,8.95,892591.5,-3507826.5,3577
"755",2020-06-26 23:57:33.00038,0,33.9,65.3,6.2,892596,-3507837,3577
"756",2020-07-28 23:55:35.891754,6.2,36.45,55.9,8.65,892591.5,-3507826.5,3577
"757",2020-08-22 00:26:39.27693,6.9,33.15,58.15,8.6,892591.5,-3507826.5,3577
"758",2020-09-07 00:26:46.655228,7.15,31.6,59.3,8.4,892591.5,-3507826.5,3577
"759",2020-09-14 23:52:30.009564,9.66666666666667,32.6666666666667,56,8.66666666666667,892592.5,-3507817.5,3577
"760",2020-09-23 00:26:51.860092,10.7,27.25,60.1,7.85,892591.5,-3507826.5,3577
"761",2020-09-30 23:51:27.812695,13.25,33.5,51.6,8.6,892591.5,-3507826.5,3577
"762",2020-10-09 00:26:54.63384,15.9,31.25,51.05,8.8,892591.5,-3507826.5,3577
"763",2020-11-01 23:49:22.617105,16.5,33.3,48.65,8.8,892591.5,-3507826.5,3577
"764",2020-11-10 00:26:51.751576,13.6,31.35,53.35,8.55,892591.5,-3507826.5,3577
"765",2020-11-17 23:48:16.467193,13.2,27.45,57.85,7.5,892591.5,-3507826.5,3577
"766",2020-11-26 00:26:54.974491,9.9,32.5,55.85,8.3,892591.5,-3507826.5,3577
"767",2020-12-03 23:47:07.361544,13.1818181818182,30.2727272727273,54.9090909090909,8.45454545454546,892591.363636364,-3507830.45454545,3577
"768",2020-12-19 23:45:54.773049,17.05,83.25,0,5.95,892591.5,-3507826.5,3577
"769",2020-12-28 00:26:52.968697,9.45,32.45,56.35,8.05,892591.5,-3507826.5,3577
"770",2021-01-04 23:44:47.609009,12.45,28.5,57.65,7.6,892591.5,-3507826.5,3577
"771",2021-01-13 00:26:46.435532,11.2,26.55,60.35,7.35,892591.5,-3507826.5,3577
"772",2021-01-20 23:43:39.677717,13,23.6,61.7,7.2,892591.5,-3507826.5,3577
"773",2021-01-29 00:26:42.975248,6.15,47.35,44.95,7.2,892591.5,-3507826.5,3577
"774",2021-02-05 23:42:29.489326,9.8,34.6,54.15,8.25,892591.5,-3507826.5,3577
"775",2021-02-14 00:26:39.768848,10.55,30.8,56.75,8.25,892591.5,-3507826.5,3577
"776",2021-02-21 23:41:17.238634,11.4444444444444,33.7777777777778,53.2222222222222,8.55555555555556,892598.333333333,-3507845,3577
"777",2021-03-02 00:26:33.498346,9.4,33.45,55.45,8,892591.5,-3507826.5,3577
"778",2021-04-03 00:26:20.760312,13.2,30.7,54.35,8.5,892591.5,-3507826.5,3577
"779",2021-04-19 00:26:14.44736,11.6,33,53.7,8.45,892591.5,-3507826.5,3577
"780",2021-04-26 23:36:05.408608,11.55,36,50.9,8.45,892591.5,-3507826.5,3577
"781",2021-05-05 00:26:04.729169,10.05,33.05,54.9,8.4,892591.5,-3507826.5,3577
"782",2021-05-28 23:33:23.424842,10.8,27.65,60.15,10,892591.5,-3507826.5,3577
"783",2021-06-06 00:26:21.667465,12.5,37.35,48.25,9.9,892591.5,-3507826.5,3577
"784",2021-07-15 23:29:23.718765,18.45,37.35,42.65,9.4,892591.5,-3507826.5,3577
"785",2021-07-24 00:26:34.2656,14.6,38.7,45.05,11.7,892591.5,-3507826.5,3577
"786",2021-08-09 00:26:41.545845,15.1,31.8,51.15,9.35,892591.5,-3507826.5,3577
"787",2021-08-25 00:26:46.202721,13,32.15,52.8,8.5,892591.5,-3507826.5,3577
"788",2021-09-01 23:25:12.155883,12.15,32.35,53.9,8.6,892591.5,-3507826.5,3577
"789",2021-09-10 00:26:50.979836,10.15,31.7,56.5,8.65,892591.5,-3507826.5,3577
"790",2021-09-17 23:23:47.441755,14.1,32.95,51.4,8.6,892591.5,-3507826.5,3577
"791",2021-09-26 00:26:54.118589,8.7,31.8,57.4,8.55,892591.5,-3507826.5,3577
"792",2021-10-03 23:22:21.952239,10.4,32.8,55.15,8.3,892591.5,-3507826.5,3577
"793",2021-10-12 00:26:59.573983,7.3,30.5,60.6,8.2,892605,-3507822,3577
"794",2021-10-19 23:20:56.683964,10.35,31.6,56.5,8.3,892591.5,-3507826.5,3577
"795",2021-11-04 23:19:27.882015,9,33.8,55.65,8.5,892591.5,-3507826.5,3577
"796",2021-11-13 00:26:56.749462,7.9,30.1,60.25,7.9,892591.5,-3507826.5,3577
"797",2021-11-20 23:17:54.367636,8.2,47,43.3,11.8,892591.5,-3507826.5,3577
"798",2021-11-29 00:26:56.446707,5.30769230769231,30.1538461538462,62.4615384615385,12,892588.846153846,-3507818.07692308,3577
"799",2021-12-06 23:16:24.129822,14.7777777777778,30.7777777777778,53.0555555555556,8.5,892595,-3507820,3577
"800",2021-12-15 00:26:55.539007,10.65,29.7,57.7,7.65,892591.5,-3507826.5,3577
"801",2021-12-22 23:14:51.630908,14.6,28.95,54.85,8.45,892591.5,-3507826.5,3577
"802",2021-12-31 00:26:49.604768,11.2,30.35,56.6,8.5,892591.5,-3507826.5,3577
"803",2022-02-17 00:26:38.315442,12.2,31.3,54.75,8.7,892591.5,-3507826.5,3577
"804",2022-03-05 00:26:35.23926,12,19,67,13,892665,-3507795,3577
"805",2022-03-21 00:26:26.788582,18.65,28.4,51.05,8.6,892591.5,-3507826.5,3577
"806",2022-04-06 00:26:21.179451,11.65,35.3,51.15,11.95,892591.5,-3507826.5,3577
"807",2022-04-14 00:26:26.425497,16.7,28.2,53.1,8.25,892591.5,-3507826.5,3577
"808",2022-04-22 00:26:23.527352,17.5,31.15,49.5,8.95,892591.5,-3507826.5,3577
"809",2022-04-30 00:26:19.52758,18.9166666666667,35.25,43.9166666666667,15.9166666666667,892575,-3507822.5,3577
"810",2022-05-08 00:26:27.108459,21.05,30.45,46.85,9.6,892591.5,-3507826.5,3577
"811",2022-05-16 00:26:09.54731,21.95,34.75,41.35,11.8,892591.5,-3507826.5,3577
"812",2022-06-01 00:26:06.464909,23.4,31.75,43.05,11.05,892591.5,-3507826.5,3577
"813",2022-06-25 00:26:48.773588,18.4,15.75,63.95,8.15,892591.5,-3507826.5,3577
"814",2022-07-03 00:26:26.92029,23.35,27.1,47.55,9.55,892591.5,-3507826.5,3577
"815",2022-07-11 00:26:48.861481,20,25.5,52,13,892650,-3507795,3577
"816",2022-07-27 00:26:57.14551,20.95,33.1,44.05,9.75,892591.5,-3507826.5,3577
"817",2022-08-12 00:27:05.341169,20.55,33.1,44.55,9.7,892591.5,-3507826.5,3577
"818",2022-08-20 00:26:48.012988,19.45,19.2,59.45,7.05,892591.5,-3507826.5,3577
"819",2022-09-13 00:27:12.015234,17.1,30.6,50.45,8.9,892591.5,-3507826.5,3577
"820",2022-09-29 00:27:13.42679,17.05,29.6,51.75,7.55,892591.5,-3507826.5,3577
"821",2022-10-07 00:26:55.639137,17.45,33.55,47.15,10.65,892591.5,-3507826.5,3577
"822",2022-11-08 00:27:01.410737,20.6,28.35,49.2,9.7,892591.5,-3507826.5,3577
"823",2022-11-16 00:27:07.001057,21.35,28.8,48.15,9.8,892591.5,-3507826.5,3577
"824",2022-11-24 00:27:02.203807,20.45,28.2,49.5,9.3,892591.5,-3507826.5,3577
"825",2022-12-02 00:27:08.62335,18.25,29.75,50.25,9.3,892591.5,-3507826.5,3577
"826",2022-12-10 00:27:01.851758,16.35,33.15,48.75,9.25,892591.5,-3507826.5,3577
"827",2022-12-26 00:26:59.466558,13.25,37.45,47.5,8.95,892591.5,-3507826.5,3577
"828",2023-01-03 00:26:59.858882,12.5,34.9,50.8,8.95,892591.5,-3507826.5,3577
"829",2023-01-19 00:26:52.309458,12.65,34.3,51.15,9,892591.5,-3507826.5,3577
"830",2023-01-27 00:26:59.029711,12.55,34,51.75,8.85,892591.5,-3507826.5,3577
"831",2023-02-04 00:26:57.564931,14.75,33.1,50.35,9,892591.5,-3507826.5,3577
"832",2023-02-12 00:27:04.717636,14.75,33.35,50.15,9.05,892591.5,-3507826.5,3577
"833",2023-02-20 00:26:45.32072,13.15,34.85,50.2,8.85,892591.5,-3507826.5,3577
