"","time","bs","pv","npv"
"1",1987-09-14 23:40:15.933935,51.6280991735537,14.1652892561983,32.7933884297521
"2",1987-09-30 23:40:37.212964,46.5950413223141,14.9752066115702,37.0413223140496
"3",1987-10-16 23:40:54.868153,58.0743801652893,15.2148760330579,25.1818181818182
"4",1987-12-03 23:41:47.767099,60.5619834710744,15.8925619834711,22.2561983471074
"5",1987-12-19 23:42:01.921778,53.3388429752066,14.6198347107438,30.5289256198347
"6",1988-01-04 23:42:17.768404,48.6694214876033,17.5702479338843,32.5619834710744
"7",1988-01-20 23:42:35.163364,59.4545454545455,21.2066115702479,17.9256198347107
"8",1988-02-21 23:43:07.780137,59.9421487603306,15.7190082644628,22.8099173553719
"9",1988-03-08 23:43:17.243327,62.5785123966942,15.2396694214876,20.9586776859504
"10",1988-04-25 23:43:35.668111,36.5702479338843,28.0495867768595,34.3057851239669
"11",1988-06-12 23:43:58.917621,23.7685950413223,34.9090909090909,39.9834710743802
"12",1988-07-14 23:44:07.065407,16.2396694214876,36.9917355371901,45.495867768595
"13",1988-07-30 23:44:09.265893,25.1652892561983,32.6776859504132,40.7685950413223
"14",1988-08-15 23:44:08.692199,27.8099173553719,29.5371900826446,41.3553719008264
"15",1988-08-31 23:44:12.946169,31.8099173553719,26.0413223140496,40.6859504132231
"16",1988-10-02 23:44:04.104972,37.1157024793388,18.9834710743802,42.7272727272727
"17",1988-11-03 23:44:02.237269,41.0909090909091,15.2066115702479,42.3884297520661
"18",1988-11-19 23:44:00.464844,41.3305785123967,14.4628099173554,42.9421487603306
"19",1988-12-21 23:43:43.668088,42.198347107438,16.3223140495868,40.1900826446281
"20",1989-01-22 23:43:22.896718,43.9256198347107,13.0495867768595,41.6363636363636
"21",1989-02-23 23:43:16.856043,47.8429752066116,13.7190082644628,37.0495867768595
"22",1989-03-27 23:42:23.018741,45.198347107438,12.9586776859504,40.6528925619835
"23",1989-04-12 23:42:32.730572,33.0330578512397,14.2314049586777,51.5454545454545
"24",1989-04-28 23:42:13.305574,43.1652892561983,15.1735537190083,40.1570247933884
"25",1989-06-15 23:41:15.858429,30.8347107438017,25.9090909090909,42.1322314049587
"26",1989-07-01 23:41:04.817816,37.801652892562,16.9669421487603,43.7768595041322
"27",1989-07-17 23:40:44.26016,20.7933884297521,26.198347107438,51.8099173553719
"28",1989-08-02 23:40:24.831763,30.5867768595041,25.5785123966942,42.5123966942149
"29",1989-08-18 23:40:01.554475,43.2314049586777,15.7933884297521,39.5619834710744
"30",1989-09-03 23:39:43.433134,38.0909090909091,20.3801652892562,39.8595041322314
"31",1989-09-19 23:39:11.416057,43.0909090909091,17.8181818181818,37.6280991735537
"32",1989-10-05 23:39:01.25589,45.9917355371901,15.5537190082645,36.9669421487603
"33",1989-11-06 23:38:00.292743,43.7272727272727,9.83471074380165,44.9504132231405
"34",1989-11-22 23:37:23.095642,47.3553719008264,11.4545454545455,39.5785123966942
"35",1989-12-08 23:37:02.924548,44.3057851239669,14.801652892562,39.5289256198347
"36",1990-02-10 23:35:03.214343,51.5950413223141,11.6859504132231,35.5206611570248
"37",1990-02-26 23:34:32.877729,46.5785123966942,11.8842975206612,40.297520661157
"38",1990-03-14 23:33:59.205089,28.6942148760331,14.5619834710744,55.603305785124
"39",1990-05-01 23:33:30.483723,28.8677685950413,22.3553719008264,47.5289256198347
"40",1990-05-17 23:33:41.009982,22.1652892561983,25.8181818181818,51.0909090909091
"41",1990-06-02 23:33:35.951917,24.1239669421488,29.2561983471074,45.5289256198347
"42",1990-06-18 23:33:35.094077,23.0826446280992,29.1818181818182,46.5619834710744
"43",1990-07-04 23:33:33.212716,28.4462809917355,28.6611570247934,41.6942148760331
"44",1990-07-20 23:33:28.905293,33.6776859504132,24.8347107438017,40.0743801652893
"45",1990-08-05 23:33:25.274902,24.2066115702479,30.0165289256198,44.6198347107438
"46",1990-08-21 23:33:21.021908,27.5785123966942,28.4545454545455,42.8760330578512
"47",1990-09-06 23:33:13.929536,29.9752066115702,26.0909090909091,42.6942148760331
"48",1990-09-22 23:33:11.658888,30.8181818181818,22.8429752066116,44.7438016528926
"49",1990-10-08 23:33:00.868388,23.3884297520661,25.198347107438,50.4710743801653
"50",1990-10-24 23:32:56.731238,35.6528925619835,21.297520661157,41.6280991735537
"51",1990-11-25 23:32:44.75346,47.0285714285714,15.6285714285714,35.3428571428571
"52",1990-12-11 23:32:45.211693,39.8595041322314,16.2727272727273,42.297520661157
"53",1990-12-27 23:33:06.163313,37.3636363636364,15.5454545454545,45.4793388429752
"54",1991-01-12 23:33:35.608909,44.0909090909091,15.5454545454545,38.8181818181818
"55",1991-01-28 23:33:59.217812,40.5867768595041,16.9917355371901,41.1735537190083
"56",1991-02-13 23:34:13.118055,37.9752066115703,16.3305785123967,44.603305785124
"57",1991-03-01 23:34:29.884688,43.3553719008264,16.0743801652893,39.1322314049587
"58",1991-03-17 23:34:52.069256,41.0247933884297,17.5702479338843,40.1652892561983
"59",1991-04-02 23:35:04.436329,43.0495867768595,13.900826446281,41.6363636363636
"60",1991-04-18 23:35:21.243913,41.603305785124,16.2892561983471,40.7603305785124
"61",1991-05-04 23:35:41.957492,42.7190082644628,14.3719008264463,41.6363636363636
"62",1991-06-21 23:36:24.599207,37.1404958677686,15.1322314049587,46.504132231405
"63",1991-07-23 23:36:51.843642,43,12.7190082644628,42.7851239669422
"64",1991-08-08 23:36:56.307584,51.6446280991736,11.297520661157,35.7438016528926
"65",1991-08-24 23:37:02.711712,55.5123966942149,11.3305785123967,31.7933884297521
"66",1991-09-25 23:37:21.010772,51.6198347107438,11.4545454545455,35.3471074380165
"67",1991-10-11 23:37:30.704857,54.8181818181818,11.396694214876,32.1818181818182
"68",1991-10-27 23:37:34.187038,60.8925619834711,11.4297520661157,26.1404958677686
"69",1991-11-28 23:37:47.55906,56.5371900826446,10.0909090909091,31.9421487603306
"70",1991-12-14 23:37:51.007755,33.8429752066116,12.5785123966942,52.1652892561983
"71",1992-01-15 23:37:40.223696,52.6198347107438,16.6776859504132,29.2231404958678
"72",1992-01-31 23:37:45.394711,12.6,8.8,77.3
"73",1992-02-16 23:37:33.607621,33.801652892562,33.3884297520661,31.595041322314
"74",1992-03-03 23:37:34.140776,40.4380165289256,24.3388429752066,33.801652892562
"75",1992-03-19 23:37:36.379774,46.495867768595,19.0826446280992,32.6776859504132
"76",1992-04-04 23:37:27.48193,43.1735537190083,19.504132231405,36.0578512396694
"77",1992-05-22 23:37:01.411825,46.8760330578512,13.8264462809917,37.7520661157025
"78",1992-06-07 23:36:53.587961,43.5702479338843,14.404958677686,40.9256198347107
"79",1992-06-23 23:36:41.102807,45.9834710743802,11.9338842975207,40.5206611570248
"80",1992-07-09 23:36:28.999052,50.4628099173554,12.8512396694215,35.4132231404959
"81",1992-07-25 23:36:16.647595,46.5371900826446,12.7355371900826,39.4132231404959
"82",1992-08-10 23:36:03.886473,45.2479338842975,12.9090909090909,40.2479338842975
"83",1992-09-11 23:35:34.707164,55.5785123966942,13.0909090909091,29.8429752066116
"84",1992-11-30 23:34:33.259729,64.3223140495868,11.3801652892562,22.8099173553719
"85",1993-01-01 23:34:53.253028,47.2561983471074,23.7438016528926,27.603305785124
"86",1993-02-02 23:35:16.662823,41.8842975206612,23.4214876033058,33.5206611570248
"87",1993-02-18 23:35:23.268955,46.5371900826446,16.0743801652893,35.8264462809917
"88",1993-03-06 23:35:32.799608,48.198347107438,16.4462809917355,33.7685950413223
"89",1993-04-07 23:35:39.742168,63.8760330578512,11.504132231405,23.2561983471074
"90",1993-04-23 23:35:49.62199,70.7851239669422,5.52892561983471,22.1487603305785
"91",1993-05-09 23:35:53.379518,54.9586776859504,12.495867768595,31.1322314049587
"92",1993-05-25 23:35:57.126379,53.2727272727273,14.4876033057851,30.7685950413223
"93",1993-06-26 23:35:52.138679,49.9669421487603,16.0413223140496,32.396694214876
"94",1993-07-12 23:35:49.268156,41.900826446281,18.7272727272727,37.9090909090909
"95",1993-07-28 23:35:47.2932,39.8347107438017,20.1487603305785,38.7438016528926
"96",1993-08-13 23:35:48.580912,65.404958677686,17.3553719008264,15.9256198347107
"97",1993-10-16 23:35:36.448658,35.7438016528926,11.5537190082645,51.5537190082645
"98",1993-11-01 23:35:29.826195,58.3388429752066,11.9586776859504,28.3140495867769
"99",1993-11-17 23:35:19.270436,56.7355371900826,8.28925619834711,33.2727272727273
"100",1993-12-03 23:35:17.70307,63.6115702479339,11.3140495867769,23.7190082644628
"101",1994-01-04 23:34:58.910429,63.7603305785124,11.5537190082645,23.3140495867769
"102",1994-02-05 23:34:35.153395,62.9256198347107,11.3057851239669,24.2561983471074
"103",1994-02-21 23:34:21.054125,45.2809917355372,15.8925619834711,37.5537190082645
"104",1994-03-25 23:33:52.093063,46.3553719008264,22.1487603305785,30.0578512396694
"105",1994-04-10 23:33:33.709135,50.1487603305785,18.297520661157,29.9504132231405
"106",1994-05-12 23:32:58.374937,48.603305785124,14.7851239669421,35.1404958677686
"107",1994-05-28 23:32:42.516618,52.495867768595,13.504132231405,32.7107438016529
"108",1994-06-29 23:31:59.258595,58.8677685950413,9.98347107438017,29.5619834710744
"109",1994-07-15 23:31:32.58545,52.297520661157,8.72727272727273,37.3884297520661
"110",1994-08-16 23:30:42.249478,59.7272727272727,12.2231404958678,26.5206611570248
"111",1994-09-01 23:30:19.315521,61.2148760330578,9.74380165289256,27.4628099173554
"112",1994-09-17 23:29:54.12788,62.7933884297521,10.6280991735537,25.3884297520661
"113",1994-10-03 23:29:26.55152,63.5619834710744,9.47107438016529,25.2479338842975
"114",1994-10-19 23:28:55.486981,66.8842975206612,10.7685950413223,20.8512396694215
"115",1994-11-04 23:28:21.214111,65.1239669421488,11.3553719008264,21.9090909090909
"116",1994-11-20 23:27:47.937037,68.7190082644628,11.8429752066116,17.8842975206612
"117",1994-12-06 23:27:19.806488,66.1404958677686,13.1487603305785,19.2231404958678
"118",1994-12-22 23:26:49.626907,77.7190082644628,12.8429752066116,7.95867768595041
"119",1995-01-07 23:26:16.501094,57.3553719008264,15.4462809917355,25.6859504132231
"120",1995-02-24 23:24:23.079332,39.5785123966942,25.9669421487603,33.0082644628099
"121",1995-03-12 23:23:44.441014,47.9173553719008,21.5206611570248,29.2727272727273
"122",1995-03-28 23:23:05.106944,49.3388429752066,18.8181818181818,30.3801652892562
"123",1995-04-29 23:21:44.287995,44.3636363636364,18.7355371900826,35.4628099173554
"124",1995-05-31 23:20:15.638032,32.2809917355372,22.6611570247934,43.9338842975207
"125",1995-06-16 23:19:31.695622,26.7603305785124,19.7933884297521,52.1239669421488
"126",1995-07-02 23:18:48.382835,36.3223140495868,22.4214876033058,40.0247933884297
"127",1995-07-18 23:18:04.907933,36.0330578512397,20.4462809917355,42.2148760330578
"128",1995-08-03 23:17:22.278523,43.4628099173554,19.1900826446281,36.0495867768595
"129",1995-08-19 23:16:38.4924,45.6611570247934,15.3388429752066,37.6198347107438
"130",1995-09-20 23:15:05.09671,47.2479338842975,13.6528925619835,37.6859504132231
"131",1995-11-07 23:12:54.014186,50.8677685950413,12.0578512396694,35.603305785124
"132",1995-11-23 23:13:08.621926,48.4132231404959,11.2148760330579,38.9834710743802
"133",1995-12-09 23:14:04.213515,52.1322314049587,14.9752066115702,31.4297520661157
"134",1995-12-25 23:15:15.490321,54.7603305785124,13.6611570247934,30.3305785123967
"135",1996-01-10 23:16:23.909824,52.7438016528926,14.7851239669421,30.8842975206612
"136",1996-01-26 23:17:31.889519,56.1157024793388,14.099173553719,28.2148760330579
"137",1996-02-11 23:18:38.097763,64.9090909090909,15.5702479338843,17.9834710743802
"138",1996-03-14 23:20:45.474131,66.4380165289256,12.8181818181818,19.0413223140496
"139",1996-03-30 23:21:46.579491,63.9421487603306,12.6115702479339,21.9090909090909
"140",1996-04-15 23:22:46.207919,63.9256198347107,14.1570247933884,20.5702479338843
"141",1996-05-17 23:24:39.922733,43.9256198347107,19.9090909090909,34.8181818181818
"142",1996-06-02 23:25:33.841553,40.7685950413223,21.0413223140496,36.900826446281
"143",1996-07-20 23:28:06.55079,29.495867768595,28.5123966942149,40.7520661157025
"144",1996-08-05 23:28:57.438826,32.495867768595,26.8512396694215,39.3801652892562
"145",1996-09-06 23:30:41.44337,40.6198347107438,22.099173553719,35.8677685950413
"146",1996-09-22 23:31:33.959382,47.2479338842975,17.9504132231405,33.5206611570248
"147",1996-10-08 23:32:24.245344,44.3471074380165,17.6528925619835,36.6528925619835
"148",1996-10-24 23:33:12.472964,43.2727272727273,14.6446280991736,40.5950413223141
"149",1996-11-09 23:33:57.945066,45.2148760330578,13.4628099173554,39.801652892562
"150",1996-11-25 23:34:42.926612,48.5454545454545,11.6859504132231,38.3305785123967
"151",1996-12-27 23:36:14.834754,50.0082644628099,6.24793388429752,42.3553719008264
"152",1997-03-01 23:39:04.572881,51.495867768595,13.0330578512397,33.8429752066116
"153",1997-03-17 23:39:41.990909,52.3636363636364,11.603305785124,34.6859504132231
"154",1997-04-02 23:40:17.789691,53.3801652892562,9.86776859504132,35.297520661157
"155",1997-04-18 23:40:52.091459,52.6363636363636,10.2892561983471,35.4132231404959
"156",1997-06-05 23:42:32.892088,50.6280991735537,5.66942148760331,42.1404958677686
"157",1997-06-21 23:43:04.916747,53.396694214876,12.6611570247934,32.495867768595
"158",1997-07-07 23:43:38.386623,45.0495867768595,9.39669421487603,44.1074380165289
"159",1997-07-23 23:44:11.11614,45.0247933884297,13.0495867768595,40.5537190082645
"160",1997-08-08 23:44:42.785516,43.0826446280992,11.2396694214876,44.1900826446281
"161",1997-08-24 23:45:12.820551,52.5289256198347,10.3223140495868,35.5537190082645
"162",1997-09-09 23:45:40.76943,54.1818181818182,10.4214876033058,33.9669421487603
"163",1997-09-25 23:46:08.203395,54.7520661157025,10.900826446281,32.8925619834711
"164",1997-10-27 23:47:00.810723,54.6446280991736,11.4462809917355,32.4462809917355
"165",1997-11-12 23:47:23.998866,47.8677685950413,11.0578512396694,39.7272727272727
"166",1997-12-30 23:48:34.018711,54.5454545454545,13.1487603305785,30.9917355371901
"167",1998-01-15 23:48:55.049339,40.1157024793388,12.1818181818182,46.1322314049587
"168",1998-01-31 23:49:16.034553,48.8677685950413,19.495867768595,30.3057851239669
"169",1998-02-16 23:49:35.102193,48.1735537190083,21.900826446281,28.3388429752066
"170",1998-03-20 23:50:06.115688,53.4049586776859,16.404958677686,28.8181818181818
"171",1998-04-05 23:50:17.689806,56.7107438016529,13.0743801652893,28.5785123966942
"172",1998-05-07 23:50:44.847004,44.1570247933884,14.2066115702479,40.0413223140496
"173",1998-05-23 23:50:59.55817,39.099173553719,21.6694214876033,37.9917355371901
"174",1998-06-08 23:51:14.011955,35.6942148760331,18.4793388429752,44.2066115702479
"175",1998-08-11 23:51:51.659622,36.0743801652893,21.6694214876033,40.7190082644628
"176",1998-08-27 23:52:02.973336,22.198347107438,31.9917355371901,44.5454545454545
"177",1998-09-12 23:52:09.705082,17.7933884297521,33.8099173553719,47.2479338842975
"178",1998-09-28 23:52:14.660202,22.2479338842975,32.3223140495868,43.9834710743802
"179",1998-10-14 23:52:13.84786,25.6694214876033,31.0165289256198,42.1239669421488
"180",1998-11-15 23:52:27.245281,29.8512396694215,22.7768595041322,46.2809917355372
"181",1998-12-01 23:52:23.820514,31.6280991735537,21.2561983471074,45.900826446281
"182",1999-01-02 23:52:30.644208,29.6611570247934,19.099173553719,50.2396694214876
"183",1999-01-18 23:52:25.290473,31.9834710743802,19.0082644628099,47.8347107438017
"184",1999-02-03 23:52:32.089998,33.1074380165289,17.7107438016529,47.7603305785124
"185",1999-02-19 23:52:40.734679,38.3553719008264,15.6611570247934,44.6446280991736
"186",1999-03-23 23:52:17.562122,32.5206611570248,15.9669421487603,50.4214876033058
"187",1999-04-24 23:52:08.748698,51.9173553719008,10.3471074380165,36.1652892561983
"188",1999-05-10 23:51:59.924395,42.6859504132231,16.3057851239669,39.5702479338843
"189",1999-06-11 23:51:23.319778,30.0909090909091,18.1239669421488,50.5454545454545
"190",1999-06-27 23:51:14.386243,26.396694214876,18.404958677686,54.0826446280992
"191",1999-07-22 00:06:12.353832,36.04,15.71,46.89
"192",1999-08-07 00:06:19.867715,40.8099173553719,11.2231404958678,46.3801652892562
"193",1999-08-14 23:51:01.482687,41.0578512396694,11.5619834710744,46.0413223140496
"194",1999-08-23 00:06:18.895195,42.702479338843,10.801652892562,45.1570247933884
"195",1999-08-30 23:50:39.710099,41,11.6859504132231,45.7768595041322
"196",1999-09-08 00:06:19.793432,43.8677685950413,11.0661157024793,43.6446280991736
"197",1999-10-17 23:50:00.223359,47.4876033057851,8.83471074380165,42.2727272727273
"198",1999-11-02 23:49:34.238936,46.4876033057851,7.85123966942149,44.2727272727273
"199",1999-11-18 23:48:59.555967,44.4049586776859,11.5702479338843,42.5950413223141
"200",1999-12-04 23:48:33.28362,44.0247933884297,15.8677685950413,38.7107438016529
"201",1999-12-13 00:06:22.325062,35.1818181818182,22.504132231405,41.0909090909091
"202",1999-12-20 23:48:31.279401,35.2727272727273,19.8264462809917,43.5206611570248
"203",1999-12-29 00:06:11.395765,21.7190082644628,26.6611570247934,50.2727272727273
"204",2000-01-14 00:06:14.895987,33.1570247933884,24.5867768595041,41.0082644628099
"205",2000-01-30 00:06:13.358656,38.4049586776859,20.9752066115702,39.4710743801653
"206",2000-03-02 00:06:03.472499,29.9338842975207,26.4793388429752,42.4876033057851
"207",2000-03-18 00:06:00.639747,17.0247933884298,31.6115702479339,50.3636363636364
"208",2000-04-03 00:05:54.215693,47.4628099173554,28.5206611570248,22.9669421487603
"209",2000-04-19 00:05:40.665584,16.7272727272727,34.198347107438,48.1239669421488
"210",2000-05-21 00:05:27.330724,18.595041322314,30.2066115702479,50.0495867768595
"211",2000-06-06 00:05:16.177217,23.0495867768595,25.9256198347107,49.7355371900826
"212",2000-06-22 00:05:12.845554,24.7107438016529,23.0578512396694,51.2148760330578
"213",2000-08-09 00:04:28.864085,23.2066115702479,21.1487603305785,54.5950413223141
"214",2000-08-25 00:04:23.83933,28.9669421487603,20.1239669421488,49.7603305785124
"215",2000-09-10 00:04:07.451814,32.1322314049587,18.4793388429752,48.0495867768595
"216",2000-09-26 00:03:51.763758,32.2314049586777,16.7933884297521,49.6363636363636
"217",2000-11-13 00:03:45.638237,19.900826446281,22.6363636363636,56.4462809917355
"218",2000-11-29 00:03:47.771455,26.1074380165289,26.9834710743802,45.7355371900826
"219",2000-12-15 00:03:49.660805,24.2231404958678,25.3223140495868,49.4049586776859
"220",2000-12-31 00:03:50.336095,36.1735537190083,21.4545454545455,41.2479338842975
"221",2001-01-16 00:03:54.030275,36.2809917355372,15.7355371900826,46.6363636363636
"222",2001-02-17 00:03:50.576656,32.2809917355372,20.6528925619835,45.9421487603306
"223",2001-03-05 00:03:45.70654,32.9669421487603,20.7685950413223,45.0247933884297
"224",2001-04-06 00:03:27.731449,34.3140495867769,18.5867768595041,45.6611570247934
"225",2001-04-22 00:03:30.994537,33.4049586776859,17.9421487603306,47.5206611570248
"226",2001-05-08 00:03:26.165117,34.2561983471074,17.5454545454545,47.2066115702479
"227",2001-06-09 00:03:03.325442,26.504132231405,19.3553719008264,53.1322314049587
"228",2001-06-25 00:02:47.775279,26.404958677686,22.5867768595041,49.7851239669422
"229",2001-07-27 00:02:38.774962,26.5702479338843,22.9090909090909,49.3223140495868
"230",2001-08-28 00:02:09.633288,34.5371900826446,19.5371900826446,44.4876033057851
"231",2001-09-13 00:01:58.425035,36.7851239669422,17.3388429752066,44.6198347107438
"232",2001-09-29 00:01:48.823348,40.6942148760331,13.3884297520661,44.7190082644628
"233",2001-10-15 00:01:38.529631,40.3388429752066,14.8512396694215,43.5702479338843
"234",2001-10-31 00:01:41.298318,42.9586776859504,14.396694214876,41.3471074380165
"235",2001-11-16 00:01:55.643546,43.0330578512397,14.0082644628099,41.5702479338843
"236",2001-12-18 00:02:04.433738,45.6446280991736,15.8595041322314,36.9752066115703
"237",2002-01-03 00:02:02.659553,48.4132231404959,15.5785123966942,34.4049586776859
"238",2002-01-19 00:02:15.011561,47.0413223140496,14.0165289256198,37.5950413223141
"239",2002-03-08 00:02:20.977135,43.9338842975207,16.6942148760331,38.1322314049587
"240",2002-03-24 00:02:14.010277,47.4214876033058,14.7355371900826,36.3636363636364
"241",2002-04-09 00:02:14.426909,46.7438016528926,15.1487603305785,36.7190082644628
"242",2002-04-25 00:02:11.939966,42.7355371900826,17.6859504132231,38.2644628099174
"243",2002-05-11 00:02:12.678724,45.2479338842975,16.3471074380165,37.0661157024793
"244",2002-05-27 00:02:03.755613,36.7520661157025,19.0495867768595,42.8842975206612
"245",2002-06-28 00:01:51.312945,42.9917355371901,17.4628099173554,38.1322314049587
"246",2002-07-30 00:01:39.534516,47.4297520661157,16.0826446280992,35.0495867768595
"247",2002-08-15 00:01:35.580063,53.3801652892562,15.6611570247934,29.6198347107438
"248",2002-10-02 00:01:08.163336,57.2561983471074,14.8842975206612,26.3801652892562
"249",2002-10-18 00:01:10.384113,57.7933884297521,14.8099173553719,25.9090909090909
"250",2002-11-03 00:01:16.296045,57.8925619834711,10.1239669421488,30.603305785124
"251",2002-12-21 00:01:43.349844,54.0661157024793,14.7190082644628,29.8842975206612
"252",2003-01-06 00:01:44.263825,55.3140495867769,15.6528925619835,27.5454545454545
"253",2003-01-22 00:01:54.556582,59.8181818181818,12.0247933884298,26.6942148760331
"254",2003-02-23 00:02:04.962272,36.7685950413223,6.56198347107438,55.4214876033058
"255",2003-03-11 00:02:10.123362,53.0909090909091,18.7933884297521,26.8677685950413
"256",2003-04-12 00:02:10.885698,54.297520661157,16.2066115702479,28.0826446280992
"257",2003-04-28 00:02:10.785666,40.2066115702479,17.5123966942149,41.1735537190083
"258",2003-05-30 00:02:07.467179,48.9917355371901,16.9669421487603,32.6528925619835
"259",2003-07-17 00:01:58.76207,48.6776859504132,18.6280991735537,31.3553719008264
"260",2003-07-24 23:50:00.168162,44.0578512396694,18.396694214876,36
"261",2003-08-02 00:01:50.801684,52.4462809917355,18.6528925619835,27.2727272727273
"262",2003-08-09 23:50:17.077596,67.702479338843,9.8099173553719,20.8347107438017
"263",2003-08-18 00:01:49.682867,49.198347107438,17.2892561983471,32.0247933884297
"264",2003-08-25 23:50:34.825753,49.6859504132231,12.2561983471074,36.5702479338843
"265",2003-09-10 23:50:51.175715,58.4628099173554,14.0661157024793,26
"266",2003-09-19 00:01:38.525669,57.9508196721311,17.016393442623,23.4098360655738
"267",2003-09-26 23:51:04.406378,61.8595041322314,14.1735537190083,22.404958677686
"268",2003-10-05 00:01:34.791601,58.3553719008264,16.297520661157,23.9752066115702
"269",2003-10-12 23:51:16.935021,58.801652892562,12.5867768595041,27.0413223140496
"270",2003-10-21 00:01:42.640174,56.7851239669422,14.7272727272727,26.8760330578512
"271",2003-10-28 23:51:27.995666,67.8181818181818,11.6280991735537,18.9917355371901
"272",2003-11-13 23:51:40.013231,55.1404958677686,10.5619834710744,32.6776859504132
"273",2003-11-22 00:02:04.800442,52.14,10.1,36.12
"274",2003-11-29 23:51:55.330498,37.0571428571429,5.08571428571429,56.4285714285714
"275",2003-12-08 00:02:08.360461,55.2148760330578,16.2314049586777,27.2231404958678
"276",2003-12-15 23:52:00.358278,53.4710743801653,12.4545454545455,32.7520661157025
"277",2003-12-24 00:02:17.238067,52.0869565217391,1.34782608695652,45.0652173913044
"278",2004-01-09 00:02:20.473686,61.1735537190083,13.1570247933884,24.297520661157
"279",2004-01-16 23:52:11.170111,45.5537190082645,12.0661157024793,41.0661157024793
"280",2004-01-25 00:02:27.796985,53.8760330578512,15.3636363636364,29.3305785123967
"281",2004-02-10 00:02:32.069321,57.3884297520661,14.7851239669421,26.5702479338843
"282",2004-02-17 23:52:21.702781,52.7190082644628,16.6446280991736,29.2479338842975
"283",2004-02-26 00:02:31.299492,55.588785046729,16.2616822429907,26.9158878504673
"284",2004-03-04 23:52:26.164861,62.3388429752066,15.0413223140496,20.8925619834711
"285",2004-03-13 00:02:39.80673,48.504132231405,4.56198347107438,45.3884297520661
"286",2004-03-20 23:52:32.121546,61.8512396694215,13.8512396694215,23
"287",2004-03-29 00:02:41.929948,62.2796610169492,13.5084745762712,22.8728813559322
"288",2004-04-05 23:52:48.651809,58.5950413223141,15.3884297520661,24.4380165289256
"289",2004-04-14 00:02:35.955757,61.5769230769231,14.4615384615385,22.5
"290",2004-04-21 23:53:17.767858,63.0909090909091,14.1487603305785,21.2231404958678
"291",2004-04-30 00:02:34.957579,40.5123966942149,9.36363636363636,48.5867768595041
"292",2004-05-07 23:53:45.07605,45.6280991735537,13,39.7272727272727
"293",2004-05-16 00:02:36.710653,50.5702479338843,15.801652892562,32.2479338842975
"294",2004-05-23 23:54:12.345293,31.9917355371901,16.603305785124,49.9090909090909
"295",2004-06-08 23:54:41.199609,33.1487603305785,29.4132231404959,36.1735537190083
"296",2004-06-17 00:02:26.222999,29.7933884297521,31.8595041322314,37.0247933884297
"297",2004-06-24 23:55:09.589758,31.4380165289256,29.495867768595,37.6198347107438
"298",2004-07-03 00:02:25.938906,30.3636363636364,30.2479338842975,38
"299",2004-07-26 23:56:00.402619,36.3220338983051,22.5593220338983,39.5593220338983
"300",2004-08-04 00:02:13.243624,26.4132231404959,33.0165289256198,39.1322314049587
"301",2004-08-11 23:56:19.255605,34.9421487603306,28,35.6859504132231
"302",2004-08-20 00:02:12.881005,34.1818181818182,27.1570247933884,37.0330578512397
"303",2004-08-27 23:56:46.17795,40.2314049586777,22.6446280991736,35.6528925619835
"304",2004-09-05 00:02:08.036633,32,27.6942148760331,39.0247933884297
"305",2004-09-12 23:57:11.9626,39.7190082644628,24.7851239669421,34.3223140495868
"306",2004-09-21 00:02:02.393075,39.6198347107438,23.3223140495868,35.5702479338843
"307",2004-09-28 23:57:34.33313,44.3719008264463,16.1818181818182,37.9338842975207
"308",2004-10-07 00:01:54.756144,46.3305785123967,19.801652892562,32.6859504132231
"309",2004-10-14 23:57:55.135798,43.0632911392405,11.4177215189873,43.9873417721519
"310",2004-10-30 23:58:14.731591,44.5371900826446,16.7190082644628,37.2479338842975
"311",2004-11-08 00:02:20.608875,41.9669421487603,19.5371900826446,37.1735537190083
"312",2004-11-15 23:58:28.540631,46.6198347107438,17.3553719008264,34.6528925619835
"313",2004-11-24 00:02:27.68592,43.900826446281,19.0082644628099,35.7520661157025
"314",2004-12-01 23:58:50.581201,46.5371900826446,17.7107438016529,34.3884297520661
"315",2004-12-10 00:02:35.575514,42.5454545454545,9.06611570247934,46.9669421487603
"316",2004-12-17 23:59:09.09263,46.495867768595,13.2066115702479,38.8512396694215
"317",2004-12-26 00:02:43.674029,45.6611570247934,18.5371900826446,34.5619834710744
"318",2005-01-11 00:02:48.952399,44.3057851239669,17.0413223140496,37.2727272727273
"319",2005-01-18 23:59:35.349555,44.2164948453608,4.54639175257732,49.7628865979381
"320",2005-01-27 00:02:49.478319,43.9752066115703,16.6446280991736,37.7190082644628
"321",2005-02-03 23:59:47.438705,46.0909090909091,14.3636363636364,38.2066115702479
"322",2005-02-12 00:03:00.025245,43.8760330578512,17.198347107438,37.5371900826446
"323",2005-02-19 00:00:04.206749,42.8595041322314,15.595041322314,40.3553719008264
"324",2005-02-28 00:03:05.645411,42.0909090909091,18.2987012987013,38.3376623376623
"325",2005-03-08 00:00:17.799826,44.2479338842975,15.1157024793388,39.0247933884297
"326",2005-03-16 00:03:07.496927,46.0892857142857,10.5535714285714,41.9107142857143
"327",2005-03-24 00:00:26.655414,43.801652892562,10.6363636363636,44.3057851239669
"328",2005-04-01 00:03:04.758786,46.2314049586777,15.8429752066116,36.6363636363636
"329",2005-04-09 00:00:30.940127,42.8099173553719,15.5454545454545,40.3140495867769
"330",2005-04-17 00:02:58.105324,52.7685950413223,17.6363636363636,28.2561983471074
"331",2005-04-25 00:00:34.703718,45.5123966942149,14.7851239669421,38.4793388429752
"332",2005-05-03 00:03:00.996123,47.9256198347107,15.3719008264463,35.1570247933884
"333",2005-05-11 00:00:41.066581,49,7,43.3333333333333
"334",2005-05-19 00:03:01.862491,43.2637362637363,16.4395604395604,39.1318681318681
"335",2005-05-27 00:00:49.473184,43.6942148760331,15.6776859504132,39.2892561983471
"336",2005-06-04 00:02:57.330303,48.2066115702479,13.4462809917355,36.9256198347107
"337",2005-06-12 00:00:57.390162,30.1570247933884,15.1570247933884,53.4380165289256
"338",2005-07-06 00:02:50.266699,41.9586776859504,18.1818181818182,38.5702479338843
"339",2005-07-14 00:01:09.286104,38.5619834710744,20.2066115702479,39.9090909090909
"340",2005-07-22 00:02:50.504272,38.7933884297521,19.5371900826446,40.3553719008264
"341",2005-07-30 00:01:19.471688,44.1487603305785,16.0413223140496,38.3223140495868
"342",2005-08-07 00:02:47.748726,38.6446280991736,18.9917355371901,41.0165289256198
"343",2005-08-15 00:01:26.836293,46.1157024793388,15.9256198347107,36.5454545454545
"344",2005-08-23 00:02:41.989901,43.5371900826446,17.2644628099174,37.900826446281
"345",2005-08-31 00:01:31.856062,59.6446280991736,12.3801652892562,26.3719008264463
"346",2005-09-08 00:02:32.819336,43.9669421487603,16.1735537190083,38.5454545454545
"347",2005-09-24 00:02:29.614432,44.3223140495868,16.6115702479339,37.7438016528926
"348",2005-10-02 00:01:30.728703,52.7851239669422,11.5206611570248,34.0909090909091
"349",2005-10-10 00:02:27.579211,48.7933884297521,14.4462809917355,35.4132231404959
"350",2005-10-18 00:01:27.972297,46.3636363636364,6.52272727272727,45.8636363636364
"351",2005-11-11 00:02:52.299566,47.6776859504132,16,34.8512396694215
"352",2005-11-19 00:01:54.069689,50.3140495867769,13.3471074380165,35.0247933884297
"353",2005-11-27 00:02:59.273667,48.5785123966942,15.0165289256198,34.9338842975207
"354",2005-12-13 00:03:02.381246,50.099173553719,13.3388429752066,35.2892561983471
"355",2005-12-29 00:03:09.006941,53.4545454545455,11.495867768595,33.5123966942149
"356",2006-01-14 00:03:17.5801,47.7520661157025,11.7603305785124,39.0743801652893
"357",2006-01-22 00:03:23.462596,47.8099173553719,11.404958677686,39.4710743801653
"358",2006-01-30 00:03:24.536032,50.6115702479339,15.0330578512397,33.1404958677686
"359",2006-02-07 00:03:46.362039,53,10.1074380165289,35.4545454545455
"360",2006-02-15 00:03:28.912552,45,2,52
"361",2006-03-11 00:04:27.053034,46.7768595041322,11.3305785123967,40.6942148760331
"362",2006-04-04 00:03:28.9938,46.6942148760331,14.2314049586777,37.6115702479339
"363",2006-04-12 00:05:03.021038,58.4049586776859,10.2066115702479,29.8925619834711
"364",2006-04-20 00:03:24.978625,49.5702479338843,17.5454545454545,31.495867768595
"365",2006-05-06 00:03:28.859725,46.1652892561983,16.8677685950413,35.5950413223141
"366",2006-05-30 00:05:44.608981,49.9586776859504,13.0247933884298,35.5371900826446
"367",2006-06-07 00:03:27.303094,43.9256198347107,16.6363636363636,38.0495867768595
"368",2006-06-15 00:05:59.642297,46.099173553719,14.4380165289256,38.2231404958678
"369",2006-07-01 00:06:14.657913,34.9090909090909,18.3223140495868,45.2809917355372
"370",2006-07-09 00:03:15.89121,48.0413223140496,11.7190082644628,38.3801652892562
"371",2006-07-25 00:03:07.237989,26.5123966942149,22.7768595041322,49.3388429752066
"372",2006-08-10 00:03:06.165442,32.2479338842975,27.6611570247934,38.6280991735537
"373",2006-08-18 00:06:52.64198,40.6363636363636,18.5619834710744,39.3801652892562
"374",2006-08-26 00:03:03.736387,43.0330578512397,19.7603305785124,35.9421487603306
"375",2006-09-11 00:02:59.190072,42.1074380165289,16.6446280991736,40.0082644628099
"376",2006-09-19 00:07:16.441576,50.7520661157025,13.8595041322314,34.1322314049587
"377",2006-10-05 00:07:27.243661,54.1652892561983,11.1900826446281,33.2809917355372
"378",2006-10-13 00:02:51.512682,52.4710743801653,13.7272727272727,32.4628099173554
"379",2006-10-21 00:07:36.952083,50.9669421487603,11.8512396694215,35.8595041322314
"380",2006-10-29 00:03:07.347404,52.603305785124,13.7768595041322,32.3305785123967
"381",2006-11-06 00:07:45.969281,54.3305785123967,11.3305785123967,32.6198347107438
"382",2006-11-14 00:03:20.312162,52.6185567010309,13.3814432989691,32.4948453608247
"383",2006-11-22 00:07:54.226592,58.1570247933884,11.3719008264463,29.0826446280992
"384",2006-11-30 00:03:29.829184,54.05,9.46,35.22
"385",2006-12-08 00:08:02.334998,53.4628099173554,10.9256198347107,34.0165289256198
"386",2006-12-16 00:03:35.846996,55.1818181818182,12.0743801652893,31.3140495867769
"387",2007-01-09 00:08:16.550028,54.1074380165289,12.7685950413223,31.6694214876033
"388",2007-02-02 00:03:46.08725,47.0743801652893,19.9586776859504,31.5702479338843
"389",2007-02-10 00:08:23.710125,51.3801652892562,19.3388429752066,27.7107438016529
"390",2007-02-18 00:03:51.854419,50.7627118644068,7.98305084745763,39.5508474576271
"391",2007-03-06 00:03:55.585491,51.5702479338843,16.9173553719008,30.0247933884298
"392",2007-03-14 00:08:21.546577,53.8595041322314,6.30578512396694,38.6198347107438
"393",2007-03-22 00:03:57.331999,54.0826446280992,20.7355371900826,23.5702479338843
"394",2007-03-30 00:08:18.239291,46.5950413223141,18.3884297520661,33.6776859504132
"395",2007-04-07 00:03:56.992261,48.4710743801653,19.3305785123967,30.6694214876033
"396",2007-04-15 00:08:13.190066,49.9090909090909,18.2396694214876,30.6115702479339
"397",2007-04-23 00:03:54.511827,47.702479338843,20.7768595041322,30.3057851239669
"398",2007-05-01 00:08:06.098343,43.4793388429752,18.2479338842975,36.7933884297521
"399",2007-05-09 00:03:49.876585,60.4793388429752,21.9752066115702,16.2231404958678
"400",2007-05-25 00:03:42.904722,30.6363636363636,24.6280991735537,43.6115702479339
"401",2007-06-02 00:07:41.836964,32.1570247933884,24.6611570247934,41.8925619834711
"402",2007-06-10 00:03:41.094145,25.495867768595,30.2314049586777,42.9834710743802
"403",2007-06-26 00:03:40.375687,31.0165289256198,27.1404958677686,40.4628099173554
"404",2007-07-04 00:07:09.783699,37,24.6198347107438,37.0578512396694
"405",2007-07-12 00:03:37.95683,35.8925619834711,24.5785123966942,38.2148760330578
"406",2007-07-20 00:07:02.530758,39.9256198347107,21.7438016528926,37.0826446280992
"407",2007-07-28 00:03:33.937041,42.5206611570248,20.5619834710744,35.7190082644628
"408",2007-08-05 00:06:54.098326,43.0826446280992,16.8347107438017,38.8181818181818
"409",2007-08-13 00:03:28.529064,46.0247933884297,17.1404958677686,35.3388429752066
"410",2007-08-21 00:06:44.22374,47,15.9421487603306,35.3553719008264
"411",2007-08-29 00:03:21.708872,49.4380165289256,16.7520661157025,32.2231404958678
"412",2007-09-06 00:06:35.345858,52.1239669421488,14.9504132231405,31.3719008264463
"413",2007-09-14 00:03:14.215992,52.1735537190083,14.5867768595041,31.8595041322314
"414",2007-09-22 00:06:27.589398,58.5867768595041,14.2066115702479,25.6859504132231
"415",2007-09-30 00:03:10.236347,55.3057851239669,16.198347107438,26.9586776859504
"416",2007-10-16 00:03:12.843937,51.8099173553719,17.2231404958678,29.3388429752066
"417",2007-11-01 00:03:24.167661,55.4214876033058,12.7355371900826,30.396694214876
"418",2007-11-17 00:03:33.273104,53.5123966942149,17.3471074380165,27.7520661157025
"419",2007-12-03 00:03:40.022197,46.2809917355372,20.1818181818182,32.2561983471074
"420",2007-12-19 00:03:44.461963,18.3636363636364,5.09090909090909,75.2727272727273
"421",2008-01-04 00:03:46.515623,42.9320388349515,18.4563106796117,37.1844660194175
"422",2008-01-12 00:04:37.492427,46.1735537190083,20.3801652892562,32.198347107438
"423",2008-01-20 00:03:46.381681,24.7190082644628,24.2148760330579,49.5289256198347
"424",2008-01-28 00:04:18.743701,33.2644628099174,30.2066115702479,35.0661157024793
"425",2008-02-05 00:03:44.271355,25.8347107438017,30.5123966942149,42.2809917355372
"426",2008-02-13 00:04:02.700753,27.6280991735537,28.801652892562,42.3471074380165
"427",2008-02-29 00:03:44.956681,34.6611570247934,25.1157024793388,39.0247933884297
"428",2008-03-08 00:03:34.581066,36.0578512396694,26.404958677686,36.0165289256198
"429",2008-03-16 00:03:25.851573,35.8595041322314,22.4710743801653,40.495867768595
"430",2008-04-01 00:03:05.30188,34.4545454545455,22.9917355371901,41.2231404958678
"431",2008-04-09 00:03:33.598524,47.3471074380165,16.8264462809917,34.2148760330578
"432",2008-04-25 00:03:31.085265,34.801652892562,24.4710743801653,39.3801652892562
"433",2008-05-11 00:03:26.42834,34.3719008264463,24.2892561983471,40.1404958677686
"434",2008-06-12 00:03:11.515904,31.4107142857143,13.0892857142857,54.6607142857143
"435",2008-06-28 00:03:01.473958,23.7685950413223,28.6776859504132,46.4380165289256
"436",2008-07-14 00:02:50.038331,27.5,27.21875,44
"437",2008-07-30 00:02:40.93007,28.4628099173554,26.0578512396694,44.2231404958678
"438",2008-08-15 00:02:34.973701,34.8846153846154,20.7307692307692,43.0384615384615
"439",2008-09-07 23:58:41.760777,37.8181818181818,21.0826446280992,39.4876033057851
"440",2008-09-16 00:02:19.391068,38.6859504132231,20.7851239669421,39.3388429752066
"441",2008-09-23 23:58:12.253132,41.396694214876,17.7438016528926,39.5950413223141
"442",2008-10-02 00:02:09.547686,40.8347107438017,17.495867768595,40.3305785123967
"443",2008-10-09 23:57:41.033551,45.7933884297521,18.4545454545455,34.2396694214876
"444",2008-10-18 00:02:08.620313,40.6528925619835,21.4380165289256,36.5702479338843
"445",2008-10-25 23:57:08.64413,50.4793388429752,18.0413223140496,30.2066115702479
"446",2008-11-26 23:57:05.266199,43.6776859504132,16.5867768595041,38.2809917355372
"447",2008-12-21 00:02:57.847337,41.4545454545455,19.8264462809917,37.1404958677686
"448",2008-12-28 23:58:02.506822,45.8677685950413,16.9752066115702,35.6694214876033
"449",2009-01-06 00:03:04.024546,43.6931818181818,18.1477272727273,36.7159090909091
"450",2009-01-13 23:58:26.581631,44.3057851239669,16.9586776859504,37.3719008264463
"451",2009-01-29 23:58:52.696264,49.2314049586777,13.9090909090909,35.4214876033058
"452",2009-02-07 00:03:14.512446,46,19.0082644628099,33.7520661157025
"453",2009-02-23 00:03:24.298736,42.2077922077922,16.2727272727273,40.025974025974
"454",2009-03-02 23:59:40.66961,41.6115702479339,18.1239669421488,38.7768595041322
"455",2009-03-11 00:03:32.639079,43.8429752066116,20.3388429752066,34.5454545454545
"456",2009-03-18 00:00:02.862654,42.5785123966942,18.7107438016529,37.1239669421488
"457",2009-04-04 00:00:23.538102,31.4545454545455,16.900826446281,50.5206611570248
"458",2009-04-12 00:03:45.053981,37.3050847457627,13.7796610169492,47.4745762711864
"459",2009-04-20 00:00:42.347992,38.0247933884297,21.396694214876,39.4793388429752
"460",2009-04-28 00:03:49.010873,35.5963302752294,24,38.9633027522936
"461",2009-05-06 00:00:59.984754,39.4462809917355,20.5289256198347,38.801652892562
"462",2009-05-14 00:03:51.392482,36.396694214876,23.099173553719,39.3057851239669
"463",2009-05-22 00:01:17.742144,26.2314049586777,22.8760330578512,49.7438016528926
"464",2009-05-30 00:03:51.968223,28.6016949152542,26.2203389830508,43.8813559322034
"465",2009-06-07 00:01:34.528008,26.2148760330579,23.9090909090909,48.5619834710744
"466",2009-06-15 00:03:50.85525,29.4876033057851,25.2148760330579,44.0495867768595
"467",2009-07-01 00:03:48.258223,47.0578512396694,8.8099173553719,42.6528925619835
"468",2009-07-17 00:03:44.289531,22.3223140495868,26.1487603305785,50.4297520661157
"469",2009-07-25 00:02:25.512816,33.7520661157025,24.4628099173554,40.5371900826446
"470",2009-08-02 00:03:39.030659,35.4605263157895,24.3289473684211,39.0263157894737
"471",2009-08-18 00:03:35.576947,37.1487603305785,21.8347107438017,39.4545454545455
"472",2009-09-11 00:03:07.125933,48.0743801652893,16.3636363636364,34.2231404958678
"473",2009-09-19 00:03:34.360255,56.4392523364486,14.8598130841121,27.3644859813084
"474",2009-09-27 00:03:19.104315,57.6694214876033,13.8181818181818,26.9586776859504
"475",2009-10-05 00:03:31.598203,64.4214876033058,16.404958677686,17.7603305785124
"476",2009-10-13 00:03:29.829376,58.8099173553719,11.6198347107438,28.1322314049587
"477",2009-10-21 00:03:39.488518,55.4793388429752,16.4132231404959,26.6859504132231
"478",2009-11-06 00:03:54.467265,48.0340909090909,17.1704545454545,33.5227272727273
"479",2009-11-14 00:03:46.328899,55.8512396694215,12.3801652892562,30.1487603305785
"480",2009-11-30 00:03:53.847714,56.5785123966942,14.2314049586777,27.7933884297521
"481",2009-12-08 00:04:17.181324,51.8347107438017,16.297520661157,30.603305785124
"482",2009-12-16 00:04:02.640031,53.7933884297521,11.9917355371901,32.7603305785124
"483",2010-01-09 00:04:50.551278,32.8347107438017,26.1900826446281,39.6528925619835
"484",2010-01-17 00:04:13.330518,40.4710743801653,25.5702479338843,32.5537190082645
"485",2010-01-25 00:05:04.585409,38.5242718446602,25.252427184466,34.6796116504854
"486",2010-02-10 00:05:16.591459,15.8623853211009,33.9724770642202,48.7981651376147
"487",2010-02-18 00:04:20.163949,20.5867768595041,42.1404958677686,36.1074380165289
"488",2010-03-14 00:05:32.816743,17.0660377358491,38.311320754717,43.2169811320755
"489",2010-03-22 00:04:22.357801,25.1900826446281,33.5289256198347,39.9173553719008
"490",2010-04-15 00:05:38.198987,20.5932203389831,29.8050847457627,48.6271186440678
"491",2010-05-01 00:05:36.488208,22.9752066115702,28.099173553719,47.6776859504132
"492",2010-05-09 00:04:13.333403,27.8099173553719,25.0247933884298,45.9917355371901
"493",2010-07-04 00:05:37.288038,26.3305785123967,21.801652892562,50.495867768595
"494",2010-07-20 00:05:38.622762,33.7692307692308,17,47.8076923076923
"495",2010-08-05 00:05:38.045196,22.3719008264463,23.9173553719008,52.5702479338843
"496",2010-08-21 00:05:39.944126,23.2336448598131,22.9439252336449,52.8504672897196
"497",2010-08-29 00:03:41.694971,27.1818181818182,18.8264462809917,52.6776859504132
"498",2010-09-06 00:05:42.327587,21.5123966942149,24.9504132231405,52.1487603305785
"499",2010-09-14 00:03:37.264401,24.2148760330579,21.8925619834711,52.8595041322314
"500",2010-09-22 00:05:42.388866,28.4462809917355,20.4132231404959,49.8925619834711
"501",2010-10-08 00:05:43.133585,27.1818181818182,24.9752066115702,46.7272727272727
"502",2010-11-01 00:03:15.220675,23.0495867768595,21.4214876033058,54.3057851239669
"503",2010-11-09 00:06:03.490296,30.8260869565217,17.3217391304348,50.7913043478261
"504",2010-11-17 00:03:12.982797,22.9647058823529,16.6588235294118,59.1294117647059
"505",2010-11-25 00:06:15.904069,30.3305785123967,19.4132231404959,48.8842975206612
"506",2010-12-11 00:06:24.805498,18.9834710743802,29.4462809917355,50.4214876033058
"507",2010-12-27 00:06:32.623671,25.3714285714286,26.0285714285714,47.6428571428571
"508",2011-01-04 00:03:20.208068,19.4214876033058,22.3140495867769,57.1322314049587
"509",2011-01-12 00:06:41.509175,23.1322314049587,24.6859504132231,50.7851239669422
"510",2011-01-20 00:03:21.220669,18.0165289256198,27.6694214876033,53.2727272727273
"511",2011-02-05 00:03:23.133125,13.2314049586777,24.5537190082645,61.1900826446281
"512",2011-03-25 00:03:14.767655,33.1322314049587,17.4545454545455,47.8512396694215
"513",2011-04-02 00:07:02.219447,23.2561983471074,26.1900826446281,49.3719008264463
"514",2011-04-10 00:03:12.067069,24.7520661157025,23.8099173553719,50.3719008264463
"515",2011-04-18 00:07:01.043789,19.4545454545455,25.8595041322314,53.5371900826446
"516",2011-04-26 00:03:04.169632,23.198347107438,22.5537190082645,53.0743801652893
"517",2011-05-04 00:07:02.187868,17.4214876033058,25.8099173553719,55.6776859504132
"518",2011-05-12 00:02:59.93347,19.396694214876,24.0330578512397,55.5371900826446
"519",2011-06-05 00:07:01.618365,20.8305084745763,22.8728813559322,55.0423728813559
"520",2011-06-21 00:06:58.934979,21.8099173553719,24.1074380165289,52.9421487603306
"521",2011-07-07 00:06:56.69308,23.6446280991736,21.9917355371901,53.6611570247934
"522",2011-07-15 00:02:33.61347,20.1153846153846,12.2788461538462,66.6923076923077
"523",2011-07-23 00:06:55.269237,21.8157894736842,20.2105263157895,57.0263157894737
"524",2011-07-31 00:02:23.655011,26.1404958677686,14.2396694214876,58.5950413223141
"525",2011-08-08 00:06:50.495407,24.6776859504132,19.8099173553719,54.2396694214876
"526",2011-08-16 00:02:15.068619,26.3057851239669,16.4628099173554,55.9586776859504
"527",2011-08-24 00:06:48.795855,28.5785123966942,18.6363636363636,51.6942148760331
"528",2011-09-01 00:02:06.351541,30.6859504132231,15.9421487603306,52.2066115702479
"529",2011-09-09 00:06:44.033849,22.3057851239669,19.1157024793388,57.8760330578512
"530",2011-09-17 00:01:54.253491,34.6115702479339,14.6528925619835,49.3388429752066
"531",2011-09-25 00:06:40.416142,32.5950413223141,16.6446280991736,49.5206611570248
"532",2011-10-03 00:01:35.108658,30.4628099173554,16.8099173553719,51.3553719008264
"533",2011-10-11 00:06:38.21739,31.0606060606061,18.3939393939394,49.3030303030303
"534",2011-10-19 00:01:25.676355,36.4380165289256,16.2892561983471,45.8595041322314
"535",2011-10-27 00:06:46.94314,37.7058823529412,13.6470588235294,47.6470588235294
"536",2011-11-12 00:06:57.440416,33.6115702479339,15.900826446281,49.1322314049587
"537",2011-11-28 00:07:07.499382,40.4297520661157,13.2066115702479,44.9256198347107
"538",2011-12-14 00:07:11.812352,28.3388429752066,27.0082644628099,43.3388429752066
"539",2011-12-30 00:07:24.584404,25.404958677686,26.3884297520661,46.9338842975207
"540",2012-01-15 00:07:26.832668,29.7685950413223,21.1074380165289,48.0247933884297
"541",2012-02-16 00:07:33.311964,21.0823529411765,31.4,46.1647058823529
"542",2012-03-19 00:07:32.783439,12.7355371900826,36.6859504132231,49.5123966942149
"543",2012-04-04 00:07:30.859498,17.8677685950413,31.0578512396694,50.0330578512397
"544",2012-04-20 00:07:33.513087,19.7851239669421,29.8429752066116,49.1322314049587
"545",2012-05-06 00:07:59.311899,20.3305785123967,26.0247933884298,52.2314049586777
"546",2012-05-22 00:08:04.113292,23.1157024793388,25.1735537190083,50.6115702479339
"547",2012-06-07 00:07:44.625388,16.8925619834711,27.5867768595041,54.4793388429752
"548",2012-07-09 00:08:07.247996,23.89,21.55,53.14
"549",2012-07-25 00:08:18.272401,20.9586776859504,22.8347107438017,55.4049586776859
"550",2012-08-10 00:08:29.842757,25.6857142857143,20.6428571428571,52.4428571428571
"551",2012-09-11 00:08:49.701317,27.6776859504132,19.8347107438017,51.2561983471074
"552",2012-09-27 00:08:59.273978,29.2892561983471,17.2479338842975,52
"553",2012-10-13 00:09:07.009657,29.6942148760331,18.3553719008264,50.5537190082645
"554",2012-11-14 00:09:21.343509,31.5943396226415,21.1792452830189,45.9150943396226
"555",2012-11-30 00:09:24.300794,29.5454545454545,17.5537190082645,51.495867768595
"556",2012-12-16 00:09:30.849197,30.6198347107438,17.5371900826446,50.801652892562
"557",2013-01-17 00:09:34.210049,28.0294117647059,7.63235294117647,63.1323529411765
"558",2013-02-02 00:09:38.083127,33.9586776859504,18.7603305785124,45.9338842975207
"559",2013-02-18 00:09:36.524156,31.3636363636364,18.6590909090909,49.0340909090909
"560",2013-03-06 00:09:34.086816,33.5913043478261,10.6434782608696,54.6086956521739
"561",2013-03-22 00:09:30.176344,31.8677685950413,14.9917355371901,51.8512396694215
"562",2013-04-07 00:09:27.849476,22.595041322314,21.9421487603306,54.3057851239669
"563",2013-04-08 00:17:39.89946,29.9504132231405,22.1239669421488,46.5619834710744
"564",2013-04-23 00:09:19.899789,31.495867768595,19.2727272727273,48.1074380165289
"565",2013-05-01 00:15:12.555569,33.4710743801653,19.4380165289256,45.5950413223141
"566",2013-05-09 00:09:17.699583,30.1239669421488,19.3223140495868,49.4793388429752
"567",2013-05-17 00:15:24.816979,30.8760330578512,21.099173553719,46.7851239669422
"568",2013-05-25 00:09:14.774997,22.5454545454545,21.8512396694215,54.2314049586777
"569",2013-06-10 00:09:06.078338,22.7768595041322,23.6280991735537,52.5454545454545
"570",2013-06-18 00:15:22.063326,30.297520661157,25.1900826446281,43.0413223140496
"571",2013-06-26 00:09:00.427428,25.0743801652893,23.198347107438,50.6280991735537
"572",2013-07-04 00:15:24.071911,27.6280991735537,23.5619834710744,47.3636363636364
"573",2013-07-12 00:08:49.286833,24.603305785124,23.3471074380165,50.8760330578512
"574",2013-07-20 00:15:22.897463,22.396694214876,27.0247933884298,49.1322314049587
"575",2013-07-28 00:08:42.138422,24.2121212121212,24.5454545454545,50.2121212121212
"576",2013-08-05 00:15:25.972971,29.0909090909091,23.4214876033058,45.8512396694215
"577",2013-08-13 00:08:40.152803,30.3553719008264,21.1404958677686,47.3801652892562
"578",2013-08-21 00:15:27.351391,31.8925619834711,22.3140495867769,44.4049586776859
"579",2013-08-29 00:08:51.259145,32.1625,19.5,47
"580",2013-09-06 00:15:27.196594,37.1074380165289,19.9917355371901,41.6115702479339
"581",2013-09-14 00:09:03.393426,32.9669421487603,19.2148760330579,46.4214876033058
"582",2013-09-22 00:15:20.34566,36.8264462809917,21.0165289256198,40.7685950413223
"583",2013-09-30 00:09:12.895089,37.3553719008264,19.1818181818182,42.1239669421488
"584",2013-10-16 00:09:26.13815,38.1570247933884,18.3057851239669,42.3719008264463
"585",2013-10-24 00:15:11.813319,37.603305785124,19.4628099173554,41.5123966942149
"586",2013-11-01 00:09:29.387253,38.0826446280992,17.6446280991736,42.9586776859504
"587",2013-11-09 00:15:09.870308,35.099173553719,18.5537190082645,44.9834710743802
"588",2013-11-17 00:09:36.133896,36.1098901098901,19.5934065934066,43.010989010989
"589",2013-12-03 00:09:44.876326,37.6446280991736,18,43.1074380165289
"590",2013-12-19 00:09:45.110902,40.910447761194,12.0149253731343,45.5970149253731
"591",2013-12-27 00:14:51.52458,37.8842975206612,19.6115702479339,41.3057851239669
"592",2014-01-04 00:09:51.872896,40.5619834710744,17.7933884297521,40.4462809917355
"593",2014-01-12 00:14:38.726415,37.5206611570248,20.2644628099174,40.8512396694215
"594",2014-01-20 00:10:05.790462,38.9256198347107,17.3471074380165,42.5289256198347
"595",2014-01-28 00:14:31.495428,39.099173553719,19.5785123966942,39.6198347107438
"596",2014-02-13 00:14:16.700747,40.6198347107438,18.2314049586777,39.6363636363636
"597",2014-02-21 00:10:07.443501,37.9917355371901,19.1735537190083,41.6611570247934
"598",2014-03-09 00:10:13.776843,18.8181818181818,33.198347107438,46.7355371900826
"599",2014-03-17 00:13:54.192057,23.6363636363636,34.0082644628099,41
"600",2014-03-25 00:10:20.289498,24.5123966942149,30.9338842975207,43.504132231405
"601",2014-04-02 00:13:37.911756,23.5454545454545,33.8925619834711,41.2314049586777
"602",2014-04-10 00:10:25.109173,44.0471698113208,21.1132075471698,33.2075471698113
"603",2014-04-18 00:13:20.395392,24.8760330578512,31.7107438016529,42
"604",2014-05-04 00:13:05.752208,26.2809917355372,28.198347107438,44.1818181818182
"605",2014-05-12 00:10:42.621717,25.3884297520661,27.1239669421488,46.5123966942149
"606",2014-05-28 00:10:47.441114,27.198347107438,25.0082644628099,46.4462809917355
"607",2014-06-05 00:13:03.905055,23.3471074380165,27.5289256198347,47.6611570247934
"608",2014-06-21 00:13:08.222387,25.5537190082645,25.5867768595041,47.6528925619835
"609",2014-06-29 00:10:54.509879,23.1260504201681,25.1848739495798,50.5714285714286
"610",2014-07-07 00:13:15.164827,28.7851239669421,24.2479338842975,45.5371900826446
"611",2014-07-15 00:10:56.097885,53.1666666666667,9.11111111111111,36.2777777777778
"612",2014-07-31 00:11:03.235591,27.1900826446281,23.6694214876033,47.9504132231405
"613",2014-08-08 00:13:27.066999,31.3057851239669,22.0413223140496,45.1157024793388
"614",2014-08-24 00:13:30.064485,31.0413223140496,21.8512396694215,45.6694214876033
"615",2014-09-09 00:13:33.828202,33.900826446281,21.0909090909091,43.4214876033058
"616",2014-09-17 00:11:06.308939,29.7910447761194,20.8358208955224,47.8358208955224
"617",2014-09-25 00:13:29.728887,32.4214876033058,20.5537190082645,45.6611570247934
"618",2014-10-03 00:11:18.497211,33.5289256198347,19.099173553719,45.9586776859504
"619",2014-10-11 00:13:37.729161,35.6611570247934,19.2561983471074,43.5454545454545
"620",2014-10-19 00:11:27.314703,36.2727272727273,18.5867768595041,43.8347107438017
"621",2014-11-04 00:11:37.522356,35.1724137931034,18.9655172413793,44.551724137931
"622",2014-11-12 00:13:39.261027,37.2066115702479,19.2396694214876,42.0330578512397
"623",2014-11-20 00:11:40.192477,38.4793388429752,17.7438016528926,42.5785123966942
"624",2014-11-28 00:13:37.074758,38.6776859504132,19.6776859504132,40.2066115702479
"625",2014-12-06 00:11:48.768391,31.3719008264463,21.0330578512397,46.1652892561983
"626",2014-12-14 00:13:30.886027,46.8429752066116,12.7851239669421,38.801652892562
"627",2014-12-22 00:11:57.455359,42.7603305785124,11.9421487603306,43.7851239669422
"628",2014-12-30 00:13:27.75087,36.4545454545455,20.0578512396694,41.9917355371901
"629",2015-01-07 00:11:58.68575,28.2479338842975,21.1900826446281,49.297520661157
"630",2015-01-15 00:13:27.103346,27.7768595041322,26.7107438016529,44.1818181818182
"631",2015-01-23 00:11:59.822687,28.2654867256637,24.4690265486726,45.7345132743363
"632",2015-01-31 00:13:22.487631,32.2644628099174,25.1652892561983,41.0578512396694
"633",2015-02-08 00:12:07.050882,32.1074380165289,23.3140495867769,43.2892561983471
"634",2015-02-24 00:12:14.310442,29.4132231404959,23.9421487603306,45.7190082644628
"635",2015-03-12 00:12:19.660958,30.5206611570248,22.4710743801653,45.9173553719008
"636",2015-03-20 00:12:59.707742,36.2268907563025,9.77310924369748,52.7226890756302
"637",2015-03-28 00:12:28.692849,34.7685950413223,22.5371900826446,41.495867768595
"638",2015-04-05 00:12:47.87521,29.7851239669421,24.0495867768595,44.7603305785124
"639",2015-04-13 00:12:37.535196,33.5702479338843,21.3884297520661,43.801652892562
"640",2015-04-21 00:12:47.186174,32.8677685950413,23.2314049586777,42.5619834710744
"641",2015-04-29 00:12:43.017715,34.0884955752212,20.6017699115044,44.0353982300885
"642",2015-05-07 00:12:32.227139,33.4545454545455,22.5867768595041,42.3223140495868
"643",2015-05-15 00:12:51.57628,30.6942148760331,23.1652892561983,44.9173553719008
"644",2015-05-23 00:12:28.782231,29.7685950413223,25.5206611570248,43.1818181818182
"645",2015-06-16 00:13:02.064826,0,5.8099173553719,90.8925619834711
"646",2015-06-24 00:12:44.645664,19.6859504132231,24.1570247933884,54.8512396694215
"647",2015-07-02 00:13:04.274882,27.3636363636364,23.8429752066116,47.7933884297521
"648",2015-07-18 00:13:10.027798,28.5289256198347,23.495867768595,47.0743801652893
"649",2015-07-26 00:13:01.536851,31.2561983471074,21.3553719008264,45.8842975206612
"650",2015-08-03 00:13:12.820895,31.0909090909091,22.5537190082645,45.297520661157
"651",2015-08-11 00:13:05.494837,34.9834710743802,21.1157024793388,42.3719008264463
"652",2015-08-19 00:13:16.17257,34.4628099173554,19.8181818181818,44.5206611570248
"653",2015-08-27 00:13:12.823258,36.0247933884297,20.3305785123967,42.0661157024793
"654",2015-09-04 00:13:16.413553,35.4588235294118,19.3529411764706,43.8705882352941
"655",2015-09-12 00:13:19.580285,39.0165289256198,19.4876033057851,40.1404958677686
"656",2015-09-20 00:13:22.413979,37.6446280991736,19.2396694214876,41.7438016528926
"657",2015-09-28 00:13:25.727524,40.495867768595,18.6198347107438,39.0578512396694
"658",2015-10-06 00:13:25.762849,41.1157024793388,17.1487603305785,40.4380165289256
"659",2015-10-14 00:13:25.691421,39.4710743801653,18.3801652892562,40.4545454545455
"660",2015-10-22 00:13:44.640667,39.379746835443,17.6708860759494,41.5189873417722
"661",2015-11-07 00:13:58.48855,43.8677685950413,17.0165289256198,37.7933884297521
"662",2015-11-15 00:13:32.092365,34.8760330578512,20.8264462809917,42.8347107438017
"663",2015-11-23 00:14:14.905187,38.3636363636364,21.2066115702479,39.1652892561983
"664",2015-12-09 00:14:29.348591,38.2823529411765,13.8470588235294,46.3176470588235
"665",2015-12-17 00:13:33.469549,38.7355371900826,20.2809917355372,39.603305785124
"666",2015-12-25 00:14:43.549274,39.8595041322314,19.1157024793388,39.702479338843
"667",2016-01-10 00:14:58.637247,38.2386363636364,19.5568181818182,40.6590909090909
"668",2016-01-18 00:13:30.467077,40.4545454545455,20.7603305785124,37.2892561983471
"669",2016-02-03 00:13:27.837626,39.4876033057851,20.396694214876,38.7768595041322
"670",2016-02-11 00:15:17.151385,41.5867768595041,20,37.198347107438
"671",2016-02-19 00:13:18.496527,40.5619834710744,20.6611570247934,37.4297520661157
"672",2016-02-27 00:15:20.131182,39.7411764705882,18.9176470588235,40.0705882352941
"673",2016-03-06 00:13:18.297769,40.5702479338843,22.0661157024793,35.8595041322314
"674",2016-03-14 00:15:30.422756,39.9669421487603,21.1239669421488,37.603305785124
"675",2016-03-22 00:13:11.360631,37.5785123966942,21.7107438016529,39.1157024793388
"676",2016-04-15 00:15:41.1831,48.6818181818182,7.54545454545455,42.1363636363636
"677",2016-04-23 00:12:56.550618,39.4049586776859,20.1074380165289,39.0826446280992
"678",2016-05-25 00:13:02.840316,31.9173553719008,25.6528925619835,40.8842975206612
"679",2016-07-28 00:13:25.74294,27.3719008264463,27.9586776859504,43.2727272727273
"680",2016-08-05 00:16:02.406068,25.1404958677686,26.5785123966942,47.0082644628099
"681",2016-08-13 00:13:27.95004,30.099173553719,25.2809917355372,42.9586776859504
"682",2016-08-21 00:16:03.832557,29.9173553719008,23.4793388429752,45.3305785123967
"683",2016-09-06 00:16:07.299149,26.3140495867769,24.6115702479339,47.8099173553719
"684",2016-09-30 00:13:39.116679,33.2314049586777,26.2479338842975,38.7520661157025
"685",2016-10-08 00:16:10.782246,30.2475247524752,23.7128712871287,44.6534653465347
"686",2016-10-16 00:13:45.19999,34.9421487603306,23.5289256198347,40.1322314049587
"687",2016-10-24 00:16:08.017716,32.2405063291139,22.4556962025316,44.126582278481
"688",2016-11-01 00:13:46.252026,36.0413223140496,22.3140495867769,40.0330578512397
"689",2016-11-17 00:13:45.588133,35.1652892561983,22.6446280991736,41.0413223140496
"690",2016-11-25 00:15:56.763885,37.969696969697,18.9090909090909,41.7272727272727
"691",2016-12-03 00:13:44.882673,35.9752066115703,22.495867768595,40.1404958677686
"692",2016-12-11 00:15:53.122662,32.6666666666667,21.3939393939394,44.9393939393939
"693",2016-12-19 00:13:40.129088,31.1239669421488,23.6776859504132,43.4297520661157
"694",2016-12-27 00:15:46.503389,28.7049180327869,23.6065573770492,46.1639344262295
"695",2017-01-04 00:13:37.525235,29.9586776859504,23.3471074380165,45.1570247933884
"696",2017-01-12 00:15:36.180176,36.2608695652174,14.8260869565217,47.6086956521739
"697",2017-01-28 00:15:26.413227,30.3388429752066,20.1570247933884,48.3305785123967
"698",2017-02-05 00:13:25.695232,33.0330578512397,23.0165289256198,42.5123966942149
"699",2017-02-21 00:13:19.832953,34.3223140495868,21.6528925619835,42.5371900826446
"700",2017-03-01 00:15:30.090052,32.7631578947368,21.3026315789474,44.8684210526316
"701",2017-03-09 00:13:12.501394,29.9504132231405,24.5619834710744,44.1487603305785
"702",2017-03-17 00:15:36.264471,30.1652892561983,22.3057851239669,46.4380165289256
"703",2017-04-02 00:15:40.150111,28.9256198347107,25.3471074380165,44.603305785124
"704",2017-04-10 00:12:55.601016,30.8264462809917,25.6859504132231,42.0909090909091
"705",2017-04-26 00:12:45.296924,23.2809917355372,28.297520661157,47.0578512396694
"706",2017-05-04 00:15:52.447051,25.7685950413223,25.3305785123967,47.5289256198347
"707",2017-05-12 00:12:48.878246,33.4766355140187,23.0373831775701,41.8224299065421
"708",2017-05-20 00:15:55.267737,14.1818181818182,23.3636363636364,60.7272727272727
"709",2017-05-28 00:12:59.421398,23.7438016528926,28.1900826446281,46.7768595041322
"710",2017-06-05 00:15:59.795167,34.3831775700935,22.9252336448598,40.9439252336449
"711",2017-06-13 00:13:06.819897,23.2396694214876,28.3553719008264,47.1322314049587
"712",2017-06-21 00:16:03.300608,23.2561983471074,26.7520661157025,48.9173553719008
"713",2017-07-07 00:16:04.873759,22.7107438016529,26.2314049586777,49.6694214876033
"714",2017-07-15 00:13:14.579932,19.1239669421488,29.595041322314,50.1652892561983
"715",2017-07-23 00:16:04.595713,25.2134831460674,24.8988764044944,48.8314606741573
"716",2017-08-08 00:16:02.478105,26.5702479338843,24.5289256198347,47.801652892562
"717",2017-08-16 00:13:28.448358,31.3223140495868,23.0909090909091,44.2809917355372
"718",2017-08-24 00:16:02.092871,31.2,21.0588235294118,46.6352941176471
"719",2017-09-01 00:13:31.614993,33.5371900826446,22.6694214876033,42.1818181818182
"720",2017-09-17 00:13:32.943775,36.7438016528926,21.3719008264463,40.2644628099174
"721",2017-09-25 00:16:00.493936,38.3305785123967,17.7272727272727,42.6528925619835
"722",2017-10-19 00:13:43.273925,18,5,75
"723",2017-10-27 00:16:03.706708,36.1651376146789,20.5137614678899,42.1376146788991
"724",2017-11-04 00:13:42.813093,37.6694214876033,20.6859504132231,39.9669421487603
"725",2017-11-12 00:16:01.62704,43.6666666666667,11.8571428571429,43.2857142857143
"726",2017-11-20 00:13:38.464422,35.0661157024793,20.8677685950413,42.801652892562
"727",2017-12-06 00:13:34.128604,37.5537190082645,21.7355371900826,39.1818181818182
"728",2017-12-14 00:15:47.983833,37.2066115702479,19.7851239669421,41.6363636363636
"729",2017-12-22 00:13:37.305935,38.2396694214876,19.5785123966942,40.8347107438017
"730",2017-12-30 00:15:36.914235,39.396694214876,13.4545454545455,45.6280991735537
"731",2018-01-07 00:13:32.215459,39.1818181818182,18.7190082644628,40.7438016528926
"732",2018-01-15 00:15:23.457611,37.4132231404959,19.9090909090909,41.2892561983471
"733",2018-01-23 00:13:24.062845,42.5702479338843,15.495867768595,40.2231404958678
"734",2018-01-31 00:15:07.959002,34.9173553719008,17.9504132231405,45.5702479338843
"735",2018-02-08 00:13:16.078714,37.297520661157,20.1818181818182,40.9669421487603
"736",2018-02-16 00:14:55.868122,36.7090909090909,20.6545454545455,41.5818181818182
"737",2018-02-24 00:13:10.049152,35.5123966942149,19.5867768595041,43.495867768595
"738",2018-03-12 00:13:01.216693,37.6942148760331,20.5371900826446,40.0661157024793
"739",2018-03-20 00:14:33.785258,37.8677685950413,18.1900826446281,42.5950413223141
"740",2018-03-28 00:12:54.11717,36.2644628099174,21.8595041322314,40.4876033057851
"741",2018-04-05 00:14:19.824077,33.125,20.8636363636364,44.8409090909091
"742",2018-04-13 00:12:45.578345,36.603305785124,19.1487603305785,42.5702479338843
"743",2018-04-21 00:14:03.934715,32.1949152542373,21.4491525423729,45.2627118644068
"744",2018-04-29 00:12:36.491846,35.5619834710744,21.0661157024793,41.9338842975207
"745",2018-05-07 00:13:46.019484,32.1818181818182,20,46.6776859504132
"746",2018-05-15 00:12:26.319992,34.7851239669422,21.3553719008264,42.3305785123967
"747",2018-05-23 00:13:31.434412,32.3223140495868,20.702479338843,45.8595041322314
"748",2018-05-31 00:12:13.31399,32.5619834710744,22.4380165289256,43.2396694214876
"749",2018-06-16 00:12:19.389808,47.702479338843,18.8925619834711,31.7520661157025
"750",2018-06-24 00:12:57.703845,32.5702479338843,20.3636363636364,45.8512396694215
"751",2018-07-02 00:12:29.170689,25.8181818181818,24.702479338843,48.2148760330578
"752",2018-07-10 00:12:37.997703,28.1818181818182,25.4363636363636,45.3818181818182
"753",2018-07-18 00:12:36.577258,30.8099173553719,23.6528925619835,44.1900826446281
"754",2018-07-26 00:12:21.740241,31.7241379310345,22.9137931034483,44.2758620689655
"755",2018-08-11 00:12:04.259888,34.4710743801653,20.9173553719008,43.3388429752066
"756",2018-08-19 00:12:53.086043,36.6942148760331,21.1322314049587,40.6198347107438
"757",2018-08-27 00:11:45.381268,33.25,20.5625,44.96875
"758",2018-09-04 00:12:59.552056,40.1652892561983,19.8595041322314,38.5619834710744
"759",2018-09-12 00:11:24.817479,40.2314049586777,19.0165289256198,39.5123966942149
"760",2018-09-20 00:13:03.664468,43.0826446280992,17.7438016528926,37.6198347107438
"761",2018-09-28 00:11:02.685782,41.6280991735537,18.1157024793388,39.0661157024793
"762",2018-10-06 00:13:11.924137,37.9669421487603,18.7190082644628,41.7851239669422
"763",2018-10-14 00:10:38.772743,54.2727272727273,11.2597402597403,32.6623376623377
"764",2018-10-22 00:13:17.869376,43.3223140495868,17.5619834710744,37.6280991735537
"765",2018-10-30 00:10:17.969231,42.0826446280992,16.7603305785124,39.7685950413223
"766",2018-11-15 00:09:56.119913,40.7090909090909,14.8,43.4
"767",2018-11-23 00:13:21.286384,43.5289256198347,16.3636363636364,38.396694214876
"768",2018-12-01 00:09:31.976799,46.8760330578512,13.2314049586777,38.5537190082645
"769",2018-12-09 00:13:18.572427,45.7603305785124,15.6528925619835,36.9256198347107
"770",2018-12-17 00:09:05.710379,45.099173553719,16.4793388429752,37.2727272727273
"771",2018-12-25 00:13:17.973791,46.9504132231405,14.9173553719008,36.6446280991736
"772",2019-01-02 00:08:37.38919,44.1404958677686,14.9504132231405,39.4628099173554
"773",2019-01-10 00:13:16.565609,40.7438016528926,16.0495867768595,41.8181818181818
"774",2019-01-18 00:08:07.145132,44.4876033057851,15.7107438016529,38.2644628099174
"775",2019-01-26 00:13:12.659055,47.5537190082645,14.8595041322314,36
"776",2019-02-03 00:07:36.604434,43.4132231404959,15.9917355371901,39.396694214876
"777",2019-02-11 00:13:10.501379,43.099173553719,16.4214876033058,39.0165289256198
"778",2019-02-19 00:07:08.195781,48.7520661157025,12.2231404958678,37.6528925619835
"779",2019-02-27 00:13:06.932733,46.396694214876,15.595041322314,36.3223140495868
"780",2019-03-07 00:06:38.185104,47.8264462809917,17.1735537190083,33.8347107438017
"781",2019-03-23 00:06:06.620212,45.7190082644628,13.6363636363636,39.4214876033058
"782",2019-03-31 00:12:58.094165,38.9834710743802,17.8595041322314,41.603305785124
"783",2019-04-08 00:05:33.516462,41.5702479338843,17.8842975206612,39.1487603305785
"784",2019-04-16 00:12:52.711522,43.0495867768595,17.603305785124,37.7933884297521
"785",2019-05-02 00:12:51.093888,44.2396694214876,16.3388429752066,37.6198347107438
"786",2019-05-10 00:04:22.057883,27.6528925619835,18.9834710743802,52.0743801652893
"787",2019-05-18 00:13:01.395565,26.5454545454545,30.2644628099174,41.7851239669422
"788",2019-05-26 00:03:45.218954,20.9669421487603,30.7933884297521,46.9504132231405
"789",2019-06-03 00:13:09.899145,27.0330578512397,30.2561983471074,41.1487603305785
"790",2019-06-11 00:03:11.271859,23.8545454545455,27.6363636363636,47.2
"791",2019-06-19 00:13:16.154165,25.9421487603306,29.8181818181818,42.8512396694215
"792",2019-06-27 00:02:35.767739,22.7768595041322,30.0082644628099,45.8842975206612
"793",2019-07-05 00:13:20.384323,26.8842975206612,28.2727272727273,43.297520661157
"794",2019-07-13 00:01:58.871417,29.6859504132231,22.6942148760331,46.4214876033058
"795",2019-07-21 00:13:23.538306,30.6694214876033,25.8677685950413,41.9917355371901
"796",2019-07-29 00:01:20.65334,28.7107438016529,26.0413223140496,44.0578512396694
"797",2019-08-06 00:13:30.377606,32.1818181818182,24.6776859504132,41.6528925619835
"798",2019-08-14 00:00:41.21515,28.84375,24.6875,45.21875
"799",2019-08-22 00:13:35.234373,35.9669421487603,23,39.7685950413223
"800",2019-09-07 00:13:38.564583,39.7851239669422,19.8099173553719,38.7272727272727
"801",2019-09-14 23:59:18.476965,38.603305785124,21.2644628099174,38.8099173553719
"802",2019-09-23 00:13:44.447197,41.0661157024793,19.5289256198347,37.8099173553719
"803",2019-09-30 23:58:37.037825,40.2479338842975,19.396694214876,38.9669421487603
"804",2019-10-09 00:13:48.0604,42.3140495867769,18.3636363636364,37.7603305785124
"805",2019-10-16 23:57:57.118061,39.5206611570248,16.2727272727273,42.8677685950413
"806",2019-10-25 00:13:49.116786,42.7933884297521,17.0826446280992,38.7190082644628
"807",2019-11-10 00:13:47.35788,42.8760330578512,18.2231404958678,37.2148760330578
"808",2019-11-17 23:56:31.216242,41.2314049586777,18.6859504132231,38.6198347107438
"809",2019-11-26 00:13:44.495471,45.1652892561983,7.13223140495868,46.1157024793388
"810",2019-12-03 23:55:45.033484,41.6280991735537,18.2314049586777,38.7355371900826
"811",2019-12-12 00:13:43.59225,44.0826446280992,16.7603305785124,37.5537190082645
"812",2019-12-19 23:54:56.771691,41.5588235294118,16.6764705882353,40.1764705882353
"813",2019-12-28 00:13:39.90374,44.396694214876,15.5123966942149,38.4793388429752
"814",2020-01-04 23:54:06.631148,45.2479338842975,15,38.4462809917355
"815",2020-01-13 00:13:36.350703,44.9338842975207,14.2231404958678,39.1157024793388
"816",2020-01-20 23:53:19.178675,42.6776859504132,15.2809917355372,40.5785123966942
"817",2020-01-29 00:13:31.712277,36.4049586776859,16.6280991735537,45.5206611570248
"818",2020-02-14 00:13:27.525067,43.702479338843,13.0495867768595,41.7107438016529
"819",2020-03-01 00:13:22.973784,39.72,19.44,39.08
"820",2020-04-02 00:13:06.354135,32.1322314049587,21.3471074380165,44.9173553719008
"821",2020-04-09 23:49:02.045686,14.1714285714286,36.8285714285714,47.6571428571429
"822",2020-04-18 00:13:00.036107,24.6446280991736,34.4793388429752,39.3057851239669
"823",2020-04-25 23:48:05.753688,18.1074380165289,34.7851239669422,45.8677685950413
"824",2020-05-04 00:12:51.467889,23.6694214876033,33.3305785123967,41.5702479338843
"825",2020-05-11 23:47:07.634363,38.7851239669422,28.1487603305785,31.5785123966942
"826",2020-05-27 23:46:08.353128,17.3057851239669,34.198347107438,47.4876033057851
"827",2020-06-05 00:12:57.913209,25.1239669421488,29.3636363636364,43.7272727272727
"828",2020-06-21 00:13:07.283326,24.0743801652893,28.9338842975207,45.5619834710744
"829",2020-06-28 23:44:16.345882,19.7933884297521,29.9834710743802,48.8925619834711
"830",2020-07-14 23:43:18.265273,17.6942148760331,29.7520661157025,51.504132231405
"831",2020-07-23 00:13:20.025943,27.8347107438017,26.4214876033058,44.3057851239669
"832",2020-07-30 23:42:18.932391,21.4214876033058,28.9586776859504,48.6198347107438
"833",2020-08-15 23:41:18.202455,17.8512396694215,30.1074380165289,50.8760330578512
"834",2020-08-24 00:13:30.80706,29.9504132231405,25.6115702479339,42.8595041322314
"835",2020-08-31 23:40:16.123431,26.8181818181818,25.2479338842975,46.5950413223141
"836",2020-09-25 00:13:42.847688,30.8429752066116,24.9586776859504,42.7190082644628
"837",2020-10-02 23:38:10.74513,40.0330578512397,21.404958677686,37.2396694214876
"838",2020-10-11 00:13:45.264072,32.4049586776859,22.8925619834711,43.2148760330578
"839",2020-10-18 23:37:08.944952,19.8925619834711,24.801652892562,54.0661157024793
"840",2020-10-27 00:13:45.029378,34.2314049586777,21.8181818181818,42.6859504132231
"841",2020-11-03 23:36:05.025231,30.7603305785124,20.7685950413223,47.1322314049587
"842",2020-11-12 00:13:41.64517,29.0826446280992,20.9669421487603,48.2727272727273
"843",2020-11-19 23:34:58.541145,30.702479338843,19.6942148760331,48.4462809917355
"844",2020-11-28 00:13:45.853717,34.1404958677686,19.1652892561983,45.0909090909091
"845",2020-12-05 23:33:48.992747,32.2747252747253,12.1318681318681,54.0879120879121
"846",2020-12-14 00:13:46.238784,33.9834710743802,20.7768595041322,43.8760330578512
"847",2020-12-30 00:13:42.861752,28.7603305785124,21.0743801652893,48.5206611570248
"848",2021-01-06 23:31:29.773432,21.9834710743802,26.9834710743802,49.9338842975207
"849",2021-01-15 00:13:35.905663,30.4628099173554,24.1322314049587,44.0909090909091
"850",2021-01-22 23:30:21.554024,26.0165289256198,23.3388429752066,49.396694214876
"851",2021-02-07 23:29:11.093881,23.1074380165289,26.603305785124,49.0330578512397
"852",2021-02-16 00:13:29.662618,28.7520661157025,24.5537190082645,45.2314049586777
"853",2021-02-23 23:27:58.58708,25.6896551724138,24.7931034482759,48.1724137931034
"854",2021-03-04 00:13:22.972596,30.2148760330579,23.6363636363636,44.7355371900826
"855",2021-03-11 23:26:43.789093,13.9256198347107,31.7438016528926,53.3719008264463
"856",2021-03-20 00:13:14.312778,27.7924528301887,30.0377358490566,40.4905660377358
"857",2021-04-05 00:13:10.627435,20.7933884297521,34.396694214876,43.3636363636364
"858",2021-04-12 23:24:07.331983,14.0413223140496,36.1570247933884,48.6859504132231
"859",2021-04-21 00:13:03.915015,21.1404958677686,33.7603305785124,43.5950413223141
"860",2021-04-28 23:22:45.907826,19.3553719008264,34.7603305785124,44.396694214876
"861",2021-05-07 00:12:54.530524,21.2066115702479,32.2396694214876,45.1157024793388
"862",2021-05-23 00:13:05.282131,23.1900826446281,30.6115702479339,44.6528925619835
"863",2021-05-30 23:20:03.525899,16.3388429752066,34.7355371900826,47.8099173553719
"864",2021-06-08 00:13:12.959635,18.9834710743802,32.9917355371901,46.7107438016529
"865",2021-06-15 23:18:45.278656,14.8429752066116,33.9338842975207,50.198347107438
"866",2021-07-01 23:17:25.660441,14.7685950413223,34.1074380165289,49.801652892562
"867",2021-07-10 00:13:19.823943,20.9834710743802,30.297520661157,47.4297520661157
"868",2021-07-17 23:16:03.912582,15.4380165289256,33.5454545454545,49.8264462809917
"869",2021-07-26 00:13:25.816392,34.9078947368421,23.7763157894737,39.7105263157895
"870",2021-08-02 23:14:40.165777,17.1652892561983,32.3471074380165,49.297520661157
"871",2021-08-11 00:13:32.739399,24.396694214876,27.1735537190083,47.0247933884297
"872",2021-08-18 23:13:14.77984,21,28.4651162790698,49.3953488372093
"873",2021-08-27 00:13:37.157909,27.1322314049587,25.504132231405,46.1074380165289
"874",2021-09-12 00:13:41.868598,28.9669421487603,23.8760330578512,45.6694214876033
"875",2021-09-19 23:10:27.237161,23.3388429752066,25.6446280991736,49.7933884297521
"876",2021-10-05 23:09:02.019962,25.8842975206612,25,47.8264462809917
"877",2021-10-14 00:13:50.439351,30.0247933884298,22.3801652892562,45.9421487603306
"878",2021-10-21 23:07:36.320021,27.7768595041322,21.2644628099174,49.7190082644628
"879",2021-10-30 00:13:51.110732,30.198347107438,21.198347107438,46.9173553719008
"880",2021-11-06 23:06:06.903088,33.1304347826087,12.9565217391304,52.4347826086956
"881",2021-11-15 00:13:46.386633,30.9669421487603,21.1074380165289,46.504132231405
"882",2021-11-22 23:04:32.977445,33.7787610619469,17.0442477876106,48.0530973451327
"883",2021-12-01 00:13:47.075725,25.6694214876033,22.8595041322314,50.2066115702479
"884",2021-12-08 23:03:03.30007,25.1157024793388,23.4214876033058,50.3471074380165
"885",2021-12-17 00:13:45.633551,29.1404958677686,20.4380165289256,48.8347107438017
"886",2021-12-24 23:01:30.211029,21.801652892562,24.2479338842975,52.8099173553719
"887",2022-01-02 00:13:40.157574,29.5702479338843,21.2892561983471,47.6859504132231
"888",2022-01-09 22:59:55.406289,24.0576923076923,21.7115384615385,53.3461538461538
"889",2022-02-03 00:13:33.454621,15.8099173553719,32.8512396694215,49.9421487603306
"890",2022-02-19 00:13:27.658245,24.9421487603306,27.8264462809917,45.9090909090909
"891",2022-03-07 00:13:25.149381,22.5371900826446,26.8429752066116,49.2809917355372
"892",2022-04-08 00:13:12.924817,25.603305785124,26.2148760330579,46.8264462809917
"893",2022-05-26 00:13:21.052921,18.7851239669421,29.4628099173554,50.603305785124
"894",2022-06-27 00:13:39.610294,21.404958677686,25.9256198347107,51.4297520661157
"895",2022-07-29 00:13:48.918675,22.6280991735537,24.801652892562,51.297520661157
"896",2022-08-14 00:13:56.41193,21.1157024793388,24.8677685950413,52.8760330578512
"897",2022-08-30 00:13:57.307186,24.1900826446281,22.2479338842975,52.1239669421488
"898",2022-10-17 00:13:57.428647,25.9917355371901,23.0165289256198,49.5123966942149
"899",2022-11-02 00:14:04.071287,23.5702479338843,24.9504132231405,50.2396694214876
"900",2022-11-18 00:13:55.952726,23.7355371900826,25.7355371900826,49.1404958677686
"901",2022-12-04 00:13:58.971936,24.9834710743802,24.9173553719008,48.7851239669422
"902",2022-12-20 00:13:50.353544,25.3884297520661,22.9090909090909,50.3140495867769
"903",2023-01-05 00:13:50.110793,24.5702479338843,22.5785123966942,51.504132231405
"904",2023-01-21 00:13:44.633171,24.4132231404959,22.4214876033058,51.8512396694215
"905",2023-02-06 00:13:47.533904,23.6611570247934,23.0165289256198,51.9173553719008
"906",2023-02-22 00:13:33.008283,24.0743801652893,21.7603305785124,52.8512396694215
"907",2023-03-10 00:13:23.996589,25.9256198347107,21.4710743801653,51.2396694214876
"908",2023-03-26 00:13:15.073942,24.8099173553719,20.9586776859504,52.9669421487603
"909",2023-04-11 00:12:59.029218,25.1157024793388,20.8760330578512,52.7685950413223
