"","time","x","y","bs","pv","npv","ue","spatial_ref"
"1",1987-09-16 00:20:45.491614,539790,-2003235,45.75,18.1,34.9,9.65,3577
"2",1987-10-02 00:21:06.461358,539795,-2003205,42.6666666666667,14.6666666666667,41.6666666666667,11.6666666666667,3577
"3",1987-10-18 00:21:23.884664,539790,-2003235,47.5,17.55,33.5,9.65,3577
"4",1987-11-03 00:21:41.82702,539790,-2003235,42.75,18.1,37.7,9.55,3577
"5",1987-11-19 00:22:02.24062,539790,-2003235,41.35,18.9,38.25,10.45,3577
"6",1987-12-05 00:22:16.840372,539790,-2003235,45.95,20.5,31.85,10.4,3577
"7",1987-12-21 00:22:31.102207,539790,-2003235,36.45,19,43.1,9.9,3577
"8",1988-01-06 00:22:46.850951,539790,-2003235,39.25,24.8,34.6,10,3577
"9",1988-01-22 00:23:04.238536,539790,-2003235,49.7,24.2,24.75,10,3577
"10",1988-02-07 00:23:22.825271,539790,-2003235,41.7,22.55,34.55,9.1,3577
"11",1988-02-23 00:23:36.533273,539790,-2003235,44.15,21.3,33.15,9.9,3577
"12",1988-03-10 00:23:45.987404,539790,-2003235,48.5,20.45,29.7,9.9,3577
"13",1988-04-11 00:23:58.946987,539790,-2003235,41.45,23.7,33.6,10.65,3577
"14",1988-04-27 00:24:03.838856,539790,-2003235,48.5,22.85,27.35,10.4,3577
"15",1988-05-13 00:24:15.224457,539790,-2003235,44.5,22.6,31.4,10,3577
"16",1988-05-29 00:24:21.86568,539790,-2003235,48.35,21.05,29.05,10.15,3577
"17",1988-06-14 00:24:27.464953,539790,-2003235,50.8,22.2,25.45,10,3577
"18",1988-06-30 00:24:32.556753,539790,-2003235,45.5,22.15,30.85,10,3577
"19",1988-08-01 00:24:37.34594,539790,-2003235,48.15,20.55,30.25,9.55,3577
"20",1988-09-02 00:24:40.8989,539790,-2003235,46.6,18.35,33.7,9.15,3577
"21",1988-09-18 00:24:37.304652,539790,-2003235,56.1,16.4,25.75,9.3,3577
"22",1988-10-04 00:24:32.018301,539790,-2003235,48.15,15.2,35.4,9.1,3577
"23",1988-10-20 00:24:26.038725,539790,-2003235,48.1,14.5,36,9.2,3577
"24",1988-11-05 00:24:30.129177,539790,-2003235,46,14.05,38.7,9.15,3577
"25",1989-01-08 00:24:10.42777,539790,-2003235,50.65,15.35,32.6,10.5,3577
"26",1989-01-24 00:23:50.414079,539790,-2003235,44.55,13.85,40.2,8.4,3577
"27",1989-02-09 00:23:52.998333,539790,-2003235,45.65,15.7,37.35,9.15,3577
"28",1989-02-25 00:23:44.391392,539790,-2003235,47.9,17.4,33.2,9.55,3577
"29",1989-04-14 00:22:59.563508,539790,-2003235,51.1,19.05,28.45,11,3577
"30",1989-04-30 00:22:40.993398,539790,-2003235,47.3,18,33.3,10.5,3577
"31",1989-05-16 00:22:23.715352,539790,-2003235,48.2,17.5,32.7,10.5,3577
"32",1989-06-01 00:22:11.005116,539790,-2003235,50.1,19.2,29.35,8.4,3577
"33",1989-06-17 00:21:43.814452,539790,-2003235,53,18.35,27.2,10.6,3577
"34",1989-07-03 00:21:31.49484,539790,-2003235,50.4,17.95,29.9,10.35,3577
"35",1989-07-19 00:21:10.92131,539793.333333333,-2003231.66666667,54.3888888888889,17.4444444444444,26.6111111111111,10,3577
"36",1989-08-04 00:20:51.456492,539790,-2003235,54.1,15.9,28.6,9.75,3577
"37",1989-08-20 00:20:28.823749,539790,-2003235,54.5,15.15,28.8,9.6,3577
"38",1989-09-05 00:20:09.890428,539790,-2003235,55,13.4,30,9.55,3577
"39",1989-09-21 00:19:38.18446,539790,-2003235,51.65,13.45,33.45,9.15,3577
"40",1989-10-07 00:19:27.309657,539790,-2003235,52.3,12.85,33.45,9.1,3577
"41",1989-11-08 00:18:25.919007,539790,-2003235,53.45,12.4,32.75,8.6,3577
"42",1989-11-24 00:17:51.570533,539790,-2003235,37.65,15,45.7,13.65,3577
"43",1989-12-10 00:17:29.650817,539805,-2003218.84615385,28.8461538461538,11,58.8461538461538,8.23076923076923,3577
"44",1989-12-26 00:17:02.964569,539790,-2003235,49.45,14.85,34.35,8.65,3577
"45",1990-02-28 00:14:58.279951,539790,-2003235,40.6,22.7,35.25,10.1,3577
"46",1990-03-16 00:14:25.041361,539790,-2003235,45.8,24.2,28.5,9.6,3577
"47",1990-04-01 00:13:57.092407,539790,-2003235,36.35,23.3,38.9,12.7,3577
"48",1990-05-03 00:13:59.474147,539790,-2003235,44.55,21.95,32.1,10.35,3577
"49",1990-07-06 00:14:01.014622,539790,-2003235,49.05,23.8,25.5,10.2,3577
"50",1990-07-22 00:13:57.056462,539790,-2003235,45.15,23.15,30.4,10.5,3577
"51",1990-08-07 00:13:53.111614,539790,-2003235,49,21,28.6,10.05,3577
"52",1990-08-23 00:13:48.119919,539790,-2003235,50.4,20.7,27.45,9.75,3577
"53",1990-09-08 00:13:42.789242,539790,-2003235,51.25,19.7,27.5,9.45,3577
"54",1990-09-24 00:13:39.03052,539790,-2003235,50.2,16.85,31.6,9.55,3577
"55",1990-10-10 00:13:29.537448,539790,-2003235,48.7,17.9,31.9,9.1,3577
"56",1990-10-26 00:13:24.236331,539790,-2003235,52.65,17.05,28.85,9.4,3577
"57",1990-11-11 00:13:23.676475,539790,-2003235,51.15,14.45,32.9,9.05,3577
"58",1990-11-27 00:13:11.350648,539790,-2003235,48.35,15,35,9.4,3577
"59",1990-12-29 00:13:36.857806,539790,-2003235,45.9,17.65,34.8,9.6,3577
"60",1991-01-30 00:14:27.586385,539790,-2003235,39.45,23.15,35.75,10.7,3577
"61",1991-02-15 00:14:42.773288,539790,-2003235,34.2,25.65,38.7,12.2,3577
"62",1991-03-03 00:14:59.682285,539790,-2003235,29.85,32.1,36.7,11.4,3577
"63",1991-03-19 00:15:21.998263,539790,-2003235,29.95,30.5,38.25,11.2,3577
"64",1991-04-04 00:15:32.807121,539790,-2003235,30.7,31.3,36.6,11.1,3577
"65",1991-04-20 00:15:50.937982,539790,-2003235,32.7,29.05,36.8,11,3577
"66",1991-05-06 00:16:11.202463,539790,-2003235,33.95,27.4,37.15,10.4,3577
"67",1991-05-22 00:16:26.499038,539790,-2003235,34.05,28.15,36.25,10.45,3577
"68",1991-06-07 00:16:41.029471,539790,-2003235,32.15,28.2,38.05,10.65,3577
"69",1991-06-23 00:16:53.892152,539790,-2003235,34.6,25.95,38.05,10.9,3577
"70",1991-07-09 00:17:06.46825,539790,-2003235,35.2,25.85,37.4,10.75,3577
"71",1991-07-25 00:17:20.416128,539790,-2003235,38.8,24.8,35.1,10.25,3577
"72",1991-08-10 00:17:24.591362,539790,-2003235,41.3,23.55,33.55,10.2,3577
"73",1991-08-26 00:17:31.665393,539790,-2003235,48.1,20.8,29.65,9.45,3577
"74",1991-09-11 00:17:44.566845,539790,-2003235,40.1,17.95,40.4,8.7,3577
"75",1991-09-27 00:17:48.288476,539790,-2003235,37.15,17.2,44.25,8.4,3577
"76",1991-11-14 00:18:05.521416,539790,-2003235,33.35,18.45,46.65,9.2,3577
"77",1991-11-30 00:18:17.014042,539790,-2003235,38.4,15.85,44.3,9.45,3577
"78",1992-01-17 00:18:08.175902,539790,-2003235,43.05,18.2,37.25,9.6,3577
"79",1992-02-18 00:18:02.00518,539790,-2003235,38.1,24.85,35.55,10.2,3577
"80",1992-03-05 00:18:02.961222,539790,-2003235,35.6,25.15,37.85,10.7,3577
"81",1992-03-21 00:18:03.752866,539790,-2003235,42.2,20.7,35.95,9.1,3577
"82",1992-04-06 00:17:54.553988,539790,-2003235,37.75,21.05,40.1,10,3577
"83",1992-04-22 00:17:46.80399,539790,-2003235,37.2,18.65,42.85,9.9,3577
"84",1992-05-08 00:17:37.42924,539790,-2003235,38.7,19.05,40.7,9.75,3577
"85",1992-06-25 00:17:08.568855,539790,-2003235,44.6,16.05,38.1,9.7,3577
"86",1992-07-11 00:16:56.601461,539790,-2003235,43.5,14.95,40.15,10.2,3577
"87",1992-07-27 00:16:44.114854,539790,-2003235,44.35,16,38.1,10,3577
"88",1992-08-28 00:16:15.185783,539790,-2003235,43.6,15.35,39.65,9.7,3577
"89",1992-09-13 00:16:01.742886,539790,-2003235,35.5,16.6,46.6,11.35,3577
"90",1992-09-29 00:15:41.761939,539790,-2003235,42.25,17.5,38.85,9.6,3577
"91",1992-11-16 00:14:54.709672,539790,-2003235,43.4,12.05,43.25,9.6,3577
"92",1992-12-02 00:15:02.429185,539790,-2003235,39.9,15.85,43.05,9.7,3577
"93",1993-01-19 00:15:34.313442,539790,-2003235,38.95,14.7,44.8,10,3577
"94",1993-03-08 00:16:01.502388,539790,-2003235,26.05,31.6,41,12.25,3577
"95",1993-03-24 00:16:02.045789,539790,-2003235,27.45,31.2,39.95,11.1,3577
"96",1993-04-09 00:16:08.866376,539790,-2003235,29.6,28.75,40.2,11.6,3577
"97",1993-04-25 00:16:18.161929,539790,-2003235,29.45,28.85,40.3,11.4,3577
"98",1993-05-11 00:16:21.772314,539790,-2003235,30.05,27.8,40.65,11.15,3577
"99",1993-05-27 00:16:25.378148,539790,-2003235,40.8,26.2,31.8,8.8,3577
"100",1993-06-28 00:16:19.596372,539790,-2003235,28.15,27.15,43,10.95,3577
"101",1993-07-30 00:16:15.387888,539790,-2003235,34.9,25.65,37.85,10.6,3577
"102",1993-08-15 00:16:16.80653,539790,-2003235,37.15,24.7,36.7,10.55,3577
"103",1993-08-31 00:16:15.584711,539790,-2003235,37.2,22.65,38.9,10.35,3577
"104",1993-10-02 00:16:10.073816,539790,-2003235,31.9,20.1,46.7,8.65,3577
"105",1993-11-03 00:15:57.578586,539790,-2003235,30.7,15.95,51.9,9.9,3577
"106",1993-12-05 00:15:45.59727,539790,-2003235,35.65,20.65,42.25,10.35,3577
"107",1994-01-22 00:15:10.768788,539790,-2003235,35.45,20.25,42.85,10.55,3577
"108",1994-03-11 00:14:33.082409,539790,-2003235,34.7,23.8,40.15,11.4,3577
"109",1994-03-27 00:14:19.007043,539790,-2003235,34.3,19.8,44.55,10.55,3577
"110",1994-04-12 00:14:00.623411,539790,-2003235,44.2,17.45,37.05,10.4,3577
"111",1994-04-28 00:13:44.182505,539790,-2003235,35.05,18.8,44.9,10.6,3577
"112",1994-05-14 00:13:25.992325,539790,-2003235,42.05,16.45,40.1,10.4,3577
"113",1994-05-30 00:13:09.453824,539790,-2003235,42.35,17.65,38.55,10.4,3577
"114",1994-06-15 00:12:49.430741,539790,-2003235,42.5,17.2,38.75,10.5,3577
"115",1994-07-01 00:12:26.002253,539790,-2003235,43,16.95,38.7,10.45,3577
"116",1994-07-17 00:11:59.056277,539790,-2003235,45,16.25,37.25,10.35,3577
"117",1994-08-02 00:11:31.512033,539790,-2003235,45.2,17.4,36.05,9.95,3577
"118",1994-08-18 00:11:08.812054,539790,-2003235,45.55,15.2,37.7,9.95,3577
"119",1994-09-03 00:10:45.62387,539790,-2003235,40.7,14.7,43,9.4,3577
"120",1994-10-05 00:09:52.819593,539790,-2003235,36.75,13.95,47.8,9.65,3577
"121",1994-10-21 00:09:21.633497,539790,-2003235,40.85,12.7,45.25,9.55,3577
"122",1994-11-06 00:08:47.48976,539790,-2003235,46.25,12.35,40.05,9.65,3577
"123",1994-11-22 00:08:13.819644,539790,-2003235,41.55,11.6,45.35,10.05,3577
"124",1994-12-08 00:07:46.127003,539779,-2003223,36.6,13.1333333333333,48.8666666666667,5.66666666666667,3577
"125",1995-01-09 00:06:42.243438,539790,-2003235,41.25,19.1,38.2,9.9,3577
"126",1995-01-25 00:06:06.245793,539790,-2003235,52.5,15.25,31.15,7.1,3577
"127",1995-03-30 00:03:30.715063,539790,-2003235,45.15,23.6,30.05,11,3577
"128",1995-04-15 00:02:51.277928,539790,-2003235,34.95,23.8,39.75,11.3,3577
"129",1995-05-17 00:01:25.913112,539790,-2003235,35.95,26.6,36.1,10.2,3577
"130",1995-06-02 00:00:40.912743,539790,-2003235,35.35,25.55,37.65,11.05,3577
"131",1995-07-03 23:59:13.79637,539790,-2003235,46.45,20.1,31.9,14.3,3577
"132",1995-07-19 23:58:30.300261,539790,-2003235,42.75,23.6,32,10.45,3577
"133",1995-08-20 23:57:03.627887,539790,-2003235,39,22.75,36.9,10.1,3577
"134",1995-09-21 23:55:30.070679,539790,-2003235,42.2,20.6,35.8,9.6,3577
"135",1995-10-23 23:53:46.255714,539790,-2003235,38.6,16.6,43.5,9.35,3577
"136",1995-11-08 23:53:21.611132,539790,-2003235,36.05,15.65,46.9,9.6,3577
"137",1995-11-24 23:53:38.721054,539790,-2003235,39.65,15.65,43.35,10.4,3577
"138",1995-12-26 23:55:48.054178,539790,-2003235,38.35,19.1,41.15,10.9,3577
"139",1996-02-12 23:59:10.354693,539790,-2003235,47.55,21.55,29.35,9.7,3577
"140",1996-04-01 00:02:18.698576,539790,-2003235,35,24.65,38.95,10.7,3577
"141",1996-04-17 00:03:18.052345,539790,-2003235,38.15,22.75,37.6,10.75,3577
"142",1996-05-03 00:04:15.633018,539790,-2003235,40,21.5,37.05,10.6,3577
"143",1996-05-19 00:05:11.454458,539790,-2003235,39.6,21.5,37.2,10.55,3577
"144",1996-06-04 00:06:05.208389,539790,-2003235,36.45,22.4,39.65,10.45,3577
"145",1996-06-20 00:06:57.119531,539790,-2003235,38,21.55,39.05,10.4,3577
"146",1996-07-06 00:07:47.263149,539790,-2003235,37.8,21.4,39.3,10.5,3577
"147",1996-07-22 00:08:38.076868,539790,-2003235,43.75,18.1,36.75,10.55,3577
"148",1996-08-07 00:09:28.81496,539795,-2003225,60.6666666666667,16.6666666666667,21.3333333333333,13,3577
"149",1996-08-23 00:10:18.511384,539790,-2003235,42.9,19.05,36.65,9.95,3577
"150",1996-09-08 00:11:12.805537,539790,-2003235,43.45,17.85,37.2,9.65,3577
"151",1996-09-24 00:12:05.205941,539790,-2003235,44,15.6,38.8,9.6,3577
"152",1996-10-26 00:13:43.697648,539790,-2003235,37.55,20.1,40.9,10.2,3577
"153",1996-11-11 00:14:29.140385,539790,-2003235,38.3,18.35,41.95,9.95,3577
"154",1996-11-27 00:15:14.136319,539790,-2003235,35.95,10.85,51.95,7,3577
"155",1997-01-14 00:17:31.203814,539790,-2003235,30.55,26.35,41.95,21.95,3577
"156",1997-01-30 00:18:14.613204,539790,-2003235,20.8,29.65,48.4,12.8,3577
"157",1997-02-15 00:18:56.016733,539801.25,-2003242.5,35.375,26.25,37.25,15.375,3577
"158",1997-03-19 00:20:12.60275,539790,-2003235,19.75,37.95,41.15,12.65,3577
"159",1997-04-04 00:20:48.115369,539790,-2003235,20.35,34.9,43.25,12.25,3577
"160",1997-04-20 00:21:22.429284,539790,-2003235,21.9,31.95,44.75,11.75,3577
"161",1997-05-06 00:21:56.013915,539790,-2003235,23.4,30.9,44.35,11.5,3577
"162",1997-05-22 00:22:29.297276,539790,-2003235,19.8,31.8,47,11.6,3577
"163",1997-06-07 00:23:03.072954,539790,-2003235,18.9,30.75,48.75,13.05,3577
"164",1997-07-09 00:24:08.582506,539790,-2003235,24.8,29.1,44.7,11.45,3577
"165",1997-08-26 00:25:42.764743,539785.909090909,-2003232.27272727,34.5454545454545,19.6363636363636,44.4545454545455,14.4545454545455,3577
"166",1997-09-11 00:26:10.514804,539790,-2003235,27.4,25.2,46.1,10.6,3577
"167",1997-10-13 00:27:03.962917,539790,-2003235,28.3,20.9,49.5,11,3577
"168",1997-10-29 00:27:30.69339,539790,-2003235,28.25,21.4,48.9,11,3577
"169",1997-11-14 00:27:53.44313,539790,-2003235,27.8,21.3,49.4,10.6,3577
"170",1997-11-30 00:28:16.874444,539790,-2003235,19.1,22.9,56.7,12.4,3577
"171",1998-02-02 00:29:45.427593,539790,-2003235,23.35,30.4,45.05,11.95,3577
"172",1998-02-18 00:30:04.37789,539790,-2003235,26.05,25.9,46.7,11.75,3577
"173",1998-03-22 00:30:34.989196,539790,-2003235,20.4,29.15,49.35,12.3,3577
"174",1998-04-07 00:30:46.710992,539790,-2003235,25.75,25.65,47.2,11.3,3577
"175",1998-04-23 00:30:58.531508,539790,-2003235,17.55,28.15,52.9,15.05,3577
"176",1998-05-09 00:31:13.978734,539790,-2003235,25.55,25.05,48.05,12.4,3577
"177",1998-05-25 00:31:28.837131,539790,-2003235,29.85,23.15,45.75,12.35,3577
"178",1998-06-10 00:31:42.856199,539790,-2003235,26.15,24.15,48.55,12.2,3577
"179",1998-06-26 00:31:52.742551,539790,-2003235,33.7,17.7,47.25,17,3577
"180",1998-07-12 00:32:06.448353,539790,-2003235,27.1,24.95,46.55,12.45,3577
"181",1998-08-13 00:32:20.152965,539790,-2003235,32.65,18.1,48.3,9,3577
"182",1998-08-29 00:32:31.746749,539790,-2003235,28.6,21.35,48.95,11.35,3577
"183",1998-09-14 00:32:38.492503,539790,-2003235,26,20.6,52.05,11.2,3577
"184",1998-09-30 00:32:42.736797,539790,-2003235,27.2,18.45,52.95,11.3,3577
"185",1998-10-16 00:32:42.327539,539790,-2003235,29.1,18.5,51.25,11.35,3577
"186",1998-11-01 00:32:46.688615,539790,-2003235,28.75,17.65,52.15,11.5,3577
"187",1998-11-17 00:32:55.311543,539790,-2003235,27.1,17.6,53.95,11.95,3577
"188",1998-12-19 00:32:53.406513,539790,-2003235,23.35,21.15,54.35,11.7,3577
"189",1999-01-20 00:32:54.020838,539790,-2003235,30.15,25.95,42.8,11.25,3577
"190",1999-02-21 00:33:08.768754,539790,-2003235,21.55,34.25,42.85,13.35,3577
"191",1999-04-10 00:32:35.14932,539790,-2003235,18.55,34.65,45.5,12.4,3577
"192",1999-05-12 00:32:26.766812,539790,-2003235,20.15,31.5,47.05,12.55,3577
"193",1999-05-28 00:32:02.680743,539790,-2003235,19.95,31.3,47.4,12.6,3577
"194",1999-06-29 00:31:41.258026,539790,-2003235,22.15,30.45,45.9,12.5,3577
"195",1999-07-15 00:31:36.776203,539790,-2003235,20.7,30,47.8,12.45,3577
"196",1999-07-23 00:46:41.450987,539790,-2003235,22.6,29.45,46.6,12.45,3577
"197",1999-07-31 00:31:35.939188,539790,-2003235,23.4,28.9,46.45,12.05,3577
"198",1999-08-08 00:46:47.86531,539790,-2003235,22.05,27.9,48.35,12.2,3577
"199",1999-08-16 00:31:28.660337,539790,-2003235,26.05,27.45,45.15,11.95,3577
"200",1999-08-24 00:46:47.652074,539790,-2003235,22.3,28,48.55,11.55,3577
"201",1999-09-09 00:46:47.3028,539790,-2003235,22.9,25.8,49.95,11.5,3577
"202",1999-09-25 00:46:51.551926,539790,-2003235,23.95,25.2,49.3,11.15,3577
"203",1999-10-19 00:30:27.412514,539790,-2003235,20.95,24.3,53.45,11.4,3577
"204",1999-10-27 00:46:46.111716,539790,-2003235,24.45,21.3,53.05,12.1,3577
"205",1999-11-12 00:46:46.122966,539790,-2003235,25.85,22.15,50.7,11.8,3577
"206",1999-11-28 00:46:40.143202,539771.25,-2003201.25,14.125,29.25,55.375,12.375,3577
"207",1999-12-14 00:46:50.734188,539790,-2003235,22.65,26.2,49.85,12.35,3577
"208",1999-12-22 00:28:58.645721,539790,-2003235,15.95,24.25,58.65,9.6,3577
"209",1999-12-30 00:46:40.259642,539790,-2003235,22.55,30.75,45.35,11.55,3577
"210",2000-01-15 00:46:42.423212,539790,-2003235,23.3,26.95,48.45,11.85,3577
"211",2000-01-31 00:46:41.195712,539790,-2003235,23.1,26.4,49.05,12.2,3577
"212",2000-03-19 00:46:29.209162,539790,-2003235,16,31.2,51.55,12.35,3577
"213",2000-04-04 00:46:20.742077,539820,-2003250,12,15.5,72,11,3577
"214",2000-05-06 00:46:05.710381,539790,-2003235,17.7,29.1,52,14.45,3577
"215",2000-05-22 00:45:54.066675,539790,-2003235,20.45,25.65,52.45,16.65,3577
"216",2000-06-07 00:45:43.36693,539801.25,-2003193.75,57.875,21.125,19.625,6.5,3577
"217",2000-06-23 00:45:39.999778,539790,-2003235,19.6,28.05,51.05,14.4,3577
"218",2000-07-25 00:45:07.072923,539790,-2003235,19.75,28.15,50.8,13.45,3577
"219",2000-08-10 00:44:57.620141,539790,-2003235,24.45,23.5,50.8,12.5,3577
"220",2000-08-26 00:44:51.233943,539790,-2003235,23.65,23.15,51.75,12.8,3577
"221",2000-09-11 00:44:34.434328,539790,-2003235,23.15,23.2,52.55,12.2,3577
"222",2000-09-27 00:44:19.475638,539790,-2003235,21.05,20.75,57.05,12.15,3577
"223",2000-11-30 00:44:15.738657,539790,-2003235,16.9,29.7,52.3,14.35,3577
"224",2001-01-17 00:44:22.001899,539790,-2003235,6.75,30.05,62,15.1,3577
"225",2001-03-06 00:44:13.785815,539790,-2003235,2.85,39.5,56.65,14.25,3577
"226",2001-03-22 00:44:04.721713,539790,-2003235,6,38.25,54.7,14.55,3577
"227",2001-04-23 00:43:58.375014,539790,-2003235,46.05,12.1,40.45,16.5,3577
"228",2001-05-09 00:43:53.490168,539790,-2003235,47.25,12.2,38.95,15.45,3577
"229",2001-05-25 00:43:42.942644,539790,-2003235,47.95,13.1,37.4,15,3577
"230",2001-06-10 00:43:31.088077,539790,-2003235,43.45,15.05,39.85,14.45,3577
"231",2001-06-26 00:43:14.23683,539790,-2003235,45.55,14.6,38.25,14.35,3577
"232",2001-07-12 00:43:15.170572,539790,-2003235,46.25,12.8,39.55,14.05,3577
"233",2001-07-28 00:43:05.932214,539790,-2003235,42.6,16.7,39.15,13.95,3577
"234",2001-08-13 00:42:46.205385,539790,-2003235,43.55,15.8,38.95,13.65,3577
"235",2001-08-29 00:42:36.861023,539790,-2003235,45.2,14.25,39.15,13.1,3577
"236",2001-09-14 00:42:25.640537,539790,-2003235,41.45,14.35,42.9,13.25,3577
"237",2001-09-30 00:42:15.304002,539790,-2003235,41.55,15.9,41.3,12.85,3577
"238",2001-10-16 00:42:08.155784,539790,-2003235,39.75,14.35,44.5,13.3,3577
"239",2001-11-17 00:42:24.413887,539790,-2003235,33.9,14.1,50.85,12.9,3577
"240",2001-12-03 00:42:23.534495,539790,-2003235,34.1,16.15,48.35,12.5,3577
"241",2001-12-19 00:42:31.969021,539790,-2003235,34.15,17.5,47.1,12.65,3577
"242",2002-01-20 00:42:44.089886,539790,-2003235,29.4,26.1,43.4,11.75,3577
"243",2002-02-05 00:42:44.493028,539790,-2003235,37,23.05,38.5,11.55,3577
"244",2002-03-09 00:42:49.157787,539790,-2003235,19.8,33.4,45.45,15.4,3577
"245",2002-03-25 00:42:42.536469,539790,-2003235,24.6,31.6,42.15,12.4,3577
"246",2002-04-10 00:42:42.785523,539790,-2003235,28,29.2,41.45,12,3577
"247",2002-04-26 00:42:41.001876,539790,-2003235,28.4,28.1,42.05,11.8,3577
"248",2002-05-12 00:42:39.927978,539790,-2003235,31.45,27.35,39.6,11.5,3577
"249",2002-05-28 00:42:30.873201,539790,-2003235,32.4,25.8,40.2,11.45,3577
"250",2002-06-13 00:42:24.976588,539790,-2003235,32.4,26.7,39.5,11.6,3577
"251",2002-06-29 00:42:19.688038,539790,-2003235,34.05,25.4,39.05,11.1,3577
"252",2002-07-15 00:42:15.145859,539790,-2003235,33.75,25.65,39.05,11.4,3577
"253",2002-07-31 00:42:07.260462,539790,-2003235,35.05,23.65,39.7,10.95,3577
"254",2002-08-16 00:42:03.480615,539790,-2003235,35.35,23.6,39.45,10.75,3577
"255",2002-09-01 00:41:52.688201,539790,-2003235,33.6,23,41.65,10.35,3577
"256",2002-10-03 00:41:36.350308,539790,-2003235,32.6,19.1,46.7,10.25,3577
"257",2002-10-19 00:41:39.291231,539790,-2003235,34.15,18.8,45.5,10.15,3577
"258",2002-11-20 00:41:58.595208,539745,-2003280,45,12,41,21,3577
"259",2002-12-06 00:42:08.948301,539790,-2003235,34.25,17.95,46.4,10.05,3577
"260",2002-12-22 00:42:12.248309,539790,-2003235,33.4,18.55,46.55,11.3,3577
"261",2003-01-23 00:42:22.854318,539790,-2003235,19.45,22.3,57.2,13.25,3577
"262",2003-02-08 00:42:32.238096,539790,-2003235,19.3,34.95,44.5,12.2,3577
"263",2003-03-12 00:42:38.129394,539790,-2003235,20.05,32.65,46.1,13.2,3577
"264",2003-04-13 00:42:38.952445,539790,-2003235,31.3,25,42.3,10.15,3577
"265",2003-04-29 00:42:39.153647,539790,-2003235,28.25,24.6,45.7,11.35,3577
"266",2003-05-15 00:42:36.174961,539790,-2003235,29.2,24.35,45,11.55,3577
"267",2003-05-31 00:42:35.541619,539790,-2003235,28.5,25.75,44.3,11.55,3577
"268",2003-07-10 00:30:12.858546,539790,-2003235,33.9,26.15,38.55,11.35,3577
"269",2003-07-18 00:42:26.601103,539790,-2003235,29.2,23.35,45.95,11.2,3577
"270",2003-08-03 00:42:18.179092,539790,-2003235,30.65,23.8,44,11.05,3577
"271",2003-08-11 00:30:46.100976,539790,-2003235,31.05,25.5,42.15,10.9,3577
"272",2003-08-19 00:42:17.772285,539790,-2003295,39.25,16.25,43,11.25,3577
"273",2003-09-12 00:31:20.455445,539790,-2003235,30.65,22,46,10.3,3577
"274",2003-09-20 00:42:06.295378,539790,-2003235,29.75,20.2,48.85,10.3,3577
"275",2003-09-28 00:31:33.124044,539790,-2003235,28,19.6,51,10.2,3577
"276",2003-10-06 00:42:02.422317,539745,-2003175,16,18,64,13,3577
"277",2003-10-14 00:31:45.72426,539790,-2003235,31.6,16.05,50.95,10.25,3577
"278",2003-10-22 00:42:11.905678,539790,-2003235,32.05,18.1,48.35,10.2,3577
"279",2003-11-15 00:32:09.719827,539790,-2003235,22.85,18.1,57.8,10.35,3577
"280",2003-11-23 00:42:33.266829,539790,-2003235,31.1,18.15,49.35,10.75,3577
"281",2003-12-01 00:32:23.81847,539790,-2003235,20.75,21.4,56.6,12.45,3577
"282",2003-12-09 00:42:37.047486,539790,-2003235,27.35,20.3,51.15,10.8,3577
"283",2003-12-17 00:32:29.487365,539760,-2003235,31,20,47,21.5,3577
"284",2004-01-02 00:32:38.264368,539790,-2003235,22.15,22.65,53.9,12.15,3577
"285",2004-01-18 00:32:40.287341,539783.823529412,-2003226.17647059,18.2352941176471,23.6470588235294,56.8823529411765,21.1176470588235,3577
"286",2004-01-26 00:42:56.34455,539790,-2003235,17.25,29.55,52.05,12.9,3577
"287",2004-02-11 00:43:00.26741,539790,-2003235,13.45,31.7,53.8,14.7,3577
"288",2004-02-27 00:43:00.112727,539790,-2003235,9.9,33.45,55.4,16.2,3577
"289",2004-03-06 00:32:55.17473,539790,-2003235,19.4,31.75,47.7,13.6,3577
"290",2004-03-22 00:33:00.396857,539790,-2003235,21.3,32.25,45.3,13.65,3577
"291",2004-03-30 00:43:09.887551,539790,-2003190,15.375,38.5,44.75,13,3577
"292",2004-04-07 00:33:18.961774,539790,-2003235,19.3,33.85,45.7,12.95,3577
"293",2004-04-23 00:33:47.828781,539790,-2003235,22,33.15,43.75,12.5,3577
"294",2004-05-01 00:43:03.29215,539790,-2003235,20.65,33.5,44.35,12.55,3577
"295",2004-05-09 00:34:15.076003,539790,-2003235,17.9,32.9,47.85,12.65,3577
"296",2004-05-17 00:43:04.725646,539790,-2003235,18.5,32.8,47.25,12.75,3577
"297",2004-05-25 00:34:41.941357,539790,-2003235,14.1,36.85,47.65,12.65,3577
"298",2004-06-02 00:43:01.003655,539790,-2003235,25.35,31.05,42.4,11.15,3577
"299",2004-06-10 00:35:10.952241,539790,-2003235,16.5,36.65,45.75,13.05,3577
"300",2004-06-18 00:42:54.431482,539790,-2003235,19.65,35,43.9,13.1,3577
"301",2004-06-26 00:35:39.63807,539790,-2003235,23.5,32.1,43.1,12.5,3577
"302",2004-07-04 00:42:53.927947,539790,-2003235,18.6,32.75,47.35,12.95,3577
"303",2004-07-12 00:36:07.279482,539790,-2003235,21.45,31.95,45.35,12.65,3577
"304",2004-07-20 00:42:50.059415,539790,-2003235,19.55,32.55,46.35,13.05,3577
"305",2004-07-28 00:36:29.705003,539790,-2003235,21.25,28.75,48.6,12.05,3577
"306",2004-08-05 00:42:41.422439,539790,-2003235,20.1,31.7,46.85,12.5,3577
"307",2004-08-13 00:36:49.456275,539790,-2003235,28.3,27.85,42.6,12.1,3577
"308",2004-08-21 00:42:40.785973,539790,-2003205,20,31.1666666666667,47.25,12.0833333333333,3577
"309",2004-08-29 00:37:15.907384,539790,-2003235,23.85,28.55,46.1,10.9,3577
"310",2004-09-06 00:42:35.675013,539790,-2003235,22.8,26.65,49.15,11.75,3577
"311",2004-09-14 00:37:41.634182,539790,-2003235,29.65,25.05,43.9,11.55,3577
"312",2004-09-22 00:42:30.298112,539790,-2003235,21.75,25.65,51.15,11.2,3577
"313",2004-09-30 00:38:03.506749,539790,-2003235,25,25.95,47.8,10.8,3577
"314",2004-10-08 00:42:21.179472,539790,-2003235,23.1,22.55,53,10.95,3577
"315",2004-10-16 00:38:24.428435,539790,-2003235,26.6,23.75,48.3,10.9,3577
"316",2004-10-24 00:42:38.698743,539790,-2003235,22.6,22.1,53.8,11.95,3577
"317",2004-11-01 00:38:44.048983,539790,-2003235,27.75,18.85,52.05,11.4,3577
"318",2004-11-09 00:42:49.142594,539790,-2003235,28.55,21.1,49.15,11.55,3577
"319",2004-11-17 00:38:58.460435,539790,-2003235,31.2,18.9,48.6,11.55,3577
"320",2004-11-25 00:42:56.565807,539805,-2003280,22.5,19,57.3333333333333,10.8333333333333,3577
"321",2004-12-03 00:39:20.158948,539790,-2003235,29.25,19.35,50,11.35,3577
"322",2004-12-11 00:43:03.98561,539790,-2003235,36.75,17.35,44.5,10,3577
"323",2004-12-19 00:39:38.427242,539790,-2003235,23.1,23.1,52.35,11.45,3577
"324",2005-01-12 00:43:17.218102,539790,-2003235,13.7,34.6,50.35,16.95,3577
"325",2005-01-20 00:40:04.361213,539790,-2003235,19.05,34.15,45.4,12.6,3577
"326",2005-01-28 00:43:18.357907,539790,-2003235,21.75,32.2,44.8,12.8,3577
"327",2005-02-05 00:40:16.43539,539790,-2003235,25.2,28.7,44.8,12.8,3577
"328",2005-02-13 00:43:28.643974,539790,-2003235,21.75,32.2,44.7,13.05,3577
"329",2005-02-21 00:40:33.196987,539790,-2003235,18.15,29.35,51.2,12.7,3577
"330",2005-03-01 00:43:34.005462,539790,-2003235,21.95,28.15,48.65,12.7,3577
"331",2005-03-09 00:40:46.764247,539790,-2003235,23.1,25.15,50.55,11.9,3577
"332",2005-03-25 00:40:55.225742,539790,-2003235,23.65,24.05,51,11.6,3577
"333",2005-04-02 00:43:32.57797,539790,-2003235,23.75,24.7,50.2,11.7,3577
"334",2005-04-18 00:43:25.606103,539790,-2003235,26.9,23.4,48.25,11.7,3577
"335",2005-04-26 00:41:03.130647,539790,-2003235,25.2,24.5,48.95,11.7,3577
"336",2005-05-04 00:43:29.313175,539790,-2003235,27.6,22.8,48.2,11.5,3577
"337",2005-05-12 00:41:09.217285,539790,-2003235,27.2,22.8,48.85,11.8,3577
"338",2005-05-20 00:43:29.819026,539775,-2003295,31.3333333333333,8.33333333333333,59,11.6666666666667,3577
"339",2005-05-28 00:41:17.937263,539790,-2003235,29.1,22.1,47.4,11.5,3577
"340",2005-06-05 00:43:25.020287,539790,-2003235,28.25,21.15,49.25,10.95,3577
"341",2005-06-13 00:41:25.829848,539790,-2003235,23.6,24.8,50.2,11.55,3577
"342",2005-06-29 00:41:29.886578,539790,-2003235,31.4,22.45,44.65,11.45,3577
"343",2005-07-15 00:41:38.294831,539790,-2003235,32.95,21.6,44.05,11.2,3577
"344",2005-07-23 00:43:18.500696,539745,-2003295,57,12,30,7,3577
"345",2005-07-31 00:41:48.353104,539802.857142857,-2003235,26.2142857142857,20.6428571428571,51.6428571428571,10.2857142857143,3577
"346",2005-08-08 00:43:15.541589,539790,-2003235,30,20.85,47.5,11.25,3577
"347",2005-08-16 00:41:55.270912,539790,-2003235,35.1,19.7,44,10.95,3577
"348",2005-08-24 00:43:09.651949,539790,-2003235,29.65,19.9,48.8,10.75,3577
"349",2005-09-01 00:42:00.035471,539790,-2003235,32.4,19.7,46.4,10.6,3577
"350",2005-09-09 00:43:00.230094,539790,-2003235,28.9,19.05,50.5,10.45,3577
"351",2005-09-17 00:42:01.251203,539790,-2003235,33.65,17.75,47.15,11.25,3577
"352",2005-09-25 00:42:57.743128,539790,-2003235,30.95,19.05,48.65,10.8,3577
"353",2005-10-03 00:41:58.420168,539790,-2003235,30.5,18.05,50.2,10.35,3577
"354",2005-10-11 00:42:56.684142,539790,-2003235,28.15,16.35,54.25,9.85,3577
"355",2005-11-04 00:41:59.754654,539790,-2003235,29.25,20,49.5,11.6,3577
"356",2005-11-12 00:43:20.998356,539790,-2003235,23.05,20.85,54.8,12.7,3577
"357",2005-11-20 00:42:23.80597,539803,-2003231,25.4666666666667,14.9333333333333,58.5333333333333,8.46666666666667,3577
"358",2005-11-28 00:43:27.721917,539790,-2003250,42.3125,15.625,40.625,12.5,3577
"359",2005-12-14 00:43:30.552621,539790,-2003235,34.65,18,45.8,11.9,3577
"360",2006-01-23 00:43:52.916992,539790,-2003235,20.95,21.35,56.45,13.15,3577
"361",2006-02-08 00:44:15.787706,539790,-2003235,14.9,29.3,54.5,14.6,3577
"362",2006-02-16 00:43:57.23723,539790,-2003235,30.1,30.65,37.9,11.35,3577
"363",2006-03-04 00:43:59.241385,539790,-2003235,22.7,33.8,42.25,13.25,3577
"364",2006-03-20 00:43:59.168703,539790,-2003235,26.8,34.15,38.15,14.4,3577
"365",2006-04-13 00:45:32.138436,539790,-2003235,13.85,40.05,44.8,16.1,3577
"366",2006-04-21 00:43:53.409594,539790,-2003235,22.45,37.2,39.05,13.7,3577
"367",2006-05-07 00:43:57.072397,539785.714285714,-2003256.42857143,23,33.4285714285714,42.1428571428571,15.1428571428571,3577
"368",2006-05-15 00:46:00.040618,539790,-2003235,18.3,38.1,42.15,14.65,3577
"369",2006-05-23 00:43:57.452947,539790,-2003235,18.45,37.2,43.05,14.5,3577
"370",2006-05-31 00:46:13.788053,539790,-2003235,21.3,34.5,42.85,14.35,3577
"371",2006-06-08 00:43:55.192869,539790,-2003235,22.3,34.7,41.65,13.95,3577
"372",2006-06-16 00:46:28.770092,539790,-2003235,19.95,35.9,42.8,14.15,3577
"373",2006-06-24 00:43:50.36712,539790,-2003235,20.55,35.25,43.05,14.35,3577
"374",2006-07-02 00:46:44.002686,539790,-2003235,23.7,33.3,41.75,13.65,3577
"375",2006-07-10 00:43:43.495016,539790,-2003235,20.2,33.8,44.4,14.3,3577
"376",2006-07-18 00:46:57.116121,539790,-2003235,20.85,34,43.65,13.75,3577
"377",2006-07-26 00:43:34.936208,539790,-2003235,22.9,33.1,42.65,13.65,3577
"378",2006-08-03 00:47:09.457579,539790,-2003235,23.75,31.35,43.45,13.3,3577
"379",2006-08-11 00:43:34.17986,539793.461538462,-2003209.61538462,18.7692307692308,35.6153846153846,44.3076923076923,13.1538461538462,3577
"380",2006-08-19 00:47:21.425647,539790,-2003235,26.45,28.75,43.4,12.85,3577
"381",2006-08-27 00:43:31.60227,539792.368421053,-2003231.84210526,21.9473684210526,29.8421052631579,46.7894736842105,12.5263157894737,3577
"382",2006-09-04 00:47:33.485226,539790,-2003235,24.5,28.25,45.95,11.9,3577
"383",2006-09-12 00:43:26.937253,539790,-2003235,24.8,27.7,46.05,11.9,3577
"384",2006-09-20 00:47:45.113045,539790,-2003235,26.75,26,45.9,11.4,3577
"385",2006-09-28 00:43:20.072397,539790,-2003235,24,26.6,48.1,11.35,3577
"386",2006-10-06 00:47:56.039566,539790,-2003235,27.75,17.85,53.45,10.75,3577
"387",2006-10-14 00:43:20.723711,539786.538461538,-2003260.38461538,28.1538461538462,21.5384615384615,48.7692307692308,11.3076923076923,3577
"388",2006-10-22 00:48:05.815643,539790,-2003235,25.35,22.85,50.2,11.2,3577
"389",2006-10-30 00:43:36.384773,539786.666666667,-2003241.66666667,24.5,22.3888888888889,51.7777777777778,11.6666666666667,3577
"390",2006-11-07 00:48:14.840249,539790,-2003235,27.4,22.95,48.5,11.65,3577
"391",2006-11-15 00:43:49.147906,539790,-2003235,28.1,21.9,48.35,10.7,3577
"392",2006-11-23 00:48:22.937224,539790,-2003235,25.95,23.35,49.35,11.15,3577
"393",2006-12-01 00:43:58.431097,539793,-2003217,19.1333333333333,27.2666666666667,51.9333333333333,11.4666666666667,3577
"394",2006-12-09 00:48:30.884166,539790,-2003235,25.5,22.6,50.35,12.8,3577
"395",2007-01-10 00:48:44.80329,539790,-2003235,48.5,10.7,39.3,11.1,3577
"396",2007-01-26 00:48:49.822981,539790,-2003235,20.8,33.6,44.2,13.3,3577
"397",2007-02-11 00:48:51.975964,539790,-2003235,27.6,31.75,39.4,13.5,3577
"398",2007-02-19 00:44:20.285541,539790,-2003235,15.9,34.7,48.15,13.25,3577
"399",2007-02-27 00:48:51.631532,539790,-2003235,20.3,31.25,47.05,12.4,3577
"400",2007-03-15 00:48:49.513145,539790,-2003235,18.1,28.45,52.05,12.9,3577
"401",2007-03-23 00:44:25.497171,539790,-2003190,12,34.125,52.75,13.25,3577
"402",2007-03-31 00:48:45.899405,539790,-2003235,23,24.9,50.7,13,3577
"403",2007-04-08 00:44:24.999441,539793,-2003217,19.6666666666667,29.4,49.7333333333333,12.9333333333333,3577
"404",2007-04-16 00:48:40.688005,539790,-2003235,25,26.2,47.4,11.95,3577
"405",2007-04-24 00:44:22.410061,539790,-2003235,24.45,24.15,50.05,12.25,3577
"406",2007-05-02 00:48:33.455271,539790,-2003235,28.5,22.2,48.05,11,3577
"407",2007-05-10 00:44:17.603493,539790,-2003235,36.95,15.75,45.7,21.65,3577
"408",2007-05-26 00:44:10.490835,539790,-2003280,58.5,12.25,27.5,16.75,3577
"409",2007-06-03 00:48:09.085609,539790,-2003235,27.55,23.35,47.7,12.7,3577
"410",2007-06-11 00:44:09.230126,539790,-2003235,29.15,24.1,45.45,12.8,3577
"411",2007-06-27 00:44:08.377709,539790,-2003235,26.55,25.05,46.8,14.7,3577
"412",2007-07-05 00:47:37.674505,539790,-2003235,28.15,23.05,47.5,12.9,3577
"413",2007-07-13 00:44:05.838555,539790,-2003235,28.15,24.1,46.4,13,3577
"414",2007-07-21 00:47:30.031027,539790,-2003235,30.15,22.65,45.8,12.8,3577
"415",2007-07-29 00:44:01.733645,539790,-2003235,26.5,22.75,49.3,12.8,3577
"416",2007-08-06 00:47:21.349232,539790,-2003235,31.1,20.65,46.6,12.85,3577
"417",2007-08-14 00:43:56.213286,539790,-2003235,27.35,21.5,49.95,12.7,3577
"418",2007-08-22 00:47:11.317816,539790,-2003235,33.05,17.95,47.65,12.3,3577
"419",2007-08-30 00:43:49.332051,539790,-2003235,27.45,20.9,50.35,12.35,3577
"420",2007-09-07 00:47:02.970848,539790,-2003235,32.1,19.65,46.8,11.9,3577
"421",2007-09-15 00:43:42.112076,539790,-2003235,28.35,18.75,51.7,12.35,3577
"422",2007-09-23 00:46:55.265471,539790,-2003235,32.2,16.8,49.55,11.8,3577
"423",2007-10-01 00:43:38.018606,539790,-2003235,30.15,19.15,49.4,11.55,3577
"424",2007-10-17 00:43:41.769975,539790,-2003235,31.8,17.95,48.8,11.65,3577
"425",2007-11-02 00:43:52.942272,539793.461538462,-2003209.61538462,34.0769230769231,15.1538461538462,49.4615384615385,14.7692307692308,3577
"426",2007-11-18 00:44:01.899257,539790,-2003235,29,19.3,50.4,12.2,3577
"427",2007-12-04 00:44:08.477718,539796.428571429,-2003187.85714286,24.7142857142857,19.4285714285714,54.4285714285714,11.4285714285714,3577
"428",2008-01-05 00:44:14.677878,539790,-2003235,31.65,24.25,42.75,11.05,3577
"429",2008-01-13 00:45:04.350106,539790,-2003235,30.1,20.35,48.05,10.35,3577
"430",2008-01-21 00:44:14.390277,539781,-2003289,44.6,12.2,41.6,11.8,3577
"431",2008-01-29 00:44:46.108634,539790,-2003235,20.1,25.15,53.45,12.05,3577
"432",2008-02-06 00:44:12.193214,539790,-2003235,24.05,24.25,50.15,12.65,3577
"433",2008-02-14 00:44:29.852263,539790,-2003235,23.3,24.85,50.65,8.85,3577
"434",2008-02-22 00:44:08.114377,539794.090909091,-2003202.27272727,16.8181818181818,35.0909090909091,46.6363636363636,12.9090909090909,3577
"435",2008-03-01 00:44:11.932153,539790,-2003235,24.4,25.4,49.1,13.05,3577
"436",2008-03-09 00:44:02.28056,539790,-2003235,26.1,28.2,44.2,12.5,3577
"437",2008-03-17 00:43:52.508779,539790,-2003235,17.75,30.15,50.9,13,3577
"438",2008-04-10 00:44:01.607636,539790,-2003235,28.05,26.35,44.2,12.8,3577
"439",2008-04-18 00:43:08.783294,539790,-2003235,24.35,25.6,48.75,12.15,3577
"440",2008-04-26 00:43:58.948063,539790,-2003235,31.1,25.1,42.4,11.85,3577
"441",2008-05-04 00:42:42.863563,539790,-2003235,25.95,24.85,47.85,12.3,3577
"442",2008-05-12 00:43:54.159442,539790,-2003235,28.15,26.05,44.5,12.65,3577
"443",2008-05-28 00:43:47.517724,539790,-2003235,40.8,21.85,36.15,10.25,3577
"444",2008-06-13 00:43:39.046044,539790,-2003235,38.9,22.6,37.35,8.65,3577
"445",2008-06-29 00:43:28.911892,539790,-2003235,26.35,25.65,46.55,12.7,3577
"446",2008-07-31 00:43:08.673986,539790,-2003235,29.15,24.65,44.8,11.8,3577
"447",2008-08-08 00:40:02.262046,539790,-2003235,35,23.8,39.65,11.75,3577
"448",2008-08-16 00:43:02.646898,539790,-2003235,30.25,23,45.45,11.9,3577
"449",2008-09-01 00:42:55.411264,539790,-2003235,28.3,21.9,48.1,10.95,3577
"450",2008-09-09 00:39:08.115501,539790,-2003235,36.2,20,42.2,11.15,3577
"451",2008-09-17 00:42:46.891865,539790,-2003235,29.6,18.05,50.75,10.8,3577
"452",2008-09-25 00:38:38.663276,539790,-2003235,37.3,19.05,42.2,10.6,3577
"453",2008-10-03 00:42:36.972748,539790,-2003235,28.75,20.15,49.65,10.4,3577
"454",2008-10-11 00:38:07.293284,539790,-2003235,35.95,18.6,44.05,10.65,3577
"455",2008-10-27 00:37:34.595502,539790,-2003235,32.5,21.85,44.2,10.8,3577
"456",2008-11-04 00:42:53.184763,539786.666666667,-2003241.66666667,27.9444444444444,17.7222222222222,53,10.7777777777778,3577
"457",2008-11-12 00:37:04.669737,539790,-2003235,33.55,17.8,47.45,9.75,3577
"458",2008-11-28 00:37:35.305284,539790,-2003235,32.9,21.6,44.1,10.6,3577
"459",2008-12-06 00:43:17.48117,539790,-2003295,40,11.75,46.5,11.75,3577
"460",2008-12-30 00:38:32.362359,539790,-2003235,26.05,19.55,53.15,9.35,3577
"461",2009-01-07 00:43:32.522901,539790,-2003205,4.66666666666667,32.0833333333333,62.0833333333333,17.75,3577
"462",2009-01-23 00:43:37.72373,539790,-2003235,15.5,27.35,56,14.6,3577
"463",2009-02-16 00:39:46.797328,539790,-2003235,15.1,33.7,50,15.25,3577
"464",2009-02-24 00:43:53.002254,539801,-2003223,15,34.4,49.4,14.2666666666667,3577
"465",2009-03-04 00:40:10.16655,539790,-2003235,15.95,37.45,45.45,14.15,3577
"466",2009-03-12 00:44:01.226089,539790,-2003235,14.6,37.15,46.95,13.9,3577
"467",2009-03-20 00:40:32.322355,539790,-2003235,17.55,35.5,45.6,13.5,3577
"468",2009-03-28 00:44:08.064124,539790,-2003235,17.95,36.05,44.6,13.4,3577
"469",2009-04-05 00:40:52.902328,539790,-2003235,20.1,35.9,42.6,11.95,3577
"470",2009-04-13 00:44:13.461658,539790,-2003235,10.85,40.55,47,15.3,3577
"471",2009-04-21 00:41:11.490429,539790,-2003235,18,35.5,45.4,13.85,3577
"472",2009-04-29 00:44:17.29849,539790,-2003235,18.7,36.55,43.45,13.65,3577
"473",2009-05-07 00:41:29.302435,539790,-2003235,27.5,29.4,41.7,9.9,3577
"474",2009-05-15 00:44:19.575012,539790,-2003235,18.9,36.15,43.35,13.45,3577
"475",2009-05-23 00:41:47.057975,539790,-2003235,21.4,34.75,42.3,13.35,3577
"476",2009-05-31 00:44:20.05368,539790,-2003235,17.05,35.5,45.95,13.4,3577
"477",2009-06-08 00:42:03.839768,539790,-2003235,20.45,33.75,44.4,12.7,3577
"478",2009-06-16 00:44:18.855453,539790,-2003220,17.25,36,45.25,13.5625,3577
"479",2009-07-02 00:44:16.154236,539790,-2003235,19.4,33.95,45.1,12.75,3577
"480",2009-07-10 00:42:39.090936,539790,-2003235,20.2,33.2,45.15,13.05,3577
"481",2009-07-18 00:44:12.097091,539790,-2003235,20.4,34.15,43.95,12.8,3577
"482",2009-07-26 00:42:54.548424,539790,-2003235,21.9,32.2,44.45,12.55,3577
"483",2009-08-03 00:44:06.748356,539790,-2003235,21.1,33.35,44,12.65,3577
"484",2009-08-11 00:43:08.308404,539790,-2003235,23.15,31.2,44.15,12.5,3577
"485",2009-08-19 00:44:03.703966,539790,-2003235,19.3,31.15,48,12.1,3577
"486",2009-08-27 00:43:22.876397,539790,-2003235,21.35,30.2,47.25,11.95,3577
"487",2009-09-04 00:44:03.673329,539790,-2003235,17.6,30.25,50.6,11.6,3577
"488",2009-09-12 00:43:36.159179,539790,-2003235,22.05,27.55,48.95,11.45,3577
"489",2009-09-20 00:44:02.351047,539787.631578947,-2003238.15789474,20.4736842105263,30.8947368421053,47.2631578947368,11.1578947368421,3577
"490",2009-09-28 00:43:47.957995,539790,-2003235,23.45,27.25,48,9.35,3577
"491",2009-10-06 00:43:59.471125,539790,-2003280,29.375,20.875,48.25,11,3577
"492",2009-10-22 00:44:08.643957,539790,-2003205,16.6666666666667,31.0833333333333,51.1666666666667,11.4166666666667,3577
"493",2009-10-30 00:44:07.579716,539790,-2003235,21.75,24.45,52.45,11,3577
"494",2009-11-07 00:44:23.452475,539790,-2003235,18,20.05,60.8,9.95,3577
"495",2009-11-15 00:44:14.787461,539790,-2003235,19.6,24.55,54.65,10.9,3577
"496",2010-01-18 00:44:41.621085,539790,-2003235,22.75,34.6,41.5,11.1,3577
"497",2010-02-03 00:44:45.631819,539790,-2003235,14.3,38.35,46.15,13.95,3577
"498",2010-02-11 00:45:45.428741,539790,-2003280,17.5,32.625,48.5,12.125,3577
"499",2010-02-19 00:44:48.336037,539790,-2003235,13.85,37.5,47.45,13.6,3577
"500",2010-03-15 00:46:01.287769,539790,-2003235,10.7,37.1,50.7,15.1,3577
"501",2010-03-23 00:44:50.27201,539790,-2003235,13.9,35.2,49.8,13.2,3577
"502",2010-04-08 00:44:48.08615,539790,-2003235,7.05,36,55.45,16.65,3577
"503",2010-04-16 00:46:06.269392,539790,-2003235,10.95,35.1,52.8,15.25,3577
"504",2010-04-24 00:44:44.127514,539790,-2003235,14.7,34.1,49.85,14.6,3577
"505",2010-05-02 00:46:04.400943,539790,-2003220,11.875,36.5625,50.5,14.75,3577
"506",2010-05-26 00:44:37.354218,539790,-2003235,16.65,30,52,15.75,3577
"507",2010-06-03 00:46:01.45731,539790,-2003235,15.95,33.2,49.7,15.15,3577
"508",2010-06-19 00:46:02.451281,539786.538461538,-2003260.38461538,18.3846153846154,29.1538461538462,51.3846153846154,14.3846153846154,3577
"509",2010-07-21 00:46:06.750202,539790,-2003235,19.1,30.1,49.55,14.3,3577
"510",2010-08-06 00:46:06.027686,539790,-2003190,14.75,32.5,51.625,14.375,3577
"511",2010-08-22 00:46:08.258571,539790,-2003235,16.15,28.25,54.3,13.45,3577
"512",2010-09-07 00:46:10.50888,539790,-2003235,21.6,21.65,55.6,9.95,3577
"513",2010-09-23 00:46:10.427948,539790,-2003235,16.8,23.5,58.35,12.4,3577
"514",2010-10-25 00:46:21.875008,539790,-2003235,17.75,22.9,58.1,12.5,3577
"515",2010-11-02 00:43:43.531125,539790,-2003235,2.85,16.8,79.3,8.5,3577
"516",2010-11-10 00:46:32.516396,539785,-2003275,22.5555555555556,19.5555555555556,56.3333333333333,13,3577
"517",2010-12-28 00:47:01.333646,539790,-2003235,12.4,26.8,59.85,12.2,3577
"518",2011-01-05 00:43:48.421059,539790,-2003235,2.4,30.7,66,14.15,3577
"519",2011-01-29 00:47:15.98266,539790,-2003235,11.4,29.1,58.05,14.45,3577
"520",2011-02-14 00:47:19.393149,539790,-2003235,9.35,29.5,60,15.1,3577
"521",2011-03-18 00:47:26.952107,539790,-2003235,2.5,33.85,62.9,17.35,3577
"522",2011-04-19 00:47:28.798835,539790,-2003235,9.45,37.05,52.3,16.05,3577
"523",2011-04-27 00:43:32.004396,539790,-2003235,8.9,36,53.75,15.45,3577
"524",2011-05-05 00:47:30.161696,539790,-2003235,10.4,35.85,52.7,15.35,3577
"525",2011-05-21 00:47:27.641707,539790,-2003175,8,39.25,51.5,15,3577
"526",2011-05-29 00:43:23.385864,539790,-2003235,9.8,31.9,57.1,15.05,3577
"527",2011-06-14 00:43:14.346688,539790,-2003235,12.85,31.4,54.65,15.3,3577
"528",2011-06-22 00:47:26.762533,539790,-2003235,13.55,33.3,51.95,15.05,3577
"529",2011-07-08 00:47:24.819045,539787.352941177,-2003245.58823529,13.7647058823529,32.4117647058824,52.5882352941176,14.7058823529412,3577
"530",2011-07-16 00:43:01.178288,539790,-2003256.42857143,26.5,24.2857142857143,48.2142857142857,8.42857142857143,3577
"531",2011-07-24 00:47:23.151322,539790,-2003235,14.2,30.7,53.75,14.35,3577
"532",2011-08-01 00:42:51.179234,539790,-2003235,12.5,29,57.3,13.65,3577
"533",2011-08-09 00:47:18.159901,539796.428571429,-2003187.85714286,9.57142857142857,33.2857142857143,55.8571428571429,14,3577
"534",2011-08-17 00:42:42.625215,539790,-2003235,13.35,26.8,58.65,13.55,3577
"535",2011-08-25 00:47:16.711322,539795,-2003195,11.2222222222222,32.8888888888889,54.7777777777778,13.3333333333333,3577
"536",2011-09-02 00:42:33.792162,539790,-2003235,15.1,25.3,58.05,13.05,3577
"537",2011-09-10 00:47:11.688595,539820,-2003175,7,27,64.5,13,3577
"538",2011-09-18 00:42:21.273073,539790,-2003235,12.9,23.85,62.15,12.25,3577
"539",2011-09-26 00:47:08.188796,539835,-2003175,13,22,64,13,3577
"540",2011-10-04 00:42:01.645443,539790,-2003235,12,21.3,65.3,12.65,3577
"541",2011-10-12 00:47:06.660855,539790,-2003235,10.15,24.75,64.05,13.2,3577
"542",2011-10-20 00:41:53.241319,539790,-2003235,7.4,23.85,67.6,11.85,3577
"543",2011-11-13 00:47:26.154605,539790,-2003235,32.25,12.55,53.9,13.4,3577
"544",2011-11-29 00:47:35.83809,539790,-2003235,27.6,20.25,50.85,13,3577
"545",2011-12-15 00:47:41.054659,539790,-2003235,38.05,21.25,39.65,12.4,3577
"546",2012-01-16 00:47:54.797345,539790,-2003235,28.2,24.95,45.45,12.85,3577
"547",2012-02-17 00:48:01.5352,539790,-2003235,27.8,28.4,42.45,11.95,3577
"548",2012-04-05 00:47:58.532995,539790,-2003235,23.2,29.4,45.9,13.75,3577
"549",2012-04-21 00:48:03.62579,539790,-2003235,24.05,27.85,46.75,13.4,3577
"550",2012-05-07 00:48:28.800663,539790,-2003235,33.2,23.25,42.1,12.85,3577
"551",2012-06-08 00:48:13.571621,539790,-2003235,28.15,26.35,44.1,13.6,3577
"552",2012-06-24 00:48:22.025006,539790,-2003235,30.35,24.4,43.8,13.35,3577
"553",2012-07-10 00:48:36.277543,539772.857142857,-2003235,33.7142857142857,17.3571428571429,47.7857142857143,18.1428571428571,3577
"554",2012-07-26 00:48:46.910763,539790,-2003235,31.35,21.35,46.1,13.1,3577
"555",2012-08-11 00:48:58.711515,539787.352941177,-2003245.58823529,33,21.6470588235294,44.0588235294118,13.2352941176471,3577
"556",2012-08-27 00:49:07.740335,539790,-2003235,34.2,20.55,43.65,12.4,3577
"557",2012-09-12 00:49:18.248504,539790,-2003235,32.9,19.05,46.65,11.9,3577
"558",2012-09-28 00:49:28.035956,539790,-2003235,33.25,18.55,46.9,11.6,3577
"559",2012-10-14 00:49:36.118293,539790,-2003235,34.75,18.1,45.7,11.85,3577
"560",2012-10-30 00:49:43.793394,539790,-2003175,36.25,18.25,44,11.5,3577
"561",2012-11-15 00:49:50.107928,539790,-2003235,32.15,16.4,50.15,11.7,3577
"562",2012-12-01 00:49:52.209799,539790,-2003235,34.45,18.85,45.45,11.55,3577
"563",2013-01-02 00:50:03.370846,539790,-2003235,26.35,23.9,48.4,12.75,3577
"564",2013-02-03 00:50:06.283514,539790,-2003220,26.375,27.25,44.9375,12.5,3577
"565",2013-02-19 00:50:04.3268,539812.5,-2003287.5,23,20.25,55.25,9.5,3577
"566",2013-03-07 00:50:02.163738,539790,-2003235,25.45,29.9,43.3,12.55,3577
"567",2013-04-08 00:49:55.744534,539790,-2003235,26.65,27.85,44.05,12.9,3577
"568",2013-04-09 00:55:58.385382,539790,-2003235,26.85,29.1,42.35,12.6,3577
"569",2013-04-16 00:55:42.594053,539790,-2003235,26,28.5,43.9,12.8,3577
"570",2013-04-24 00:49:47.577836,539790,-2003235,28.05,26.8,43.75,12.25,3577
"571",2013-05-02 00:55:41.109296,539790,-2003235,27.45,27.75,43.2,12.25,3577
"572",2013-05-26 00:49:42.300307,539790,-2003235,30.1,28.1,40.4,12.65,3577
"573",2013-06-03 00:55:56.430604,539790,-2003235,30.65,28.75,38.85,12.5,3577
"574",2013-06-11 00:49:34.010733,539790,-2003235,27.45,27.2,43.75,12.65,3577
"575",2013-06-19 00:55:49.569098,539790,-2003235,28.8,28.2,41.45,12.4,3577
"576",2013-06-27 00:49:27.881787,539785,-2003275,36.1111111111111,21.5555555555556,41.1111111111111,12.6666666666667,3577
"577",2013-07-05 00:55:52.377103,539790,-2003235,30.15,27.8,40.45,12.4,3577
"578",2013-07-13 00:49:17.138933,539784,-2003271,33.2,21.9,43.4,12.1,3577
"579",2013-07-21 00:55:50.653275,539790,-2003235,31.05,27.45,39.95,11.8,3577
"580",2013-07-29 00:49:09.562297,539790,-2003235,30.7,26.7,41.2,11.95,3577
"581",2013-08-06 00:55:54.140165,539790,-2003235,31.85,25.8,40.55,12,3577
"582",2013-08-14 00:49:09.170677,539790,-2003235,31.95,25,41.7,11.9,3577
"583",2013-08-22 00:55:55.706664,539790,-2003235,31.5,24.8,42.1,11.75,3577
"584",2013-08-30 00:49:20.314969,539790,-2003235,32.4,23.8,42.45,11.5,3577
"585",2013-09-07 00:55:55.056792,539790,-2003235,30.05,23.95,44.55,11.5,3577
"586",2013-09-15 00:49:32.111268,539790,-2003235,33.2,22.6,42.6,10.8,3577
"587",2013-09-23 00:55:47.814946,539790,-2003235,30.55,22,46.05,11,3577
"588",2013-10-01 00:49:41.81913,539790,-2003235,33.45,19.9,45.15,10.7,3577
"589",2013-10-09 00:55:46.61155,539790,-2003235,30.85,21.9,45.75,10.8,3577
"590",2013-10-17 00:49:54.785186,539784,-2003271,35.8,15.2,47.5,11,3577
"591",2013-10-25 00:55:39.088198,539790,-2003235,29.8,21.05,47.65,10.6,3577
"592",2013-11-02 00:49:58.416338,539790,-2003235,34,19.35,45.15,11.2,3577
"593",2013-12-04 00:50:13.398825,539790,-2003235,21.85,22.15,54.6,13.75,3577
"594",2013-12-12 00:55:28.212153,539790,-2003235,31.9,19,47.75,9.4,3577
"595",2013-12-20 00:50:14.036828,539790,-2003235,27.6,24.15,47,11.7,3577
"596",2013-12-28 00:55:19.218256,539790,-2003235,26.9,24.5,47.15,11.6,3577
"597",2014-01-29 00:54:59.118197,539790,-2003235,30,24.3,44.2,12.05,3577
"598",2014-03-10 00:50:42.081005,539790,-2003235,23.7,30.85,44.2,13.45,3577
"599",2014-03-18 00:54:21.377214,539790,-2003235,25.6,27.6,45.2,15.8,3577
"600",2014-03-26 00:50:48.548189,539790,-2003235,25.15,30.55,43,13.15,3577
"601",2014-04-03 00:54:05.410446,539790,-2003235,24.05,30.6,43.95,12.65,3577
"602",2014-04-11 00:50:54.238336,539790,-2003250,30.125,29.25,39.25,11.6875,3577
"603",2014-04-19 00:53:48.187133,539790,-2003235,28.1,30.4,40.1,12.75,3577
"604",2014-04-27 00:51:05.817899,539790,-2003295,30.25,21.75,46.5,13.5,3577
"605",2014-05-13 00:51:11.415012,539790,-2003235,27.8,30.3,40.5,12.65,3577
"606",2014-05-21 00:53:23.88385,539790,-2003235,26.55,31.35,40.55,12.75,3577
"607",2014-05-29 00:51:15.893582,539790,-2003235,27.4,30.65,40.45,12.65,3577
"608",2014-06-06 00:53:32.591508,539790,-2003235,27,33.3,37.95,11,3577
"609",2014-06-14 00:51:17.645088,539790,-2003235,27.3,30.8,40.4,12.4,3577
"610",2014-06-22 00:53:36.317132,539790,-2003235,27.65,31.35,39.4,12.45,3577
"611",2014-06-30 00:51:23.048101,539785.909090909,-2003267.72727273,32.2727272727273,28.1818181818182,38.0909090909091,12.4545454545455,3577
"612",2014-07-08 00:53:43.767784,539790,-2003235,28.95,30.65,39.1,12.3,3577
"613",2014-07-16 00:51:24.183008,539790,-2003235,28.15,29.35,40.95,12.15,3577
"614",2014-07-24 00:53:46.000395,539790,-2003235,28.45,29.75,40.15,11.95,3577
"615",2014-08-01 00:51:31.702281,539790,-2003235,26.95,27.45,44.05,12.1,3577
"616",2014-08-09 00:53:55.569807,539790,-2003235,29.35,28.85,40.05,11.9,3577
"617",2014-08-17 00:51:32.147013,539790,-2003235,29.85,27.8,40.9,11.75,3577
"618",2014-08-25 00:53:58.177527,539790,-2003235,29.7,28,40.55,11.5,3577
"619",2014-09-02 00:51:31.677038,539784,-2003271,34.9,22.8,40.6,11.5,3577
"620",2014-09-10 00:54:02.098533,539790,-2003235,28.05,26.15,44.15,11.4,3577
"621",2014-09-18 00:51:35.116191,539790,-2003235,29.85,24.85,43.75,10.8,3577
"622",2014-09-26 00:53:58.85654,539790,-2003235,26.95,25.15,46.4,10.6,3577
"623",2014-10-04 00:51:47.39332,539790,-2003235,28.35,23.05,47.4,10.75,3577
"624",2014-10-12 00:54:06.264591,539790,-2003235,28.85,24.8,44.95,10.35,3577
"625",2014-10-20 00:51:56.287571,539790,-2003235,30.15,22.2,46.1,10.35,3577
"626",2014-10-28 00:54:04.300527,539790,-2003235,26.05,22.9,49.5,10.3,3577
"627",2014-11-05 00:52:06.301153,539790,-2003235,27.4,22.55,48.4,10.6,3577
"628",2014-11-13 00:54:07.157612,539790,-2003235,25.3,24.7,48.45,10.9,3577
"629",2014-11-21 00:52:09.069368,539790,-2003235,25.9,22.95,49.9,10.75,3577
"630",2014-11-29 00:54:05.247518,539790,-2003235,20.6,26.1,51.75,12.75,3577
"631",2014-12-07 00:52:16.938187,539790,-2003235,26.6,28.95,43.05,8.75,3577
"632",2014-12-15 00:53:59.603563,539790,-2003235,22.6,28.9,47.05,12.35,3577
"633",2015-01-24 00:52:28.751342,539779.285714286,-2003217.85714286,22.5,31.3571428571429,44.8571428571429,11.1428571428571,3577
"634",2015-02-01 00:53:50.462754,539790,-2003235,19.95,36.1,42.45,13.45,3577
"635",2015-02-09 00:52:35.035897,539805,-2003205,25,28,45,14,3577
"636",2015-02-25 00:52:43.051626,539790,-2003235,17.6,32.1,49.05,13.3,3577
"637",2015-03-05 00:53:37.150176,539790,-2003235,18.5,37.55,42.45,13.2,3577
"638",2015-03-13 00:52:48.775354,539790,-2003235,18.15,35.8,44.55,13.05,3577
"639",2015-03-21 00:53:27.333641,539790,-2003235,18.6,35.2,44.6,12.2,3577
"640",2015-03-29 00:52:56.904397,539790,-2003235,17,34.15,47.5,11.9,3577
"641",2015-04-14 00:53:06.049774,539790,-2003235,19.75,34.7,44.05,11.95,3577
"642",2015-04-22 00:53:14.825221,539790,-2003235,20.95,35.2,42.3,11.9,3577
"643",2015-04-30 00:53:11.561398,539790,-2003235,21.25,32.8,44.5,12.1,3577
"644",2015-05-08 00:52:59.077533,539790,-2003235,22.4,34.1,41.75,11.95,3577
"645",2015-05-16 00:53:20.087544,539790,-2003235,22.05,31.4,45,12,3577
"646",2015-05-24 00:52:57.104057,539790,-2003235,22,34.45,42.15,11.8,3577
"647",2015-06-09 00:53:07.222731,539790,-2003235,20.9,33.9,43.45,12.55,3577
"648",2015-06-25 00:53:12.828526,539790,-2003235,22.15,35.35,40.9,12.6,3577
"649",2015-07-03 00:53:32.987469,539790,-2003280,28.375,26,44,12.25,3577
"650",2015-07-11 00:53:24.189953,539790,-2003235,20.7,34.25,43.35,12.5,3577
"651",2015-07-19 00:53:38.270906,539787.631578947,-2003238.15789474,22.3684210526316,31.2105263157895,44.9473684210526,12.5789473684211,3577
"652",2015-07-27 00:53:29.857838,539790,-2003235,21.4,34.8,42.15,10.25,3577
"653",2015-08-04 00:53:41.301499,539790,-2003235,21.4,31.1,46.05,12.25,3577
"654",2015-08-12 00:53:34.253896,539790,-2003235,22.45,31.8,44.3,11.75,3577
"655",2015-08-20 00:53:44.337234,539790,-2003235,22,28.85,47.85,11.9,3577
"656",2015-08-28 00:53:41.218209,539790,-2003235,20.85,31.35,46.4,11.6,3577
"657",2015-09-05 00:53:45.053031,539790,-2003235,23.3,27.9,47.35,11.7,3577
"658",2015-09-13 00:53:48.261521,539790,-2003235,22.15,29.3,47,11.45,3577
"659",2015-09-21 00:53:50.743861,539790,-2003235,22.95,28.15,47.55,11.3,3577
"660",2015-09-29 00:53:54.033322,539790,-2003235,17.9,28.1,52.55,10.1,3577
"661",2015-10-07 00:53:55.280328,539790,-2003235,19.75,26.5,52.2,10.05,3577
"662",2015-10-15 00:53:53.608995,539790,-2003235,20.25,28.5,49.75,10.35,3577
"663",2015-10-23 00:54:13.692949,539794.090909091,-2003202.27272727,19.3636363636364,29.6363636363636,49.6363636363636,10.6363636363636,3577
"664",2015-10-31 00:54:00.018536,539790,-2003235,18.85,28.05,51.7,10.8,3577
"665",2015-11-08 00:54:27.935035,539745,-2003295,33,9,57,12,3577
"666",2015-11-16 00:54:00.652473,539790,-2003235,22.25,26.5,49.8,11.7,3577
"667",2015-11-24 00:54:43.783349,539790,-2003235,43.4,13.6,41.4,12.4,3577
"668",2015-12-02 00:54:02.245785,539790,-2003235,39.3,17.4,41.7,10.7,3577
"669",2015-12-10 00:54:58.637026,539790,-2003235,35.75,16.4,46.3,9.15,3577
"670",2016-01-03 00:53:59.053043,539790,-2003235,31.25,20,47.35,13.4,3577
"671",2016-01-11 00:55:27.700069,539790,-2003235,32.9,19.05,46.75,12.45,3577
"672",2016-01-27 00:55:39.214192,539790,-2003235,31.05,25.05,42.5,12.55,3577
"673",2016-02-12 00:55:45.474745,539790,-2003235,24.7,30.75,43.05,12.75,3577
"674",2016-02-20 00:53:46.76987,539790,-2003235,27.95,29.5,41.2,10.15,3577
"675",2016-02-28 00:55:49.069444,539790,-2003235,27.9,28.5,42.35,12.3,3577
"676",2016-03-07 00:53:46.229672,539790,-2003235,23.85,31.45,43.25,13,3577
"677",2016-03-23 00:53:38.82264,539790,-2003235,25.65,33.7,39.25,13.15,3577
"678",2016-03-31 00:56:03.183073,539790,-2003235,24.95,32.1,41.55,12.65,3577
"679",2016-04-08 00:53:31.061487,539790,-2003235,31.45,29.45,37.6,11.75,3577
"680",2016-04-16 00:56:09.823485,539790,-2003235,25.15,28.3,45.15,12.5,3577
"681",2016-04-24 00:53:24.081473,539790,-2003235,29.2,29.1,40.05,12.15,3577
"682",2016-05-02 00:56:15.856557,539790,-2003235,28.65,26.95,43,11.9,3577
"683",2016-05-18 00:56:17.493709,539790,-2003235,29.1,26.4,43.2,12.2,3577
"684",2016-05-26 00:53:31.337421,539790,-2003235,27.95,27.75,42.7,12.7,3577
"685",2016-06-03 00:56:23.932634,539792.368421053,-2003231.84210526,27.7894736842105,27.3684210526316,43.5789473684211,12.3684210526316,3577
"686",2016-06-11 00:53:34.951505,539790,-2003235,30.65,27.1,40.75,11.95,3577
"687",2016-06-27 00:53:41.96004,539790,-2003235,32.7,27,38.85,12.3,3577
"688",2016-07-05 00:56:27.15527,539790,-2003235,30.6,24.85,42.9,12.45,3577
"689",2016-07-21 00:56:28.479612,539790,-2003235,32.05,25.2,41.2,12.05,3577
"690",2016-07-29 00:53:54.057111,539790,-2003235,34.35,25.05,38.95,12.3,3577
"691",2016-08-06 00:56:30.607004,539794.090909091,-2003202.27272727,31.5454545454545,27.2727272727273,39.9090909090909,11.7272727272727,3577
"692",2016-08-14 00:53:56.628577,539790,-2003235,34.85,23.45,40.25,11.95,3577
"693",2016-08-30 00:54:03.860215,539790,-2003235,35.35,23.15,39.85,11.8,3577
"694",2016-09-07 00:56:35.519007,539820,-2003175,39.5,22.5,36.5,11,3577
"695",2016-09-15 00:54:07.356292,539826.428571429,-2003226.42857143,34.2857142857143,7.71428571428571,56.8571428571429,6,3577
"696",2016-09-23 00:56:37.633783,539790,-2003235,35.55,18.45,44.5,12.4,3577
"697",2016-10-01 00:54:07.758114,539790,-2003235,35.4,19.95,43,11.75,3577
"698",2016-10-09 00:56:38.810971,539790,-2003235,36.55,19.05,43.1,11.75,3577
"699",2016-10-17 00:54:13.532877,539790,-2003235,37.75,18.6,42.25,11.5,3577
"700",2016-10-25 00:56:35.769362,539790,-2003235,37.05,18.2,43.3,11.8,3577
"701",2016-11-02 00:54:14.288158,539790,-2003235,35.4,18.3,44.8,11.6,3577
"702",2016-11-10 00:56:28.759765,539790,-2003235,33.65,11.25,53.7,9,3577
"703",2016-11-18 00:54:13.781564,539790,-2003235,35.65,18.05,44.85,11.7,3577
"704",2016-11-26 00:56:24.750817,539790,-2003175,34,24,41,9.75,3577
"705",2016-12-04 00:54:12.82612,539790,-2003235,33.5,19.2,45.6,11.4,3577
"706",2016-12-20 00:54:07.814903,539795,-2003240,24.7222222222222,23.1666666666667,50.7222222222222,13.6111111111111,3577
"707",2017-01-21 00:54:00.969439,539790,-2003235,22.1,32.2,44.3,13.95,3577
"708",2017-01-29 00:55:54.297318,539790,-2003295,29,24.25,45.5,12.75,3577
"709",2017-02-14 00:55:49.880605,539792.142857143,-2003222.14285714,17.2857142857143,29.7142857142857,52.5714285714286,13.1428571428571,3577
"710",2017-03-02 00:55:58.684663,539790,-2003235,20.25,32.8,45.5,12.8,3577
"711",2017-03-10 00:53:40.025316,539790,-2003235,19.25,33.55,45.6,13.15,3577
"712",2017-03-18 00:56:04.708689,539790,-2003235,19.1,31.4,48.25,13.1,3577
"713",2017-03-26 00:53:30.198745,539790,-2003235,19.65,32.2,46.7,13.65,3577
"714",2017-04-03 00:56:08.415131,539790,-2003235,23.95,30.2,44.65,12.35,3577
"715",2017-04-11 00:53:23.185581,539790,-2003235,28.1,28.1,42.2,12.8,3577
"716",2017-04-19 00:56:15.755689,539790,-2003235,20.9,29.45,48.3,11.2,3577
"717",2017-04-27 00:53:12.625673,539790,-2003235,28.7,28.45,41.35,10.25,3577
"718",2017-05-05 00:56:20.800459,539790,-2003235,26.35,26.9,45.15,11.9,3577
"719",2017-05-13 00:53:17.748782,539790,-2003235,27.2,27.75,43.55,11.8,3577
"720",2017-06-06 00:56:28.178957,539790,-2003235,29.1,26,43.35,11.85,3577
"721",2017-06-14 00:53:35.327003,539790,-2003235,28.8,27.85,41.7,11.95,3577
"722",2017-06-22 00:56:31.582242,539790,-2003235,28.85,25.95,43.8,11.8,3577
"723",2017-06-30 00:53:39.889485,539790,-2003235,29.35,28.05,40.85,11.75,3577
"724",2017-07-08 00:56:33.033971,539790,-2003235,28.1,24.2,46.25,11.4,3577
"725",2017-07-16 00:53:43.290462,539790,-2003235,28.65,27.45,42.25,11.5,3577
"726",2017-07-24 00:56:32.623307,539790,-2003235,30.7,24.85,42.9,11.2,3577
"727",2017-08-01 00:53:51.223811,539790,-2003235,29.65,26.9,42.05,11.25,3577
"728",2017-08-09 00:56:30.397711,539790,-2003235,29.8,25.15,43.3,11.2,3577
"729",2017-08-17 00:53:56.846656,539790,-2003235,29.3,25.85,43.4,11.25,3577
"730",2017-08-25 00:56:30.20367,539790,-2003205,27.3333333333333,28,43.5,10.6666666666667,3577
"731",2017-09-02 00:53:59.84631,539790,-2003235,29.95,24.2,44,10.8,3577
"732",2017-09-10 00:56:29.360379,539790,-2003190,28,27.25,43,10.25,3577
"733",2017-09-18 00:54:01.61661,539790,-2003235,29.95,22.8,45.65,10.4,3577
"734",2017-09-26 00:56:28.742469,539790,-2003235,29.45,21.25,47.9,10.35,3577
"735",2017-10-04 00:54:08.468271,539790,-2003235,28.25,22.4,47.85,10.35,3577
"736",2017-10-12 00:56:30.879454,539785.909090909,-2003267.72727273,29.2727272727273,19.2727272727273,50.1818181818182,11.4545454545455,3577
"737",2017-10-28 00:56:31.789055,539790,-2003235,29.75,21.5,47.35,10.6,3577
"738",2017-11-05 00:54:10.764364,539790,-2003235,27.75,22.1,48.8,10.85,3577
"739",2017-11-21 00:54:06.182558,539790,-2003235,24.55,23.5,50.55,11.5,3577
"740",2017-11-29 00:56:24.0216,539805,-2003175,29,24.3333333333333,45.3333333333333,10.3333333333333,3577
"741",2017-12-07 00:54:02.217891,539790,-2003235,26.5,24.55,47.5,11.7,3577
"742",2017-12-15 00:56:15.460613,539790,-2003235,27.25,21.65,49.85,11.55,3577
"743",2017-12-23 00:54:05.220773,539790,-2003235,26.3,23.65,48.45,11.55,3577
"744",2017-12-31 00:56:04.236595,539790,-2003235,29.25,20.2,49.2,10.8,3577
"745",2018-01-16 00:55:50.64616,539790,-2003235,38.95,15.15,44.9,9.4,3577
"746",2018-02-01 00:55:35.002007,539790,-2003235,29.65,21.7,47.15,11.8,3577
"747",2018-02-09 00:53:43.89746,539790,-2003235,29.45,21.15,47.9,11.95,3577
"748",2018-02-17 00:55:23.387047,539790,-2003235,32.2,19.15,47.35,11.45,3577
"749",2018-02-25 00:53:37.680962,539790,-2003235,30.65,19.95,47.85,11.55,3577
"750",2018-03-13 00:53:28.687339,539790,-2003235,31.45,21.85,45.3,12.45,3577
"751",2018-03-21 00:55:01.050958,539790,-2003235,30.6,19.5,48.45,12.05,3577
"752",2018-03-29 00:53:21.788328,539790,-2003235,28.45,22.2,48.05,13.35,3577
"753",2018-04-06 00:54:46.96412,539786.538461538,-2003260.38461538,34.8461538461538,17.1538461538462,46.5384615384615,12.5384615384615,3577
"754",2018-04-14 00:53:13.047381,539790,-2003235,32.65,19.75,46.2,12,3577
"755",2018-04-22 00:54:30.965224,539790,-2003235,33.2,17.85,47.6,12.05,3577
"756",2018-04-30 00:53:04.04733,539797,-2003219,34.9333333333333,23,40.5333333333333,10.8666666666667,3577
"757",2018-05-08 00:54:12.882338,539790,-2003235,36.95,18.55,43.05,11.5,3577
"758",2018-05-16 00:52:53.698373,539790,-2003235,37.55,19.95,40.95,11.5,3577
"759",2018-05-24 00:53:58.578595,539790,-2003235,36.75,23.7,37.85,8.6,3577
"760",2018-06-01 00:52:40.832713,539790,-2003235,35.8,20.25,42.4,11.5,3577
"761",2018-06-09 00:53:42.547566,539790,-2003235,35.8,18.65,44.4,11.4,3577
"762",2018-06-17 00:52:48.185511,539790,-2003235,36.75,20.75,40.85,11.45,3577
"763",2018-07-03 00:52:57.810699,539790,-2003235,34.35,21.1,42.9,11.7,3577
"764",2018-07-11 00:53:04.898116,539790,-2003235,38.25,19.95,40.45,11.45,3577
"765",2018-07-19 00:53:05.100181,539790,-2003235,37.5,19.15,41.8,11.35,3577
"766",2018-07-27 00:52:48.78296,539820,-2003175,43,20,36,10,3577
"767",2018-08-04 00:53:13.069168,539790,-2003235,37.6,17.85,42.8,11,3577
"768",2018-08-12 00:52:31.236083,539790,-2003235,39.5,18.3,40.7,11.05,3577
"769",2018-08-20 00:53:21.682859,539790,-2003235,39.75,17.9,40.65,11,3577
"770",2018-08-28 00:52:12.195977,539790,-2003235,40.6,14.9,43.2,10.85,3577
"771",2018-09-05 00:53:27.992693,539790,-2003235,37.85,16.7,43.85,10.75,3577
"772",2018-09-13 00:51:51.54745,539790,-2003235,40.7,14.8,43,10.4,3577
"773",2018-09-21 00:53:32.117056,539790,-2003235,39.35,15.15,44,10.1,3577
"774",2018-09-29 00:51:29.292212,539790,-2003235,40.4,14,44.05,10,3577
"775",2018-10-07 00:53:40.521558,539790,-2003235,37.5,14.85,45.95,10.15,3577
"776",2018-10-15 00:51:05.243406,539790,-2003220,38.375,13.1875,47.0625,9.375,3577
"777",2018-10-23 00:53:46.28254,539790,-2003235,35.9,14.45,48.2,10.6,3577
"778",2018-10-31 00:50:44.762119,539790,-2003235,37.4,12.95,48.3,10.1,3577
"779",2018-11-08 00:53:49.292077,539790,-2003235,36.35,14.5,47.5,10.05,3577
"780",2018-11-16 00:50:22.738799,539790,-2003235,34.6,14.95,49.15,11.25,3577
"781",2018-11-24 00:53:49.332364,539790,-2003235,32.85,18.75,46.85,11.25,3577
"782",2018-12-02 00:49:58.50107,539790,-2003190,34.375,21.25,43,10.625,3577
"783",2018-12-10 00:53:46.413486,539783.823529412,-2003235,33.7647058823529,18.1176470588235,46.7647058823529,10.5294117647059,3577
"784",2018-12-18 00:49:32.086152,539790,-2003235,36.6,17.1,44.95,10.5,3577
"785",2018-12-26 00:53:46.084447,539790,-2003235,36.4,17.2,44.9,10.65,3577
"786",2019-01-03 00:49:03.594032,539790,-2003235,35.15,13.75,49.9,10.95,3577
"787",2019-01-11 00:53:44.498376,539790,-2003235,37.4,15.4,45.6,10.2,3577
"788",2019-01-19 00:48:33.238177,539790,-2003235,42.9,11.5,44.1,9.9,3577
"789",2019-01-27 00:53:40.566262,539790,-2003235,30.7,20.75,47.2,11.9,3577
"790",2019-02-12 00:53:38.449993,539790,-2003235,37.7,18.95,41.85,10.85,3577
"791",2019-02-20 00:47:34.433215,539792.368421053,-2003231.84210526,35.5789473684211,18.7894736842105,44.3157894736842,11,3577
"792",2019-02-28 00:53:34.72781,539790,-2003235,36.6,18.3,43.55,10.95,3577
"793",2019-03-08 00:47:04.317726,539790,-2003235,38,17.95,42.7,10.85,3577
"794",2019-03-16 00:53:28.971426,539790,-2003235,36.65,19.05,42.7,10.85,3577
"795",2019-04-01 00:53:25.963734,539790,-2003235,35.05,22.95,40.4,11.25,3577
"796",2019-04-09 00:45:59.440252,539745,-2003295,48,12,39,11,3577
"797",2019-04-17 00:53:20.408799,539790,-2003235,34.7,22.95,40.6,11.3,3577
"798",2019-04-25 00:45:24.434323,539790,-2003235,36.45,22.9,39.1,11.15,3577
"799",2019-05-11 00:44:47.73025,539790,-2003235,38.45,22.35,37.75,11,3577
"800",2019-05-27 00:44:11.197664,539790,-2003280,39.25,19.125,40.125,11.5,3577
"801",2019-06-04 00:53:38.49134,539790,-2003235,41.75,19.75,36.85,14.05,3577
"802",2019-06-12 00:43:37.14385,539790,-2003235,36.4,23.75,38.5,10.9,3577
"803",2019-06-20 00:53:44.612727,539790,-2003235,38.8,22.9,36.6,10.8,3577
"804",2019-06-28 00:43:01.562556,539790,-2003235,37.85,22,38.6,10.65,3577
"805",2019-07-06 00:53:48.712575,539790,-2003235,38.45,22.5,37.25,10.8,3577
"806",2019-07-14 00:42:24.57465,539790,-2003235,39.55,23.05,35.85,10.3,3577
"807",2019-07-22 00:53:52.141137,539790,-2003235,39.9,21.25,37,10.5,3577
"808",2019-07-30 00:41:46.274412,539790,-2003235,41.95,19.65,36.9,10,3577
"809",2019-08-07 00:53:58.842444,539790,-2003235,39.95,20,38.35,10.1,3577
"810",2019-08-15 00:41:06.754016,539790,-2003235,41.15,19,38.45,10.2,3577
"811",2019-08-23 00:54:03.585369,539790,-2003235,42.5,19.05,36.95,10,3577
"812",2019-08-31 00:40:25.978833,539790,-2003235,44.5,18.4,35.5,9.8,3577
"813",2019-09-08 00:54:07.089268,539790,-2003235,42.65,17.5,38.05,9.7,3577
"814",2019-09-16 00:39:43.843459,539790,-2003235,43.65,19.3,35.6,9.5,3577
"815",2019-09-24 00:54:12.868958,539790,-2003235,43.85,15.95,38.55,7.9,3577
"816",2019-10-02 00:39:02.641303,539790,-2003190,44.625,20.25,33.625,8.875,3577
"817",2019-10-10 00:54:16.33008,539790,-2003235,42.8,16.95,38.65,9.6,3577
"818",2019-10-18 00:38:22.613435,539790,-2003235,45.15,14,39.7,9,3577
"819",2019-10-26 00:54:17.239545,539790,-2003235,40.3,16.4,41.7,9.55,3577
"820",2019-11-03 00:37:40.600327,539790,-2003235,41.9,17.3,39.5,9.75,3577
"821",2019-11-11 00:54:15.281419,539790,-2003235,42.6,15.25,40.5,9.6,3577
"822",2019-11-19 00:36:56.436958,539790,-2003235,44.1,14.25,40.05,9.75,3577
"823",2019-11-27 00:54:12.648565,539790,-2003235,38.35,15.6,44.5,9.9,3577
"824",2019-12-05 00:36:10.107595,539790,-2003235,39.4,18.75,40.45,10.1,3577
"825",2019-12-13 00:54:11.54666,539790,-2003235,42.25,15.55,40.45,9.05,3577
"826",2019-12-21 00:35:21.725218,539790,-2003235,40.2,16.2,42.3,9.75,3577
"827",2019-12-29 00:54:07.667516,539790,-2003235,36.75,19.45,42.3,10.4,3577
"828",2020-01-14 00:54:04.228716,539790,-2003235,41,15.05,42.4,9.6,3577
"829",2020-01-30 00:53:59.442531,539790,-2003235,30.55,18.45,49.45,18.2,3577
"830",2020-02-07 00:32:55.924928,539790,-2003235,26.5,23.6,48.5,13.65,3577
"831",2020-02-15 00:53:55.428002,539790,-2003235,35.35,23,40.2,11.2,3577
"832",2020-03-10 00:31:14.338305,539796.428571429,-2003187.85714286,32.5714285714286,27.7142857142857,38.5714285714286,10.7142857142857,3577
"833",2020-03-18 00:53:43.472665,539790,-2003235,35.1,23.05,40.45,11.1,3577
"834",2020-03-26 00:30:21.253304,539790,-2003235,38.25,20.05,40.1,13.85,3577
"835",2020-04-03 00:53:33.851694,539790,-2003235,34.05,22.1,42.45,10.75,3577
"836",2020-04-11 00:29:26.583678,539790,-2003250,41.5625,16.25,40.9375,17.875,3577
"837",2020-04-19 00:53:27.694117,539790,-2003235,35.55,21.65,41.05,10.9,3577
"838",2020-04-27 00:28:30.189494,539790,-2003235,37.5,23.45,37.55,10.75,3577
"839",2020-05-05 00:53:18.957433,539790,-2003235,40.6,21.3,36.6,10.4,3577
"840",2020-05-13 00:27:31.959365,539790,-2003235,41.45,22.15,34.8,8.35,3577
"841",2020-05-29 00:26:32.971619,539790,-2003235,34.95,21.6,42.05,10.85,3577
"842",2020-06-06 00:53:26.68589,539790,-2003235,37.6,21.6,39.3,10.85,3577
"843",2020-06-14 00:25:37.626535,539790,-2003235,37.5,23.65,37.5,10.9,3577
"844",2020-06-22 00:53:35.934824,539790,-2003235,38.55,21.7,37.8,10.8,3577
"845",2020-06-30 00:24:40.761874,539790,-2003235,37.95,22.4,38.3,10.7,3577
"846",2020-07-08 00:53:43.138012,539790,-2003235,40.45,21.75,36.2,10.75,3577
"847",2020-07-16 00:23:42.620068,539790,-2003235,38.8,22.05,37.75,10.75,3577
"848",2020-07-24 00:53:48.404021,539790,-2003235,41.1,20.7,36.55,10.5,3577
"849",2020-08-01 00:22:43.184695,539790,-2003235,40.85,21.4,36.35,10.5,3577
"850",2020-08-09 00:53:51.688916,539790,-2003235,39.7,20.1,38.45,10.35,3577
"851",2020-08-17 00:21:42.356075,539790,-2003235,39.45,20.2,38.8,10.25,3577
"852",2020-08-25 00:53:59.424881,539790,-2003235,40.05,18.85,39.55,9.95,3577
"853",2020-09-02 00:20:40.173648,539790,-2003235,41.05,18.85,38.6,9.9,3577
"854",2020-09-10 00:54:06.400157,539790,-2003235,39.9,17.9,40.45,9.85,3577
"855",2020-09-18 00:19:36.516395,539790,-2003235,37.75,17.55,43.3,9.35,3577
"856",2020-09-26 00:54:11.199184,539790,-2003235,38.65,19.3,40.5,10.05,3577
"857",2020-10-04 00:18:34.964196,539790,-2003235,39.1,18,41.6,9.95,3577
"858",2020-10-12 00:54:13.470605,539790,-2003235,43.25,17.95,37.15,9.05,3577
"859",2020-10-20 00:17:33.007508,539775,-2003222.14285714,39.1428571428571,15.4285714285714,44,7.57142857142857,3577
"860",2020-10-28 00:54:13.037419,539790,-2003235,38.55,17.35,42.55,9.9,3577
"861",2020-11-05 00:16:28.925753,539790,-2003235,38.05,15.3,45.2,9.9,3577
"862",2020-11-21 00:15:22.291478,539790,-2003235,40,17.5,41.15,9.95,3577
"863",2020-11-29 00:54:14.132115,539790,-2003235,39.6,16.95,41.8,9.9,3577
"864",2020-12-07 00:14:12.487207,539790,-2003235,39.9,17.35,41.35,9.75,3577
"865",2020-12-15 00:54:14.260514,539790,-2003235,28.5,20.25,49.75,14.25,3577
"866",2021-01-08 00:11:53.547259,539785,-2003275,32.3333333333333,23.2222222222222,43.1111111111111,11.7777777777778,3577
"867",2021-01-24 00:10:45.239035,539790,-2003250,31.1875,27.4375,39.9375,10.6875,3577
"868",2021-02-01 00:54:01.217305,539790,-2003235,24.9,27.7,45.8,13.75,3577
"869",2021-02-25 00:08:22.002529,539790,-2003235,32,29.6,37.15,11.15,3577
"870",2021-03-05 00:53:50.540458,539790,-2003235,33.75,26.1,38.65,11.05,3577
"871",2021-03-13 00:07:07.01747,539785.714285714,-2003256.42857143,30.7857142857143,26.0714285714286,41.5714285714286,11.0714285714286,3577
"872",2021-04-06 00:53:38.393086,539790,-2003235,30.35,26.4,41.6,11.6,3577
"873",2021-04-14 00:04:30.226936,539790,-2003235,31.65,28.2,38.7,11.55,3577
"874",2021-04-22 00:53:31.505221,539790,-2003235,33.15,24.95,40.3,11.1,3577
"875",2021-04-30 00:03:08.911793,539790,-2003235,31.45,26.1,40.9,11.4,3577
"876",2021-05-24 00:53:33.974585,539790,-2003235,34.65,24.15,39.55,10.95,3577
"877",2021-06-01 00:00:26.259352,539799,-2003181,30,27.8,40.6,10.6,3577
"878",2021-06-09 00:53:41.466127,539790,-2003235,34.9,24.55,38.9,10.9,3577
"879",2021-06-16 23:59:08.332658,539790,-2003235,29.8,25.65,42.95,11.25,3577
"880",2021-07-02 23:57:48.558745,539790,-2003235,32.05,29,37.5,11.35,3577
"881",2021-07-11 00:53:47.958633,539790,-2003235,35.65,25.85,37.05,11.15,3577
"882",2021-07-18 23:56:26.709223,539790,-2003235,33.25,27.35,37.85,11.5,3577
"883",2021-07-27 00:53:54.450986,539790,-2003235,36.15,24,38.2,10.75,3577
"884",2021-08-03 23:55:02.828734,539790,-2003235,34.65,25.15,38.75,10.95,3577
"885",2021-08-12 00:54:01.209836,539790,-2003235,36.4,23.15,38.9,10.75,3577
"886",2021-08-19 23:53:37.659641,539790,-2003265,35.5,21.6666666666667,41.4166666666667,11.5,3577
"887",2021-08-28 00:54:05.666761,539790,-2003235,38.05,21.35,38.95,10.5,3577
"888",2021-09-13 00:54:10.164531,539790,-2003235,36.15,21.35,40.9,10.55,3577
"889",2021-09-20 23:50:49.824669,539790,-2003235,38.55,21.85,38.2,10.1,3577
"890",2021-09-29 00:54:14.083159,539790,-2003235,37.7,19.6,41.15,9.95,3577
"891",2021-10-06 23:49:24.735538,539781,-2003289,40.2,13,45.4,10.8,3577
"892",2021-10-15 00:54:18.744528,539790,-2003235,36.75,21,40.7,10,3577
"893",2021-10-31 00:54:19.128967,539790,-2003235,29.7,22.6,46.2,12.65,3577
"894",2021-11-16 00:50:19.666254,539790,-2003235,37.7,25.25,35.5,10.9,3577
"895",2021-12-02 00:54:15.246235,539790,-2003235,32.15,26.5,39.6,11.4,3577
"896",2021-12-09 23:43:25.525294,539790,-2003295,29.25,22.75,46.5,12.5,3577
"897",2022-02-20 00:53:55.166768,539790,-2003235,29.75,32.25,36.45,12.1,3577
"898",2022-03-08 00:53:52.931162,539790,-2003235,29.25,30.2,38.85,11.55,3577
"899",2022-03-24 00:53:42.931379,539790,-2003235,27.4,29.25,41.75,11.45,3577
"900",2022-04-09 00:53:41.61202,539790,-2003235,30.75,28.15,39.25,11.3,3577
"901",2022-04-17 00:53:42.717574,539790,-2003235,28.5,28.85,40.9,11.2,3577
"902",2022-05-03 00:53:37.030856,539790,-2003235,29.55,28.2,40.6,11.95,3577
"903",2022-05-11 00:53:47.401258,539790,-2003235,28.4,28.45,41.6,11.8,3577
"904",2022-05-19 00:53:24.927332,539790,-2003235,28.6,27.85,42,11.85,3577
"905",2022-05-27 00:53:48.818164,539790,-2003235,30.7,28.1,39.65,11.7,3577
"906",2022-06-12 00:54:01.866364,539790,-2003235,32.3,27.8,38.2,11.6,3577
"907",2022-07-06 00:53:44.699282,539790,-2003235,32.3,29.65,36.35,12.45,3577
"908",2022-07-14 00:54:06.705995,539790,-2003235,32.5,29.7,36.2,11.9,3577
"909",2022-07-22 00:53:48.966372,539790,-2003235,32.45,29.25,36.6,11.9,3577
"910",2022-07-30 00:54:17.680458,539790,-2003235,33.3,28.15,36.9,11.75,3577
"911",2022-08-07 00:54:01.292316,539790,-2003235,29.8,27.7,40.7,11.5,3577
"912",2022-08-15 00:54:24.780753,539790,-2003235,32.9,26.85,38.7,11.65,3577
"913",2022-08-23 00:54:07.12644,539790,-2003235,33.4,26.2,38.6,11.35,3577
"914",2022-08-31 00:54:25.31327,539790,-2003235,30.05,25.6,42.7,11.5,3577
"915",2022-09-08 00:54:06.515322,539790,-2003235,30.65,24.45,43.35,11.3,3577
"916",2022-09-16 00:54:31.561255,539790,-2003235,30.1,24.35,43.85,11.1,3577
"917",2022-09-24 00:54:14.364729,539790,-2003235,32.7,24.05,41.7,11,3577
"918",2022-10-10 00:54:16.841392,539790,-2003235,32.7,25.05,40.75,11.65,3577
"919",2022-10-26 00:54:20.632465,539790,-2003235,24.45,30.15,43.75,13.25,3577
"920",2022-11-03 00:54:32.172044,539790,-2003235,29.65,29.75,38.95,11.95,3577
"921",2022-11-11 00:54:21.134971,539790,-2003235,27.85,27.55,43.15,11.75,3577
"922",2022-11-19 00:54:24.558393,539790,-2003235,27.35,26.85,44.25,11.85,3577
"923",2022-12-05 00:54:26.94967,539790,-2003235,23.95,33.95,40.45,12.45,3577
"924",2022-12-13 00:54:20.544998,539790,-2003235,27.85,32.05,38.65,11.45,3577
"925",2022-12-21 00:54:17.436441,539745,-2003295,33,12,53,14,3577
"926",2023-01-14 00:54:17.432032,539790,-2003235,19.4,38.35,40.7,14.95,3577
"927",2023-01-22 00:54:13.536791,539790,-2003235,18.15,40.55,39.5,13.5,3577
"928",2023-01-30 00:54:20.089965,539790,-2003235,21.65,40.15,36.8,12.65,3577
"929",2023-02-15 00:54:21.219034,539790,-2003235,20.7,41.8,35.95,15,3577
