time,x,y,bs,pv,npv,ue,spatial_ref
2015-01-05 01:12:04.653018,151395.0,-1827045.0,,,,,3577
2015-01-13 01:10:36.211336,151395.0,-1827045.0,,,,,3577
2015-01-14 01:05:53.303787,151395.0,-1827045.0,,,,,3577
2015-01-21 01:12:00.329900,151395.0,-1827045.0,,,,,3577
2015-01-22 01:04:24.803632,151395.0,-1827045.0,,,,,3577
2015-01-29 01:10:40.883629,151395.0,-1827045.0,,,,,3577
2015-01-30 01:05:48.391687,151395.0,-1827045.0,2.0,46.0,51.0,14.0,3577
2015-02-06 01:11:57.023703,151395.0,-1827045.0,3.0,45.0,51.0,13.0,3577
2015-02-07 01:04:32.913901,151395.0,-1827045.0,0.0,45.0,54.0,13.0,3577
2015-02-14 01:10:41.867657,151395.0,-1827045.0,,,,,3577
2015-02-15 01:05:39.369727,151395.0,-1827045.0,2.0,51.0,45.0,13.0,3577
2015-02-22 01:11:50.540920,151395.0,-1827045.0,,,,,3577
2015-02-23 01:04:39.451954,151395.0,-1827045.0,,,,,3577
2015-03-02 01:10:54.059830,151395.0,-1827045.0,,,,,3577
2015-03-10 01:11:41.107517,151395.0,-1827045.0,3.0,50.0,46.0,13.0,3577
2015-03-11 01:04:44.514909,151395.0,-1827045.0,,,,,3577
2015-03-19 01:05:25.981417,151395.0,-1827045.0,2.0,38.0,59.0,11.0,3577
2015-03-26 01:11:32.654997,151395.0,-1827045.0,,,,,3577
2015-03-27 01:04:54.353692,151395.0,-1827045.0,,,,,3577
2015-04-03 01:11:07.666366,151395.0,-1827045.0,,,,,3577
2015-04-04 01:05:13.617724,151395.0,-1827045.0,5.0,25.0,69.0,12.0,3577
2015-04-11 01:11:24.440580,151395.0,-1827045.0,10.0,20.0,69.0,11.0,3577
2015-04-12 01:05:02.964980,151395.0,-1827045.0,5.0,20.0,74.0,11.0,3577
2015-04-19 01:11:15.430302,151395.0,-1827045.0,7.0,10.0,83.0,12.0,3577
2015-04-20 01:05:13.408186,151395.0,-1827045.0,7.0,18.0,74.0,11.0,3577
2015-04-27 01:11:19.711519,151395.0,-1827045.0,10.0,15.0,73.0,11.0,3577
2015-04-28 01:05:08.408430,151395.0,-1827045.0,,,,,3577
2015-05-05 01:11:21.569063,151395.0,-1827045.0,5.0,12.0,81.0,10.0,3577
2015-05-06 01:04:59.284264,151395.0,-1827045.0,9.0,11.0,79.0,10.0,3577
2015-05-13 01:11:03.654083,151395.0,-1827045.0,10.0,9.0,80.0,10.0,3577
2015-05-14 01:05:17.023170,151395.0,-1827045.0,8.0,7.0,83.0,10.0,3577
2015-05-21 01:11:29.464675,151395.0,-1827045.0,0.0,5.0,95.0,10.0,3577
2015-05-22 01:04:54.349603,151395.0,-1827045.0,7.0,7.0,85.0,10.0,3577
2015-05-29 01:11:06.332981,151395.0,-1827045.0,9.0,7.0,83.0,10.0,3577
2015-05-30 01:05:20.806330,151395.0,-1827045.0,12.0,5.0,82.0,7.0,3577
2015-06-06 01:11:35.762373,151395.0,-1827045.0,,,,,3577
2015-06-07 01:05:03.385856,151395.0,-1827045.0,14.0,5.0,80.0,10.0,3577
2015-06-14 01:11:18.621946,151395.0,-1827045.0,,,,,3577
2015-06-15 01:05:27.775289,151395.0,-1827045.0,0.0,2.0,98.0,10.0,3577
2015-06-22 01:11:38.491885,151395.0,-1827045.0,,,,,3577
2015-06-23 01:05:10.344316,151395.0,-1827045.0,13.0,3.0,83.0,9.0,3577
2015-06-30 01:11:25.275153,151395.0,-1827045.0,8.0,2.0,89.0,10.0,3577
2015-07-01 01:05:29.493440,151395.0,-1827045.0,,,,,3577
2015-07-08 01:11:44.041996,151395.0,-1827045.0,,,,,3577
2015-07-09 01:05:20.646035,151395.0,-1827045.0,10.0,2.0,87.0,9.0,3577
2015-07-16 01:11:35.128803,151395.0,-1827045.0,11.0,2.0,86.0,10.0,3577
2015-07-17 01:05:35.725561,151395.0,-1827045.0,,,,,3577
2015-07-24 01:11:47.125076,151395.0,-1827045.0,,,,,3577
2015-07-25 01:05:27.108816,151395.0,-1827045.0,4.0,2.0,93.0,9.0,3577
2015-08-01 01:11:39.101592,151395.0,-1827045.0,9.0,3.0,87.0,9.0,3577
2015-08-02 01:05:38.266207,151395.0,-1827045.0,5.0,0.0,94.0,9.0,3577
2015-08-09 01:11:51.316062,151395.0,-1827045.0,5.0,1.0,93.0,9.0,3577
2015-08-10 01:05:30.690827,151395.0,-1827045.0,7.0,3.0,89.0,9.0,3577
2015-08-17 01:11:45.519118,151395.0,-1827045.0,9.0,2.0,87.0,9.0,3577
2015-08-18 01:05:41.927153,151395.0,-1827045.0,5.0,0.0,94.0,9.0,3577
2015-08-25 01:11:52.802032,151395.0,-1827045.0,,,,,3577
2015-08-26 01:05:38.332375,151395.0,-1827045.0,2.0,2.0,95.0,14.0,3577
2015-09-02 01:11:50.648814,151395.0,-1827045.0,2.0,5.0,92.0,9.0,3577
2015-09-03 01:05:41.717839,151395.0,-1827045.0,0.0,0.0,99.0,9.0,3577
2015-09-10 01:11:55.882842,151395.0,-1827045.0,0.0,0.0,99.0,9.0,3577
2015-09-11 01:05:44.838208,151395.0,-1827045.0,6.0,4.0,89.0,9.0,3577
2015-09-18 01:11:59.145531,151395.0,-1827045.0,4.0,5.0,90.0,9.0,3577
2015-09-19 01:05:47.995856,151395.0,-1827045.0,1.0,1.0,97.0,9.0,3577
2015-09-26 01:12:00.058662,151395.0,-1827045.0,0.0,1.0,98.0,9.0,3577
2015-09-27 01:05:51.313767,151395.0,-1827045.0,4.0,5.0,90.0,9.0,3577
2015-10-04 01:12:03.087093,151395.0,-1827045.0,3.0,7.0,89.0,9.0,3577
2015-10-05 01:05:50.261327,151395.0,-1827045.0,0.0,5.0,95.0,9.0,3577
2015-10-12 01:12:10.213486,151395.0,-1827045.0,0.0,5.0,94.0,9.0,3577
2015-10-13 01:05:51.658700,151395.0,-1827045.0,2.0,6.0,91.0,9.0,3577
2015-10-20 01:12:04.729949,151395.0,-1827045.0,4.0,7.0,89.0,9.0,3577
2015-10-21 01:06:09.526287,151395.0,-1827045.0,2.0,4.0,93.0,8.0,3577
2015-10-28 01:12:26.304432,151395.0,-1827045.0,,,,,3577
2015-10-29 01:05:57.335215,151395.0,-1827045.0,2.0,6.0,91.0,9.0,3577
2015-11-05 01:12:08.900329,151395.0,-1827045.0,39.0,11.0,49.0,11.0,3577
2015-11-06 01:06:22.988741,151395.0,-1827045.0,42.0,8.0,49.0,10.0,3577
2015-11-13 01:12:42.404367,151395.0,-1827045.0,,,,,3577
2015-11-14 01:05:57.489731,151395.0,-1827045.0,39.0,9.0,50.0,9.0,3577
2015-11-21 01:12:10.582632,151395.0,-1827045.0,47.0,9.0,42.0,9.0,3577
2015-11-22 01:06:39.993140,151395.0,-1827045.0,,,,,3577
2015-11-29 01:12:55.532918,151395.0,-1827045.0,46.0,7.0,46.0,9.0,3577
2015-11-30 01:06:00.195346,151395.0,-1827045.0,,,,,3577
2015-12-07 01:12:09.646568,151395.0,-1827045.0,,,,,3577
2015-12-08 01:06:54.047133,151395.0,-1827045.0,10.0,6.0,82.0,10.0,3577
2015-12-15 01:13:12.428084,151395.0,-1827045.0,43.0,7.0,49.0,6.0,3577
2015-12-16 01:05:59.114013,151395.0,-1827045.0,,,,,3577
2015-12-23 01:12:10.411504,151395.0,-1827045.0,,,,,3577
2015-12-31 01:13:24.966259,151395.0,-1827045.0,,,,,3577
2016-01-01 01:05:57.516727,151395.0,-1827045.0,,,,,3577
2016-01-08 01:12:05.474733,151395.0,-1827045.0,35.0,26.0,38.0,8.0,3577
2016-01-09 01:07:23.551350,151395.0,-1827045.0,30.0,24.0,45.0,8.0,3577
2016-01-16 01:13:40.421064,151395.0,-1827045.0,,,,,3577
2016-01-17 01:05:56.240165,151395.0,-1827045.0,34.0,35.0,30.0,8.0,3577
2016-01-24 01:12:06.848113,151395.0,-1827045.0,,,,,3577
2016-01-25 01:07:35.817378,151395.0,-1827045.0,,,,,3577
2016-02-02 01:05:53.986178,151395.0,-1827045.0,,,,,3577
2016-02-09 01:12:01.899872,151395.0,-1827045.0,2.0,73.0,24.0,17.0,3577
2016-02-10 01:07:42.734032,151395.0,-1827045.0,,,,,3577
2016-02-17 01:13:54.487716,151395.0,-1827045.0,17.0,67.0,15.0,13.0,3577
2016-02-18 01:05:44.912810,151395.0,-1827045.0,20.0,66.0,12.0,13.0,3577
2016-02-25 01:11:55.706945,151395.0,-1827045.0,14.0,70.0,14.0,13.0,3577
2016-02-26 01:07:45.159616,151395.0,-1827045.0,,,,,3577
2016-03-04 01:14:01.328042,151395.0,-1827045.0,11.0,63.0,24.0,13.0,3577
2016-03-05 01:05:44.287927,151395.0,-1827045.0,12.0,59.0,27.0,12.0,3577
2016-03-12 01:11:53.174631,151395.0,-1827045.0,,,,,3577
2016-03-13 01:07:55.761480,151395.0,-1827045.0,0.0,53.0,46.0,16.0,3577
2016-03-20 01:14:09.284619,151395.0,-1827045.0,10.0,50.0,38.0,12.0,3577
2016-03-21 01:05:37.810271,151395.0,-1827045.0,9.0,50.0,40.0,11.0,3577
2016-03-28 01:11:43.849433,151395.0,-1827045.0,18.0,39.0,42.0,10.0,3577
2016-03-29 01:08:00.575395,151395.0,-1827045.0,17.0,37.0,45.0,9.0,3577
2016-04-05 01:14:12.182988,151395.0,-1827045.0,11.0,30.0,57.0,9.0,3577
2016-04-06 01:05:29.267329,151395.0,-1827045.0,19.0,32.0,47.0,9.0,3577
2016-04-13 01:11:37.979218,151395.0,-1827045.0,21.0,28.0,49.0,9.0,3577
2016-04-14 01:08:06.488634,151395.0,-1827045.0,17.0,26.0,56.0,9.0,3577
2016-04-21 01:14:20.619253,151395.0,-1827045.0,14.0,21.0,64.0,8.0,3577
2016-04-22 01:05:22.919381,151395.0,-1827045.0,20.0,24.0,54.0,8.0,3577
2016-04-29 01:11:36.418212,151395.0,-1827045.0,,,,,3577
2016-04-30 01:08:13.000513,151395.0,-1827045.0,,,,,3577
2016-05-07 01:14:25.381428,151395.0,-1827045.0,,,,,3577
2016-05-08 01:05:26.016235,151395.0,-1827045.0,,,,,3577
2016-05-15 01:11:34.894881,151395.0,-1827045.0,21.0,23.0,55.0,9.0,3577
2016-05-16 01:08:15.080334,151395.0,-1827045.0,,,,,3577
2016-05-23 01:14:28.410115,151395.0,-1827045.0,24.0,17.0,57.0,8.0,3577
2016-05-24 01:05:28.271088,151395.0,-1827045.0,,,,,3577
2016-05-31 01:11:41.407720,151395.0,-1827045.0,23.0,21.0,55.0,8.0,3577
2016-06-01 01:08:21.041413,151395.0,-1827045.0,,,,,3577
2016-06-08 01:14:33.780445,151395.0,-1827045.0,,,,,3577
2016-06-09 01:05:32.433607,151395.0,-1827045.0,23.0,19.0,57.0,8.0,3577
2016-06-16 01:11:43.737224,151395.0,-1827045.0,23.0,19.0,56.0,8.0,3577
2016-06-17 01:08:24.473495,151395.0,-1827045.0,23.0,13.0,62.0,8.0,3577
2016-06-24 01:14:35.819635,151395.0,-1827045.0,19.0,13.0,67.0,8.0,3577
2016-06-25 01:05:38.459006,151395.0,-1827045.0,26.0,18.0,55.0,7.0,3577
2016-07-02 01:11:53.223730,151395.0,-1827045.0,23.0,17.0,59.0,7.0,3577
2016-07-03 01:08:24.930866,151395.0,-1827045.0,,,,,3577
2016-07-10 01:14:35.240288,151395.0,-1827045.0,28.0,14.0,56.0,7.0,3577
2016-07-11 01:05:46.661570,151395.0,-1827045.0,,,,,3577
2016-07-18 01:12:00.009023,151395.0,-1827045.0,25.0,18.0,55.0,8.0,3577
2016-07-19 01:08:25.745160,151395.0,-1827045.0,,,,,3577
2016-07-26 01:14:37.874496,151395.0,-1827045.0,24.0,14.0,61.0,8.0,3577
2016-07-27 01:05:51.402800,151395.0,-1827045.0,24.0,17.0,58.0,8.0,3577
2016-08-03 01:12:03.295091,151395.0,-1827045.0,28.0,17.0,54.0,8.0,3577
2016-08-04 01:08:28.173141,151395.0,-1827045.0,27.0,13.0,59.0,7.0,3577
2016-08-11 01:14:39.255935,151395.0,-1827045.0,27.0,15.0,58.0,8.0,3577
2016-08-12 01:05:53.210101,151395.0,-1827045.0,23.0,17.0,59.0,8.0,3577
2016-08-19 01:12:07.763639,151395.0,-1827045.0,,,,,3577
2016-08-20 01:08:29.361633,151395.0,-1827045.0,,,,,3577
2016-08-27 01:14:42.084940,151395.0,-1827045.0,29.0,14.0,56.0,8.0,3577
2016-08-28 01:06:00.817825,151395.0,-1827045.0,27.0,17.0,55.0,7.0,3577
2016-09-04 01:12:13.936932,151395.0,-1827045.0,24.0,17.0,58.0,8.0,3577
2016-09-05 01:08:33.017487,151395.0,-1827045.0,,,,,3577
2016-09-12 01:14:44.390910,151395.0,-1827045.0,,,,,3577
2016-09-13 01:06:04.815965,151395.0,-1827045.0,23.0,16.0,59.0,7.0,3577
2016-09-20 01:12:16.113214,151395.0,-1827045.0,,,,,3577
2016-09-28 01:14:46.940589,151395.0,-1827045.0,21.0,14.0,64.0,7.0,3577
2016-09-29 01:06:04.790041,151395.0,-1827045.0,25.0,16.0,58.0,7.0,3577
2016-10-06 01:12:18.573131,151395.0,-1827045.0,28.0,16.0,55.0,7.0,3577
2016-10-07 01:08:36.582762,151395.0,-1827045.0,26.0,12.0,61.0,7.0,3577
2016-10-14 01:14:46.945432,151395.0,-1827045.0,,,,,3577
2016-10-15 01:06:10.799194,151395.0,-1827045.0,29.0,15.0,54.0,7.0,3577
2016-10-22 01:12:22.714684,151395.0,-1827045.0,,,,,3577
2016-10-23 01:08:34.080762,151395.0,-1827045.0,24.0,14.0,60.0,7.0,3577
2016-10-30 01:14:42.545618,151395.0,-1827045.0,24.0,11.0,64.0,7.0,3577
2016-10-31 01:06:12.121901,151395.0,-1827045.0,17.0,13.0,68.0,7.0,3577
2016-11-07 01:12:22.068382,151395.0,-1827045.0,35.0,12.0,52.0,7.0,3577
2016-11-08 01:08:27.513093,151395.0,-1827045.0,33.0,9.0,57.0,7.0,3577
2016-11-15 01:14:34.331198,151395.0,-1827045.0,,,,,3577
2016-11-16 01:06:11.327880,151395.0,-1827045.0,34.0,12.0,53.0,7.0,3577
2016-11-23 01:12:22.429517,151395.0,-1827045.0,2.0,10.0,87.0,6.0,3577
2016-12-01 01:14:32.439322,151395.0,-1827045.0,29.0,10.0,59.0,7.0,3577
2016-12-02 01:06:10.857645,151395.0,-1827045.0,25.0,12.0,62.0,7.0,3577
2016-12-09 01:12:20.170886,151395.0,-1827045.0,27.0,12.0,60.0,7.0,3577
2016-12-17 01:14:27.600728,151395.0,-1827045.0,,,,,3577
2016-12-18 01:06:06.335010,151395.0,-1827045.0,,,,,3577
2016-12-25 01:12:16.118129,151395.0,-1827045.0,,,,,3577
2017-01-02 01:14:18.934974,151395.0,-1827045.0,,,,,3577
2017-01-03 01:06:03.499387,151395.0,-1827045.0,,,,,3577
2017-01-10 01:12:12.912161,151395.0,-1827045.0,,,,,3577
2017-01-11 01:08:02.603155,151395.0,-1827045.0,,,,,3577
2017-01-19 01:05:59.410765,151395.0,-1827045.0,,,,,3577
2017-01-26 01:12:07.447800,151395.0,-1827045.0,,,,,3577
2017-01-27 01:07:52.424902,151395.0,-1827045.0,0.0,38.0,62.0,17.0,3577
2017-02-04 01:05:52.077449,151395.0,-1827045.0,,,,,3577
2017-02-11 01:11:59.252428,151395.0,-1827045.0,,,,,3577
2017-02-12 01:07:46.323205,151395.0,-1827045.0,,,,,3577
2017-02-19 01:14:01.416623,151395.0,-1827045.0,,,,,3577
2017-02-20 01:05:45.991194,151395.0,-1827045.0,,,,,3577
2017-02-27 01:11:54.176675,151395.0,-1827045.0,12.0,61.0,25.0,14.0,3577
2017-02-28 01:07:55.436383,151395.0,-1827045.0,8.0,61.0,30.0,14.0,3577
2017-03-08 01:05:38.870059,151395.0,-1827045.0,2.0,76.0,20.0,14.0,3577
2017-03-15 01:11:45.449548,151395.0,-1827045.0,7.0,65.0,26.0,15.0,3577
2017-03-16 01:08:01.776685,151395.0,-1827045.0,2.0,65.0,31.0,15.0,3577
2017-03-23 01:14:14.672177,151395.0,-1827045.0,2.0,64.0,33.0,14.0,3577
2017-03-24 01:05:28.507186,151395.0,-1827045.0,6.0,67.0,26.0,14.0,3577
2017-03-31 01:11:36.933248,151395.0,-1827045.0,9.0,60.0,30.0,13.0,3577
2017-04-01 01:08:05.819350,151395.0,-1827045.0,5.0,63.0,31.0,14.0,3577
2017-04-08 01:14:18.985477,151395.0,-1827045.0,6.0,58.0,35.0,12.0,3577
2017-04-09 01:05:21.946656,151395.0,-1827045.0,,,,,3577
2017-04-16 01:11:28.792490,151395.0,-1827045.0,9.0,53.0,36.0,12.0,3577
2017-04-17 01:08:12.603561,151395.0,-1827045.0,4.0,51.0,44.0,12.0,3577
2017-04-24 01:14:26.249720,151395.0,-1827045.0,,,,,3577
2017-04-25 01:05:11.878735,151395.0,-1827045.0,8.0,48.0,43.0,12.0,3577
2017-05-02 01:11:18.362194,151395.0,-1827045.0,11.0,46.0,42.0,11.0,3577
2017-05-03 01:08:18.051884,151395.0,-1827045.0,10.0,42.0,46.0,11.0,3577
2017-05-10 01:14:30.397475,151395.0,-1827045.0,10.0,36.0,52.0,10.0,3577
2017-05-11 01:05:13.930519,151395.0,-1827045.0,13.0,42.0,43.0,10.0,3577
2017-05-18 01:11:29.802571,151395.0,-1827045.0,13.0,38.0,48.0,10.0,3577
2017-05-19 01:08:20.964376,151395.0,-1827045.0,15.0,34.0,50.0,9.0,3577
2017-05-26 01:14:33.150523,151395.0,-1827045.0,,,,,3577
2017-05-27 01:05:24.668448,151395.0,-1827045.0,17.0,33.0,48.0,9.0,3577
2017-06-03 01:11:39.135830,151395.0,-1827045.0,16.0,30.0,53.0,9.0,3577
2017-06-04 01:08:25.311306,151395.0,-1827045.0,11.0,27.0,61.0,8.0,3577
2017-06-11 01:14:37.996257,151395.0,-1827045.0,14.0,24.0,61.0,9.0,3577
2017-06-12 01:05:32.246479,151395.0,-1827045.0,18.0,27.0,54.0,8.0,3577
2017-06-19 01:11:45.523936,151395.0,-1827045.0,17.0,26.0,56.0,8.0,3577
2017-06-20 01:08:28.956459,151395.0,-1827045.0,16.0,20.0,63.0,8.0,3577
2017-06-27 01:14:40.758791,151395.0,-1827045.0,,,,,3577
2017-06-28 01:05:37.190834,151395.0,-1827045.0,17.0,24.0,57.0,8.0,3577
2017-07-05 01:11:49.322762,151395.0,-1827045.0,16.0,23.0,59.0,8.0,3577
2017-07-06 01:08:30.646129,151395.0,-1827045.0,17.0,20.0,62.0,8.0,3577
2017-07-13 01:14:41.643029,151395.0,-1827045.0,19.0,16.0,63.0,8.0,3577
2017-07-14 01:05:39.828302,151395.0,-1827045.0,18.0,23.0,57.0,8.0,3577
2017-07-21 01:11:54.527069,151395.0,-1827045.0,21.0,22.0,55.0,8.0,3577
2017-07-22 01:08:30.476718,151395.0,-1827045.0,,,,,3577
2017-07-29 01:14:40.632244,151395.0,-1827045.0,16.0,13.0,70.0,8.0,3577
2017-07-30 01:05:48.079530,151395.0,-1827045.0,17.0,21.0,61.0,7.0,3577
2017-08-06 01:12:01.762005,151395.0,-1827045.0,18.0,22.0,59.0,8.0,3577
2017-08-07 01:08:28.492258,151395.0,-1827045.0,15.0,18.0,65.0,8.0,3577
2017-08-14 01:14:37.965089,151395.0,-1827045.0,18.0,14.0,66.0,8.0,3577
2017-08-15 01:05:53.946970,151395.0,-1827045.0,19.0,21.0,59.0,7.0,3577
2017-08-22 01:12:06.612843,151395.0,-1827045.0,17.0,20.0,61.0,8.0,3577
2017-08-23 01:08:27.864724,151395.0,-1827045.0,3.0,10.0,85.0,8.0,3577
2017-08-30 01:14:38.747565,151395.0,-1827045.0,,,,,3577
2017-08-31 01:05:57.312045,151395.0,-1827045.0,16.0,19.0,63.0,7.0,3577
2017-09-07 01:12:08.638233,151395.0,-1827045.0,16.0,19.0,63.0,7.0,3577
2017-09-08 01:08:27.370265,151395.0,-1827045.0,,,,,3577
2017-09-15 01:14:36.893002,151395.0,-1827045.0,13.0,15.0,71.0,7.0,3577
2017-09-16 01:05:58.194592,151395.0,-1827045.0,15.0,19.0,64.0,7.0,3577
2017-09-23 01:12:12.653249,151395.0,-1827045.0,10.0,20.0,69.0,8.0,3577
2017-09-24 01:08:26.166384,151395.0,-1827045.0,,,,,3577
2017-10-01 01:14:37.724305,151395.0,-1827045.0,11.0,20.0,68.0,8.0,3577
2017-10-02 01:06:05.499918,151395.0,-1827045.0,12.0,21.0,66.0,8.0,3577
2017-10-09 01:12:18.290561,151395.0,-1827045.0,12.0,22.0,64.0,8.0,3577
2017-10-10 01:08:28.296635,151395.0,-1827045.0,,,,,3577
2017-10-17 01:14:40.022605,151395.0,-1827045.0,15.0,20.0,64.0,8.0,3577
2017-10-18 01:06:08.986303,151395.0,-1827045.0,14.0,22.0,62.0,8.0,3577
2017-10-25 01:12:20.192859,151395.0,-1827045.0,17.0,23.0,59.0,8.0,3577
2017-10-26 01:08:29.574835,151395.0,-1827045.0,,,,,3577
2017-11-02 01:14:39.944195,151395.0,-1827045.0,,,,,3577
2017-11-03 01:06:08.757043,151395.0,-1827045.0,15.0,20.0,63.0,8.0,3577
2017-11-10 01:12:18.245886,151395.0,-1827045.0,14.0,21.0,64.0,8.0,3577
2017-11-11 01:08:27.676152,151395.0,-1827045.0,,,,,3577
2017-11-18 01:14:36.700519,151395.0,-1827045.0,10.0,9.0,80.0,9.0,3577
2017-11-19 01:06:04.659410,151395.0,-1827045.0,11.0,14.0,74.0,8.0,3577
2017-11-26 01:12:12.399381,151395.0,-1827045.0,15.0,17.0,67.0,9.0,3577
2017-12-04 01:14:30.156160,151395.0,-1827045.0,,,,,3577
2017-12-05 01:05:59.946762,151395.0,-1827045.0,17.0,26.0,56.0,9.0,3577
2017-12-12 01:12:11.278716,151395.0,-1827045.0,18.0,26.0,55.0,9.0,3577
2017-12-13 01:08:14.374790,151395.0,-1827045.0,,,,,3577
2017-12-20 01:14:20.763663,151395.0,-1827045.0,,,,,3577
2017-12-21 01:06:03.129739,151395.0,-1827045.0,,,,,3577
2017-12-28 01:12:12.402533,151395.0,-1827045.0,,,,,3577
2017-12-29 01:08:03.477276,151395.0,-1827045.0,13.0,17.0,69.0,9.0,3577
2018-01-05 01:14:08.722765,151395.0,-1827045.0,,,,,3577
2018-01-06 01:05:58.450099,151395.0,-1827045.0,,,,,3577
2018-01-13 01:12:06.142465,151395.0,-1827045.0,18.0,38.0,42.0,10.0,3577
2018-01-14 01:07:50.154238,151395.0,-1827045.0,9.0,38.0,52.0,10.0,3577
2018-01-21 01:13:54.487785,151395.0,-1827045.0,0.0,34.0,65.0,4.0,3577
2018-01-22 01:05:50.476676,151395.0,-1827045.0,,,,,3577
2018-01-29 01:11:56.847457,151395.0,-1827045.0,,,,,3577
2018-02-06 01:13:38.241363,151395.0,-1827045.0,,,,,3577
2018-02-07 01:05:42.171865,151395.0,-1827045.0,2.0,63.0,34.0,14.0,3577
2018-02-14 01:11:50.800508,151395.0,-1827045.0,,,,,3577
2018-02-15 01:07:22.241404,151395.0,-1827045.0,,,,,3577
2018-02-22 01:13:28.872851,151395.0,-1827045.0,17.0,56.0,25.0,11.0,3577
2018-02-23 01:05:36.310310,151395.0,-1827045.0,,,,,3577
2018-03-02 01:11:43.687050,151395.0,-1827045.0,19.0,66.0,13.0,12.0,3577
2018-03-03 01:07:12.212867,151395.0,-1827045.0,12.0,69.0,18.0,12.0,3577
2018-03-10 01:13:18.069947,151395.0,-1827045.0,,,,,3577
2018-03-11 01:05:27.648794,151395.0,-1827045.0,,,,,3577
2018-03-18 01:11:34.727067,151395.0,-1827045.0,16.0,61.0,21.0,11.0,3577
2018-03-19 01:07:00.392940,151395.0,-1827045.0,,,,,3577
2018-03-26 01:13:05.352866,151395.0,-1827045.0,6.0,48.0,46.0,12.0,3577
2018-03-27 01:05:20.376339,151395.0,-1827045.0,13.0,47.0,38.0,11.0,3577
2018-04-03 01:11:27.872243,151395.0,-1827045.0,14.0,41.0,44.0,10.0,3577
2018-04-04 01:06:46.534985,151395.0,-1827045.0,15.0,35.0,48.0,9.0,3577
2018-04-11 01:12:50.689037,151395.0,-1827045.0,6.0,30.0,62.0,11.0,3577
2018-04-12 01:05:12.001727,151395.0,-1827045.0,11.0,34.0,53.0,10.0,3577
2018-04-19 01:11:18.276332,151395.0,-1827045.0,15.0,31.0,53.0,10.0,3577
2018-04-20 01:06:30.778978,151395.0,-1827045.0,15.0,26.0,57.0,10.0,3577
2018-04-27 01:12:34.006477,151395.0,-1827045.0,,,,,3577
2018-04-28 01:05:02.848162,151395.0,-1827045.0,22.0,27.0,49.0,9.0,3577
2018-05-05 01:11:09.650119,151395.0,-1827045.0,20.0,23.0,56.0,9.0,3577
2018-05-06 01:06:12.948998,151395.0,-1827045.0,,,,,3577
2018-05-13 01:12:16.983015,151395.0,-1827045.0,,,,,3577
2018-05-14 01:04:52.852744,151395.0,-1827045.0,24.0,20.0,54.0,8.0,3577
2018-05-21 01:10:58.360318,151395.0,-1827045.0,23.0,19.0,57.0,9.0,3577
2018-05-22 01:05:58.146196,151395.0,-1827045.0,26.0,14.0,58.0,8.0,3577
2018-05-29 01:12:02.296036,151395.0,-1827045.0,,,,,3577
2018-05-30 01:04:40.009256,151395.0,-1827045.0,23.0,17.0,59.0,8.0,3577
2018-06-06 01:10:48.623231,151395.0,-1827045.0,23.0,17.0,59.0,8.0,3577
2018-06-07 01:05:42.371319,151395.0,-1827045.0,20.0,13.0,66.0,8.0,3577
2018-06-14 01:11:45.657634,151395.0,-1827045.0,,,,,3577
2018-06-15 01:04:44.490921,151395.0,-1827045.0,17.0,9.0,73.0,6.0,3577
2018-06-22 01:10:59.963749,151395.0,-1827045.0,24.0,18.0,57.0,9.0,3577
2018-06-23 01:05:24.635956,151395.0,-1827045.0,24.0,14.0,61.0,8.0,3577
2018-06-30 01:11:27.118800,151395.0,-1827045.0,,,,,3577
2018-07-01 01:04:54.427282,151395.0,-1827045.0,,,,,3577
2018-07-08 01:11:08.815264,151395.0,-1827045.0,24.0,17.0,57.0,9.0,3577
2018-07-09 01:05:05.062367,151395.0,-1827045.0,,,,,3577
2018-07-16 01:11:08.581207,151395.0,-1827045.0,,,,,3577
2018-07-17 01:05:02.024483,151395.0,-1827045.0,28.0,15.0,56.0,8.0,3577
2018-07-24 01:11:15.394564,151395.0,-1827045.0,25.0,17.0,57.0,8.0,3577
2018-07-25 01:04:48.572280,151395.0,-1827045.0,23.0,14.0,62.0,8.0,3577
2018-08-01 01:10:51.958041,151395.0,-1827045.0,,,,,3577
2018-08-02 01:05:09.538058,151395.0,-1827045.0,23.0,16.0,59.0,8.0,3577
2018-08-09 01:11:24.491803,151395.0,-1827045.0,26.0,17.0,56.0,8.0,3577
2018-08-10 01:04:31.166266,151395.0,-1827045.0,,,,,3577
2018-08-17 01:10:33.915917,151395.0,-1827045.0,,,,,3577
2018-08-18 01:05:18.414116,151395.0,-1827045.0,26.0,15.0,57.0,8.0,3577
2018-08-25 01:11:32.455945,151395.0,-1827045.0,26.0,17.0,56.0,8.0,3577
2018-08-26 01:04:12.366994,151395.0,-1827045.0,24.0,12.0,62.0,8.0,3577
2018-09-02 01:10:14.370716,151395.0,-1827045.0,15.0,12.0,72.0,8.0,3577
2018-09-03 01:05:25.044152,151395.0,-1827045.0,23.0,16.0,59.0,8.0,3577
2018-09-10 01:11:37.994517,151395.0,-1827045.0,26.0,17.0,55.0,8.0,3577
2018-09-11 01:03:51.896676,151395.0,-1827045.0,30.0,12.0,57.0,8.0,3577
2018-09-18 01:09:53.256128,151395.0,-1827045.0,,,,,3577
2018-09-19 01:05:29.263223,151395.0,-1827045.0,22.0,16.0,61.0,8.0,3577
2018-09-26 01:11:43.513044,151395.0,-1827045.0,,,,,3577
2018-09-27 01:03:29.858438,151395.0,-1827045.0,,,,,3577
2018-10-04 01:09:30.473550,151395.0,-1827045.0,19.0,15.0,65.0,8.0,3577
2018-10-05 01:05:37.278125,151395.0,-1827045.0,20.0,16.0,63.0,8.0,3577
2018-10-12 01:11:51.134924,151395.0,-1827045.0,24.0,18.0,57.0,8.0,3577
2018-10-13 01:03:06.079093,151395.0,-1827045.0,23.0,13.0,62.0,8.0,3577
2018-10-20 01:09:07.124715,151395.0,-1827045.0,20.0,14.0,65.0,9.0,3577
2018-10-21 01:05:43.377982,151395.0,-1827045.0,18.0,18.0,63.0,8.0,3577
2018-10-28 01:11:56.016410,151395.0,-1827045.0,25.0,18.0,55.0,8.0,3577
2018-10-29 01:02:45.053988,151395.0,-1827045.0,19.0,12.0,67.0,8.0,3577
2018-11-05 01:08:46.637579,151395.0,-1827045.0,16.0,13.0,70.0,8.0,3577
2018-11-06 01:05:46.744777,151395.0,-1827045.0,18.0,16.0,65.0,8.0,3577
2018-11-13 01:11:58.115382,151395.0,-1827045.0,20.0,17.0,62.0,9.0,3577
2018-11-21 01:08:23.903355,151395.0,-1827045.0,14.0,13.0,72.0,8.0,3577
2018-11-22 01:05:47.156336,151395.0,-1827045.0,,,,,3577
2018-11-29 01:11:57.215358,151395.0,-1827045.0,,,,,3577
2018-11-30 01:01:59.304806,151395.0,-1827045.0,,,,,3577
2018-12-07 01:07:58.992144,151395.0,-1827045.0,33.0,11.0,54.0,8.0,3577
2018-12-08 01:05:44.644177,151395.0,-1827045.0,30.0,13.0,55.0,7.0,3577
2018-12-15 01:11:54.020165,151395.0,-1827045.0,33.0,13.0,53.0,8.0,3577
2018-12-16 01:01:33.172342,151395.0,-1827045.0,,,,,3577
2018-12-23 01:07:31.901079,151395.0,-1827045.0,,,,,3577
2018-12-24 01:05:43.780887,151395.0,-1827045.0,,,,,3577
2018-12-31 01:11:54.387589,151395.0,-1827045.0,,,,,3577
2019-01-01 01:01:04.959694,151395.0,-1827045.0,,,,,3577
2019-01-08 01:07:02.822255,151395.0,-1827045.0,32.0,10.0,57.0,7.0,3577
2019-01-09 01:05:42.551669,151395.0,-1827045.0,,,,,3577
2019-01-16 01:11:51.937459,151395.0,-1827045.0,31.0,15.0,53.0,7.0,3577
2019-01-17 01:00:34.799455,151395.0,-1827045.0,31.0,11.0,57.0,7.0,3577
2019-01-24 01:06:31.903236,151395.0,-1827045.0,,,,,3577
2019-01-25 01:05:38.663187,151395.0,-1827045.0,18.0,4.0,77.0,4.0,3577
2019-02-01 01:11:48.021811,151395.0,-1827045.0,,,,,3577
2019-02-02 01:00:04.062493,151395.0,-1827045.0,,,,,3577
2019-02-09 01:06:02.721847,151395.0,-1827045.0,,,,,3577
2019-02-10 01:05:36.450801,151395.0,-1827045.0,42.0,11.0,45.0,7.0,3577
2019-02-17 01:11:46.089155,151395.0,-1827045.0,,,,,3577
2019-02-18 00:59:35.780838,151395.0,-1827045.0,38.0,7.0,54.0,6.0,3577
2019-02-25 01:05:33.673042,151395.0,-1827045.0,35.0,7.0,57.0,7.0,3577
2019-02-26 01:05:33.022185,151395.0,-1827045.0,36.0,11.0,52.0,7.0,3577
2019-03-05 01:11:41.591322,151395.0,-1827045.0,43.0,11.0,45.0,7.0,3577
2019-03-06 00:59:05.850728,151395.0,-1827045.0,49.0,8.0,41.0,6.0,3577
2019-03-13 01:05:03.071695,151395.0,-1827045.0,,,,,3577
2019-03-14 01:05:27.093753,151395.0,-1827045.0,36.0,11.0,52.0,7.0,3577
2019-03-21 01:11:36.827974,151395.0,-1827045.0,40.0,9.0,49.0,7.0,3577
2019-03-22 00:58:34.396916,151395.0,-1827045.0,,,,,3577
2019-03-29 01:04:30.902961,151395.0,-1827045.0,,,,,3577
2019-03-30 01:05:24.163325,151395.0,-1827045.0,50.0,10.0,39.0,6.0,3577
2019-04-06 01:11:33.065541,151395.0,-1827045.0,,,,,3577
2019-04-07 00:58:01.386707,151395.0,-1827045.0,,,,,3577
2019-04-14 01:03:57.158742,151395.0,-1827045.0,45.0,5.0,49.0,6.0,3577
2019-04-15 01:05:18.958244,151395.0,-1827045.0,46.0,9.0,43.0,6.0,3577
2019-04-22 01:11:26.663405,151395.0,-1827045.0,46.0,9.0,43.0,7.0,3577
2019-04-23 00:57:26.572772,151395.0,-1827045.0,46.0,6.0,47.0,6.0,3577
2019-04-30 01:03:21.621655,151395.0,-1827045.0,46.0,5.0,48.0,6.0,3577
2019-05-01 01:05:16.453090,151395.0,-1827045.0,,,,,3577
2019-05-08 01:11:31.475439,151395.0,-1827045.0,50.0,8.0,40.0,6.0,3577
2019-05-09 00:56:50.109157,151395.0,-1827045.0,52.0,5.0,42.0,5.0,3577
2019-05-16 01:02:44.369684,151395.0,-1827045.0,51.0,4.0,44.0,6.0,3577
2019-05-17 01:05:26.596761,151395.0,-1827045.0,45.0,6.0,47.0,6.0,3577
2019-05-24 01:11:41.464002,151395.0,-1827045.0,49.0,7.0,42.0,6.0,3577
2019-05-25 00:56:13.023744,151395.0,-1827045.0,,,,,3577
2019-06-01 01:02:09.232147,151395.0,-1827045.0,58.0,4.0,37.0,6.0,3577
2019-06-02 01:05:35.243033,151395.0,-1827045.0,56.0,7.0,36.0,6.0,3577
2019-06-09 01:11:49.129421,151395.0,-1827045.0,50.0,5.0,43.0,5.0,3577
2019-06-10 00:55:39.181454,151395.0,-1827045.0,,,,,3577
2019-06-17 01:01:34.688695,151395.0,-1827045.0,53.0,4.0,41.0,6.0,3577
2019-06-18 01:05:41.635264,151395.0,-1827045.0,51.0,6.0,41.0,6.0,3577
2019-06-25 01:11:54.594003,151395.0,-1827045.0,54.0,6.0,38.0,6.0,3577
2019-06-26 00:55:03.766448,151395.0,-1827045.0,63.0,5.0,32.0,5.0,3577
2019-07-03 01:00:58.663809,151395.0,-1827045.0,55.0,2.0,42.0,6.0,3577
2019-07-04 01:05:45.989898,151395.0,-1827045.0,56.0,6.0,36.0,5.0,3577
2019-07-11 01:11:58.049627,151395.0,-1827045.0,51.0,6.0,42.0,6.0,3577
2019-07-12 00:54:26.954626,151395.0,-1827045.0,,,,,3577
2019-07-19 01:00:21.241056,151395.0,-1827045.0,56.0,0.0,43.0,6.0,3577
2019-07-20 01:05:48.854035,151395.0,-1827045.0,53.0,6.0,39.0,5.0,3577
2019-07-27 01:12:02.923392,151395.0,-1827045.0,46.0,6.0,46.0,6.0,3577
2019-07-28 00:53:48.812294,151395.0,-1827045.0,,,,,3577
2019-08-04 00:59:42.548750,151395.0,-1827045.0,51.0,6.0,41.0,6.0,3577
2019-08-05 01:05:55.840078,151395.0,-1827045.0,45.0,6.0,47.0,5.0,3577
2019-08-12 01:12:09.034566,151395.0,-1827045.0,54.0,7.0,38.0,6.0,3577
2019-08-13 00:53:09.439348,151395.0,-1827045.0,58.0,4.0,37.0,6.0,3577
2019-08-20 00:59:02.598509,151395.0,-1827045.0,48.0,3.0,48.0,6.0,3577
2019-08-21 01:06:00.816741,151395.0,-1827045.0,49.0,7.0,42.0,6.0,3577
2019-08-28 01:12:13.184913,151395.0,-1827045.0,53.0,8.0,38.0,6.0,3577
2019-08-29 00:52:28.838317,151395.0,-1827045.0,52.0,2.0,45.0,6.0,3577
2019-09-05 00:58:21.437663,151395.0,-1827045.0,51.0,4.0,44.0,6.0,3577
2019-09-06 01:06:03.944065,151395.0,-1827045.0,45.0,6.0,47.0,6.0,3577
2019-09-13 01:12:17.653006,151395.0,-1827045.0,46.0,7.0,45.0,6.0,3577
2019-09-14 00:51:46.844741,151395.0,-1827045.0,,,,,3577
2019-09-21 00:57:38.805396,151395.0,-1827045.0,,,,,3577
2019-09-22 01:06:09.946368,151395.0,-1827045.0,45.0,6.0,48.0,6.0,3577
2019-09-29 01:12:22.741636,151395.0,-1827045.0,52.0,7.0,40.0,6.0,3577
2019-09-30 00:51:05.220737,151395.0,-1827045.0,61.0,8.0,30.0,5.0,3577
2019-10-07 00:56:58.788294,151395.0,-1827045.0,48.0,5.0,46.0,6.0,3577
2019-10-08 01:06:13.708359,151395.0,-1827045.0,43.0,7.0,49.0,6.0,3577
2019-10-15 01:12:25.408159,151395.0,-1827045.0,48.0,7.0,44.0,6.0,3577
2019-10-16 00:50:25.411447,151395.0,-1827045.0,53.0,5.0,40.0,5.0,3577
2019-10-23 00:56:18.191040,151395.0,-1827045.0,48.0,5.0,46.0,5.0,3577
2019-10-24 01:06:14.930666,151395.0,-1827045.0,36.0,6.0,57.0,6.0,3577
2019-10-31 01:12:25.447984,151395.0,-1827045.0,46.0,7.0,46.0,6.0,3577
2019-11-01 00:49:43.662523,151395.0,-1827045.0,42.0,4.0,52.0,6.0,3577
2019-11-08 00:55:35.508487,151395.0,-1827045.0,,,,,3577
2019-11-09 01:06:13.344431,151395.0,-1827045.0,43.0,7.0,49.0,6.0,3577
2019-11-16 01:12:22.583426,151395.0,-1827045.0,50.0,7.0,42.0,6.0,3577
2019-11-17 00:48:59.772705,151395.0,-1827045.0,53.0,6.0,40.0,5.0,3577
2019-11-24 00:54:50.686077,151395.0,-1827045.0,52.0,6.0,41.0,6.0,3577
2019-11-25 01:06:10.268135,151395.0,-1827045.0,43.0,6.0,50.0,5.0,3577
2019-12-02 01:12:21.090005,151395.0,-1827045.0,45.0,7.0,47.0,6.0,3577
2019-12-03 00:48:13.681249,151395.0,-1827045.0,48.0,6.0,45.0,6.0,3577
2019-12-10 00:54:03.680802,151395.0,-1827045.0,49.0,5.0,45.0,6.0,3577
2019-12-11 01:06:09.508718,151395.0,-1827045.0,46.0,6.0,47.0,6.0,3577
2019-12-18 01:12:19.121684,151395.0,-1827045.0,45.0,7.0,46.0,6.0,3577
2019-12-19 00:47:25.535403,151395.0,-1827045.0,,,,,3577
2019-12-26 00:53:14.691326,151395.0,-1827045.0,46.0,6.0,46.0,7.0,3577
2019-12-27 01:06:06.003621,151395.0,-1827045.0,50.0,7.0,41.0,6.0,3577
2020-01-03 01:12:14.513831,151395.0,-1827045.0,,,,,3577
2020-01-04 00:46:35.509763,151395.0,-1827045.0,39.0,3.0,57.0,6.0,3577
2020-01-11 00:52:25.012583,151395.0,-1827045.0,,,,,3577
2020-01-12 01:06:02.346566,151395.0,-1827045.0,38.0,7.0,54.0,6.0,3577
2020-01-19 01:12:11.505567,151395.0,-1827045.0,,,,,3577
2020-01-20 00:45:47.826281,151395.0,-1827045.0,,,,,3577
2020-01-27 00:51:37.817231,151395.0,-1827045.0,47.0,10.0,42.0,5.0,3577
2020-01-28 01:05:57.874223,151395.0,-1827045.0,50.0,6.0,42.0,5.0,3577
2020-02-04 01:12:05.907137,151395.0,-1827045.0,2.0,15.0,82.0,9.0,3577
2020-02-05 00:44:59.744649,151395.0,-1827045.0,30.0,11.0,58.0,7.0,3577
2020-02-12 00:50:48.943424,151395.0,-1827045.0,45.0,21.0,33.0,6.0,3577
2020-02-13 01:05:53.554278,151395.0,-1827045.0,36.0,21.0,42.0,6.0,3577
2020-02-20 01:12:02.783020,151395.0,-1827045.0,34.0,31.0,33.0,7.0,3577
2020-02-21 00:44:09.952809,151395.0,-1827045.0,,,,,3577
2020-02-29 01:05:49.148232,151395.0,-1827045.0,2.0,44.0,53.0,15.0,3577
2020-03-07 01:11:57.234325,151395.0,-1827045.0,9.0,47.0,42.0,11.0,3577
2020-03-08 00:43:18.560390,151395.0,-1827045.0,,,,,3577
2020-03-15 00:49:06.380355,151395.0,-1827045.0,,,,,3577
2020-03-16 01:05:42.213316,151395.0,-1827045.0,29.0,57.0,12.0,9.0,3577
2020-03-23 01:11:49.242493,151395.0,-1827045.0,25.0,62.0,11.0,10.0,3577
2020-03-24 00:42:25.636344,151395.0,-1827045.0,32.0,62.0,5.0,8.0,3577
2020-03-31 00:48:12.832173,151395.0,-1827045.0,12.0,51.0,35.0,10.0,3577
2020-04-01 01:05:32.819986,151395.0,-1827045.0,22.0,49.0,28.0,9.0,3577
2020-04-08 01:11:40.733514,151395.0,-1827045.0,,,,,3577
2020-04-09 00:41:31.184567,151395.0,-1827045.0,0.0,29.0,70.0,10.0,3577
2020-04-16 00:47:17.617196,151395.0,-1827045.0,25.0,24.0,50.0,8.0,3577
2020-04-17 01:05:26.307420,151395.0,-1827045.0,,,,,3577
2020-04-24 01:11:33.781451,151395.0,-1827045.0,31.0,22.0,46.0,8.0,3577
2020-04-25 00:40:34.995710,151395.0,-1827045.0,30.0,19.0,50.0,7.0,3577
2020-05-02 00:46:20.622216,151395.0,-1827045.0,,,,,3577
2020-05-03 01:05:17.892491,151395.0,-1827045.0,38.0,19.0,42.0,7.0,3577
2020-05-10 01:11:25.658649,151395.0,-1827045.0,36.0,17.0,46.0,7.0,3577
2020-05-11 00:39:37.028732,151395.0,-1827045.0,32.0,13.0,54.0,7.0,3577
2020-05-18 00:45:21.891005,151395.0,-1827045.0,,,,,3577
2020-05-19 01:05:17.089388,151395.0,-1827045.0,33.0,14.0,52.0,7.0,3577
2020-05-26 01:11:29.171581,151395.0,-1827045.0,32.0,11.0,55.0,8.0,3577
2020-05-27 00:38:37.429583,151395.0,-1827045.0,,,,,3577
2020-06-03 00:44:24.356478,151395.0,-1827045.0,40.0,5.0,54.0,7.0,3577
2020-06-04 01:05:23.079010,151395.0,-1827045.0,38.0,9.0,51.0,7.0,3577
2020-06-11 01:11:38.293824,151395.0,-1827045.0,31.0,9.0,59.0,7.0,3577
2020-06-12 00:37:42.322503,151395.0,-1827045.0,36.0,2.0,60.0,7.0,3577
2020-06-19 00:43:28.488665,151395.0,-1827045.0,27.0,4.0,68.0,7.0,3577
2020-06-20 01:05:32.555967,151395.0,-1827045.0,33.0,8.0,58.0,7.0,3577
2020-06-27 01:11:46.876295,151395.0,-1827045.0,37.0,7.0,54.0,7.0,3577
2020-06-28 00:36:45.641925,151395.0,-1827045.0,,,,,3577
2020-07-05 00:42:31.234291,151395.0,-1827045.0,,,,,3577
2020-07-06 01:05:40.019610,151395.0,-1827045.0,37.0,7.0,54.0,7.0,3577
2020-07-13 01:11:53.473785,151395.0,-1827045.0,39.0,8.0,51.0,7.0,3577
2020-07-14 00:35:47.625138,151395.0,-1827045.0,,,,,3577
2020-07-21 00:41:32.666145,151395.0,-1827045.0,,,,,3577
2020-07-22 01:05:45.569839,151395.0,-1827045.0,36.0,8.0,55.0,7.0,3577
2020-07-29 01:11:58.128394,151395.0,-1827045.0,35.0,8.0,56.0,7.0,3577
2020-07-30 00:34:48.339316,151395.0,-1827045.0,,,,,3577
2020-08-06 00:40:32.801205,151395.0,-1827045.0,31.0,7.0,61.0,7.0,3577
2020-08-07 01:05:49.098266,151395.0,-1827045.0,,,,,3577
2020-08-14 01:12:01.893978,151395.0,-1827045.0,29.0,8.0,62.0,7.0,3577
2020-08-15 00:33:47.686961,151395.0,-1827045.0,,,,,3577
2020-08-22 00:39:31.538863,151395.0,-1827045.0,,,,,3577
2020-08-23 01:05:56.121439,151395.0,-1827045.0,34.0,8.0,56.0,7.0,3577
2020-08-30 01:12:10.361608,151395.0,-1827045.0,35.0,8.0,56.0,7.0,3577
2020-08-31 00:32:45.683427,151395.0,-1827045.0,29.0,5.0,65.0,6.0,3577
2020-09-07 00:38:28.888735,151395.0,-1827045.0,31.0,2.0,66.0,7.0,3577
2020-09-08 01:06:03.331070,151395.0,-1827045.0,31.0,8.0,60.0,6.0,3577
2020-09-15 01:12:16.643961,151395.0,-1827045.0,31.0,8.0,60.0,6.0,3577
2020-09-16 00:31:42.214414,151395.0,-1827045.0,29.0,4.0,66.0,6.0,3577
2020-09-23 00:37:24.891929,151395.0,-1827045.0,,,,,3577
2020-09-24 01:06:08.407258,151395.0,-1827045.0,27.0,10.0,62.0,7.0,3577
2020-10-01 01:12:20.725767,151395.0,-1827045.0,29.0,9.0,60.0,7.0,3577
2020-10-02 00:30:40.236613,151395.0,-1827045.0,36.0,6.0,57.0,7.0,3577
2020-10-09 00:36:24.252781,151395.0,-1827045.0,40.0,6.0,52.0,7.0,3577
2020-10-10 01:06:11.016653,151395.0,-1827045.0,38.0,8.0,52.0,6.0,3577
2020-10-17 01:12:22.157421,151395.0,-1827045.0,33.0,9.0,57.0,7.0,3577
2020-10-18 00:29:38.526459,151395.0,-1827045.0,,,,,3577
2020-10-25 00:35:21.710247,151395.0,-1827045.0,,,,,3577
2020-10-26 01:06:10.933461,151395.0,-1827045.0,,,,,3577
2020-11-03 00:28:34.760548,151395.0,-1827045.0,47.0,7.0,45.0,6.0,3577
2020-11-10 00:34:16.841832,151395.0,-1827045.0,38.0,4.0,56.0,6.0,3577
2020-11-11 01:06:07.731229,151395.0,-1827045.0,30.0,8.0,61.0,6.0,3577
2020-11-18 01:12:19.989203,151395.0,-1827045.0,27.0,12.0,60.0,8.0,3577
2020-11-19 00:27:28.446471,151395.0,-1827045.0,,,,,3577
2020-11-26 00:33:09.345447,151395.0,-1827045.0,40.0,6.0,53.0,7.0,3577
2020-11-27 01:06:11.492057,151395.0,-1827045.0,35.0,7.0,57.0,7.0,3577
2020-12-04 01:12:23.141368,151395.0,-1827045.0,33.0,10.0,56.0,8.0,3577
2020-12-05 00:26:19.084225,151395.0,-1827045.0,28.0,6.0,64.0,7.0,3577
2020-12-13 01:06:12.152784,151395.0,-1827045.0,,,,,3577
2020-12-20 01:12:22.007561,151395.0,-1827045.0,,,,,3577
2020-12-21 00:25:06.305639,151395.0,-1827045.0,,,,,3577
2020-12-29 01:06:08.976578,151395.0,-1827045.0,,,,,3577
2021-01-05 01:12:17.209775,151395.0,-1827045.0,30.0,22.0,47.0,8.0,3577
2021-01-06 00:23:59.593477,151395.0,-1827045.0,39.0,20.0,39.0,7.0,3577
2021-01-13 00:29:40.921507,151395.0,-1827045.0,31.0,27.0,41.0,7.0,3577
2021-01-14 01:06:02.234703,151395.0,-1827045.0,28.0,31.0,39.0,7.0,3577
2021-01-21 01:12:10.500267,151395.0,-1827045.0,,,,,3577
2021-01-22 00:22:51.537017,151395.0,-1827045.0,,,,,3577
2021-01-30 01:05:59.196206,151395.0,-1827045.0,31.0,41.0,27.0,8.0,3577
2021-02-06 01:12:08.876364,151395.0,-1827045.0,,,,,3577
2021-02-14 00:27:20.612592,151395.0,-1827045.0,,,,,3577
2021-02-15 01:05:55.800218,151395.0,-1827045.0,2.0,70.0,26.0,13.0,3577
2021-02-22 01:12:04.192586,151395.0,-1827045.0,,,,,3577
2021-03-02 00:26:07.249685,151395.0,-1827045.0,20.0,63.0,16.0,11.0,3577
2021-03-03 01:05:49.295743,151395.0,-1827045.0,21.0,66.0,11.0,12.0,3577
2021-03-10 01:11:56.215201,151395.0,-1827045.0,18.0,46.0,34.0,5.0,3577
2021-03-11 00:19:14.166041,151395.0,-1827045.0,,,,,3577
2021-03-19 01:05:40.239617,151395.0,-1827045.0,5.0,55.0,38.0,12.0,3577
2021-03-26 01:11:49.947857,151395.0,-1827045.0,15.0,48.0,35.0,11.0,3577
2021-03-27 00:17:57.227780,151395.0,-1827045.0,,,,,3577
2021-04-03 00:23:33.557196,151395.0,-1827045.0,20.0,33.0,46.0,9.0,3577
2021-04-04 01:05:36.759230,151395.0,-1827045.0,,,,,3577
2021-04-11 01:11:45.106118,151395.0,-1827045.0,,,,,3577
2021-04-12 00:16:37.963156,151395.0,-1827045.0,20.0,21.0,57.0,8.0,3577
2021-04-19 00:22:13.386018,151395.0,-1827045.0,22.0,19.0,57.0,8.0,3577
2021-04-20 01:05:30.247155,151395.0,-1827045.0,,,,,3577
2021-04-27 01:11:37.166613,151395.0,-1827045.0,16.0,19.0,64.0,8.0,3577
2021-04-28 00:15:16.460240,151395.0,-1827045.0,21.0,14.0,64.0,7.0,3577
2021-05-05 00:20:52.579292,151395.0,-1827045.0,26.0,14.0,59.0,7.0,3577
2021-05-06 01:05:20.315621,151395.0,-1827045.0,21.0,16.0,61.0,7.0,3577
2021-05-13 01:11:35.580907,151395.0,-1827045.0,24.0,15.0,60.0,7.0,3577
2021-05-21 00:19:31.737810,151395.0,-1827045.0,,,,,3577
2021-05-22 01:05:30.506691,151395.0,-1827045.0,19.0,13.0,67.0,7.0,3577
2021-05-29 01:11:45.152128,151395.0,-1827045.0,23.0,14.0,62.0,7.0,3577
2021-05-30 00:12:34.368476,151395.0,-1827045.0,25.0,1.0,72.0,6.0,3577
2021-06-06 00:18:10.356842,151395.0,-1827045.0,26.0,3.0,69.0,7.0,3577
2021-06-07 01:05:38.394108,151395.0,-1827045.0,20.0,13.0,66.0,7.0,3577
2021-06-14 01:11:51.752080,151395.0,-1827045.0,18.0,12.0,69.0,7.0,3577
2021-06-15 00:11:15.816842,151395.0,-1827045.0,,,,,3577
2021-06-22 00:16:52.088842,151395.0,-1827045.0,,,,,3577
2021-06-23 01:05:43.378014,151395.0,-1827045.0,17.0,12.0,69.0,7.0,3577
2021-06-30 01:11:55.510066,151395.0,-1827045.0,23.0,14.0,61.0,7.0,3577
2021-07-01 00:09:56.307279,151395.0,-1827045.0,25.0,7.0,67.0,6.0,3577
2021-07-08 00:15:31.663115,151395.0,-1827045.0,,,,,3577
2021-07-09 01:05:45.591575,151395.0,-1827045.0,23.0,13.0,63.0,7.0,3577
2021-07-16 01:11:56.620922,151395.0,-1827045.0,21.0,12.0,65.0,8.0,3577
2021-07-17 00:08:34.688038,151395.0,-1827045.0,9.0,7.0,82.0,6.0,3577
2021-07-24 00:14:09.215941,151395.0,-1827045.0,24.0,6.0,69.0,7.0,3577
2021-07-25 01:05:51.080648,151395.0,-1827045.0,22.0,12.0,64.0,7.0,3577
2021-08-01 01:12:05.323010,151395.0,-1827045.0,21.0,13.0,65.0,7.0,3577
2021-08-02 00:07:11.096929,151395.0,-1827045.0,15.0,5.0,78.0,6.0,3577
2021-08-09 00:12:44.634256,151395.0,-1827045.0,25.0,7.0,66.0,7.0,3577
2021-08-10 01:05:58.180680,151395.0,-1827045.0,20.0,12.0,66.0,7.0,3577
2021-08-17 01:12:11.266207,151395.0,-1827045.0,23.0,13.0,62.0,7.0,3577
2021-08-18 00:05:45.477369,151395.0,-1827045.0,,,,,3577
2021-08-25 00:11:20.540561,151395.0,-1827045.0,,,,,3577
2021-08-26 01:06:02.686362,151395.0,-1827045.0,22.0,12.0,64.0,7.0,3577
2021-09-02 01:12:15.913993,151395.0,-1827045.0,16.0,13.0,69.0,7.0,3577
2021-09-03 00:04:23.090048,151395.0,-1827045.0,,,,,3577
2021-09-10 00:09:57.077051,151395.0,-1827045.0,,,,,3577
2021-09-11 01:06:07.466470,151395.0,-1827045.0,,,,,3577
2021-09-18 01:12:19.408177,151395.0,-1827045.0,22.0,14.0,63.0,7.0,3577
2021-09-19 00:02:58.257490,151395.0,-1827045.0,21.0,7.0,70.0,6.0,3577
2021-09-26 00:08:31.130637,151395.0,-1827045.0,,,,,3577
2021-09-27 01:06:10.877622,151395.0,-1827045.0,17.0,12.0,69.0,7.0,3577
2021-10-04 01:12:24.497788,151395.0,-1827045.0,22.0,13.0,63.0,7.0,3577
2021-10-05 00:01:32.890982,151395.0,-1827045.0,8.0,6.0,84.0,7.0,3577
2021-10-12 00:07:06.702239,151395.0,-1827045.0,,,,,3577
2021-10-13 01:06:16.094967,151395.0,-1827045.0,16.0,12.0,70.0,7.0,3577
2021-10-20 01:12:27.821050,151395.0,-1827045.0,11.0,12.0,76.0,8.0,3577
2021-10-21 00:00:07.411391,151395.0,-1827045.0,21.0,10.0,68.0,6.0,3577
2021-10-28 00:05:39.733197,151395.0,-1827045.0,12.0,9.0,77.0,7.0,3577
2021-10-29 01:06:17.020370,151395.0,-1827045.0,12.0,12.0,74.0,7.0,3577
2021-11-05 01:12:26.687520,151395.0,-1827045.0,14.0,12.0,73.0,7.0,3577
2021-11-05 23:58:38.242376,151395.0,-1827045.0,8.0,5.0,85.0,7.0,3577
2021-11-13 00:04:08.437480,151395.0,-1827045.0,31.0,8.0,59.0,7.0,3577
2021-11-14 01:06:12.619096,151395.0,-1827045.0,27.0,11.0,61.0,7.0,3577
2021-11-21 01:12:22.299394,151395.0,-1827045.0,22.0,10.0,67.0,7.0,3577
2021-11-21 23:57:04.542946,151395.0,-1827045.0,,,,,3577
2021-11-29 00:02:35.973711,151395.0,-1827045.0,,,,,3577
2021-11-30 01:06:12.828118,151395.0,-1827045.0,36.0,10.0,53.0,7.0,3577
2021-12-07 01:12:23.642927,151395.0,-1827045.0,24.0,13.0,62.0,7.0,3577
2021-12-07 23:55:34.602366,151395.0,-1827045.0,23.0,4.0,72.0,6.0,3577
2021-12-16 01:06:11.639329,151395.0,-1827045.0,27.0,9.0,63.0,7.0,3577
2021-12-23 01:12:20.494238,151395.0,-1827045.0,,,,,3577
2021-12-23 23:54:01.810038,151395.0,-1827045.0,,,,,3577
2021-12-30 23:59:30.226843,151395.0,-1827045.0,36.0,5.0,57.0,7.0,3577
2022-01-01 01:06:05.947595,151395.0,-1827045.0,30.0,9.0,60.0,6.0,3577
2022-01-08 01:12:16.454631,151395.0,-1827045.0,,,,,3577
2022-01-08 23:52:26.603190,151395.0,-1827045.0,31.0,12.0,56.0,7.0,3577
2022-01-15 23:57:58.040322,151395.0,-1827045.0,,,,,3577
2022-01-17 01:06:03.932798,151395.0,-1827045.0,21.0,21.0,57.0,8.0,3577
2022-01-24 01:12:11.989006,151395.0,-1827045.0,,,,,3577
2022-01-31 23:56:24.351409,151395.0,-1827045.0,,,,,3577
2022-02-02 01:05:59.340612,151395.0,-1827045.0,,,,,3577
2022-02-09 01:12:08.843114,151395.0,-1827045.0,28.0,37.0,33.0,9.0,3577
2022-02-18 01:05:54.066634,151395.0,-1827045.0,17.0,53.0,29.0,10.0,3577
2022-02-25 01:12:03.582254,151395.0,-1827045.0,24.0,49.0,26.0,10.0,3577
2022-03-06 01:05:51.290860,151395.0,-1827045.0,23.0,35.0,41.0,8.0,3577
2022-03-13 01:11:59.272922,151395.0,-1827045.0,23.0,28.0,47.0,8.0,3577
2022-03-22 01:05:42.292296,151395.0,-1827045.0,23.0,22.0,53.0,8.0,3577
2022-03-29 01:11:46.788348,151395.0,-1827045.0,33.0,19.0,46.0,7.0,3577
2022-04-07 01:05:38.167126,151395.0,-1827045.0,31.0,17.0,51.0,7.0,3577
2022-04-14 01:11:52.214934,151395.0,-1827045.0,,,,,3577
2022-04-23 01:05:39.391499,151395.0,-1827045.0,34.0,14.0,50.0,7.0,3577
2022-04-30 01:11:48.132094,151395.0,-1827045.0,28.0,13.0,57.0,6.0,3577
2022-05-09 01:05:43.998425,151395.0,-1827045.0,31.0,13.0,55.0,7.0,3577
2022-05-16 01:11:57.965161,151395.0,-1827045.0,34.0,13.0,52.0,7.0,3577
2022-05-25 01:05:47.178925,151395.0,-1827045.0,36.0,12.0,51.0,7.0,3577
2022-06-01 01:12:01.492090,151395.0,-1827045.0,35.0,8.0,55.0,5.0,3577
2022-06-10 01:05:58.161684,151395.0,-1827045.0,38.0,11.0,50.0,7.0,3577
2022-06-17 01:12:13.259410,151395.0,-1827045.0,38.0,10.0,51.0,7.0,3577
2022-06-26 01:06:05.249175,151395.0,-1827045.0,,,,,3577
2022-07-03 01:12:16.683255,151395.0,-1827045.0,,,,,3577
2022-07-12 01:06:04.954517,151395.0,-1827045.0,43.0,7.0,48.0,6.0,3577
2022-07-19 01:12:18.031931,151395.0,-1827045.0,38.0,7.0,54.0,6.0,3577
2022-07-28 01:06:14.093236,151395.0,-1827045.0,42.0,8.0,48.0,6.0,3577
2022-08-04 01:12:29.022361,151395.0,-1827045.0,30.0,8.0,60.0,6.0,3577
2022-08-13 01:06:21.948465,151395.0,-1827045.0,41.0,11.0,47.0,6.0,3577
2022-08-29 01:06:23.200118,151395.0,-1827045.0,38.0,10.0,51.0,6.0,3577
2022-09-05 01:12:34.901118,151395.0,-1827045.0,40.0,11.0,48.0,7.0,3577
2022-09-14 01:06:28.671747,151395.0,-1827045.0,35.0,10.0,53.0,6.0,3577
2022-09-21 01:12:40.907634,151395.0,-1827045.0,40.0,10.0,49.0,6.0,3577
2022-09-30 01:06:29.497393,151395.0,-1827045.0,,,,,3577
2022-10-07 01:12:37.278270,151395.0,-1827045.0,36.0,9.0,54.0,6.0,3577
2022-10-16 01:06:22.469052,151395.0,-1827045.0,,,,,3577
2022-10-23 01:12:37.922696,151395.0,-1827045.0,40.0,10.0,49.0,6.0,3577
2022-11-01 01:06:29.860867,151395.0,-1827045.0,44.0,9.0,46.0,6.0,3577
2022-11-08 01:12:39.458779,151395.0,-1827045.0,41.0,9.0,48.0,6.0,3577
2022-11-17 01:06:22.422171,151395.0,-1827045.0,,,,,3577
2022-11-24 01:12:34.840530,151395.0,-1827045.0,46.0,9.0,43.0,6.0,3577
2022-12-03 01:06:24.893542,151395.0,-1827045.0,55.0,10.0,34.0,5.0,3577
2022-12-10 01:12:34.003551,151395.0,-1827045.0,49.0,12.0,37.0,5.0,3577
2022-12-19 01:06:17.078917,151395.0,-1827045.0,39.0,13.0,46.0,5.0,3577
2022-12-26 01:12:25.765826,151395.0,-1827045.0,18.0,23.0,57.0,7.0,3577
2023-01-04 01:06:16.073974,151395.0,-1827045.0,,,,,3577
2023-01-11 01:12:24.297603,151395.0,-1827045.0,,,,,3577
2023-01-20 01:06:09.609754,151395.0,-1827045.0,,,,,3577
2023-02-05 01:06:13.639968,151395.0,-1827045.0,2.0,64.0,32.0,14.0,3577
2023-02-12 01:12:20.066276,151395.0,-1827045.0,2.0,69.0,28.0,13.0,3577
2023-02-21 01:06:00.252398,151395.0,-1827045.0,,,,,3577
2023-02-28 01:12:05.489066,151395.0,-1827045.0,,,,,3577
2023-03-09 01:05:49.601112,151395.0,-1827045.0,2.0,61.0,36.0,16.0,3577
2023-03-16 01:11:59.157565,151395.0,-1827045.0,11.0,52.0,35.0,12.0,3577
2023-03-25 01:05:41.110116,151395.0,-1827045.0,10.0,57.0,31.0,12.0,3577
2023-04-01 01:11:48.483400,151395.0,-1827045.0,10.0,55.0,33.0,12.0,3577
2023-04-10 01:05:25.962749,151395.0,-1827045.0,,,,,3577
2023-04-17 01:11:34.162186,151395.0,-1827045.0,13.0,49.0,37.0,12.0,3577
2023-04-26 01:05:21.860163,151395.0,-1827045.0,10.0,44.0,44.0,11.0,3577
2023-05-03 01:11:29.165072,151395.0,-1827045.0,14.0,38.0,46.0,10.0,3577
2023-05-12 01:05:09.004477,151395.0,-1827045.0,17.0,33.0,49.0,9.0,3577
2023-05-19 01:11:17.962951,151395.0,-1827045.0,17.0,30.0,52.0,9.0,3577
2023-05-28 01:05:09.837532,151395.0,-1827045.0,18.0,26.0,55.0,8.0,3577
2023-06-04 01:11:22.467845,151395.0,-1827045.0,18.0,24.0,57.0,8.0,3577
2023-06-13 01:05:17.905367,151395.0,-1827045.0,19.0,22.0,58.0,8.0,3577
2023-06-20 01:11:30.107295,151395.0,-1827045.0,18.0,18.0,62.0,8.0,3577
2023-06-29 01:05:25.867107,151395.0,-1827045.0,,,,,3577
2023-07-06 01:11:41.667719,151395.0,-1827045.0,19.0,19.0,60.0,8.0,3577
2023-07-15 01:05:33.529806,151395.0,-1827045.0,17.0,16.0,66.0,8.0,3577
2023-07-22 01:11:45.031544,151395.0,-1827045.0,,,,,3577
2023-07-31 01:05:41.152577,151395.0,-1827045.0,16.0,15.0,68.0,7.0,3577
2023-08-07 01:11:53.538586,151395.0,-1827045.0,19.0,14.0,65.0,8.0,3577
2023-08-16 01:05:46.820995,151395.0,-1827045.0,16.0,14.0,69.0,7.0,3577
2023-08-23 01:12:01.286319,151395.0,-1827045.0,17.0,14.0,67.0,7.0,3577
2023-09-01 01:05:50.827477,151395.0,-1827045.0,17.0,14.0,68.0,7.0,3577
2023-09-08 01:12:00.675713,151395.0,-1827045.0,19.0,15.0,65.0,7.0,3577
2023-09-17 01:05:55.130269,151395.0,-1827045.0,14.0,13.0,71.0,7.0,3577
2023-09-24 01:12:06.894054,151395.0,-1827045.0,18.0,14.0,67.0,7.0,3577
2023-10-03 01:05:58.526503,151395.0,-1827045.0,15.0,13.0,70.0,7.0,3577
2023-10-10 01:12:11.341236,151395.0,-1827045.0,20.0,14.0,64.0,7.0,3577
2023-10-19 01:05:59.581942,151395.0,-1827045.0,22.0,11.0,65.0,6.0,3577
2023-10-26 01:12:14.054766,151395.0,-1827045.0,21.0,13.0,65.0,7.0,3577
2023-11-04 01:06:03.320432,151395.0,-1827045.0,16.0,14.0,69.0,7.0,3577
2023-11-11 01:12:10.160952,151395.0,-1827045.0,,,,,3577
2023-11-20 01:06:05.265387,151395.0,-1827045.0,,,,,3577
2023-11-27 01:12:16.493335,151395.0,-1827045.0,,,,,3577
2023-12-06 01:05:57.153140,151395.0,-1827045.0,30.0,23.0,45.0,7.0,3577
2023-12-13 01:12:11.959908,151395.0,-1827045.0,24.0,29.0,46.0,8.0,3577
2023-12-22 01:06:04.324602,151395.0,-1827045.0,44.0,21.0,33.0,13.0,3577
2023-12-29 01:12:12.272043,151395.0,-1827045.0,30.0,19.0,49.0,7.0,3577
