"","X","site_location_name","latitude","longitude","mga","SW_easting","SW_northing"
"61",61,"NSAMDD0021",-33.2008361111111,145.717186111111,55,380433.074525298,6325714.97647889
"62",62,"NSAMDD0022",-33.2252222222222,145.760172222222,55,384471.980183383,6323059.49036508
"63",63,"NSAMDD0023",-32.6900916666667,144.649777777778,55,279661.766031372,6380627.12556421
"64",64,"NSAMDD0024",-32.6822083333333,144.627461111111,55,277549.471718142,6381454.73374144
"65",65,"NSAMDD0025",-31.6085916666667,144.246994444444,55,238819.704630639,6499657.39305955
"66",66,"NSAMDD0026",-31.6280111111111,144.201152777778,55,234524.299651055,6497393.29694087
"67",67,"NSAMDD0027",-31.4869194444444,144.189633333333,55,233029.284772042,6513011.64566447
"68",68,"NSAMDD0028",-31.4914388888889,144.182816666667,55,232394.379467315,6512493.83304102
"69",69,"NSAMDD0029",-31.3325166666667,144.366963888889,55,249470.068995822,6530551.16751561
"70",70,"NSAMDD0030",-31.3179277777778,144.363766666667,55,249127.034100551,6532161.57509143
"71",71,"NSAMDD0031",-32.5862694444444,145.492225,55,358489.332756961,6393574.80467972
"72",72,"NSAMDD0032",-32.7432472222222,145.420908333333,55,352054.235507219,6376073.24537484
"73",73,"NSAMUL0001",-29.2461944444444,145.009269444444,55,306543.732548192,6763095.26376457
"74",74,"NSAMUL0002",-29.21015,145.042447222222,55,309701.896040889,6767144.35095415
"75",75,"NSAMUL0003",-29.1858916666667,145.057058333333,55,311078.070901888,6769856.469762
"76",76,"NSAMUL0004",-29.1699861111111,145.066908333333,55,312007.021987557,6771635.05298584
"77",77,"NSANAN0001",-30.2837416666667,150.152725,56,226115.699378339,6646339.54551448
"78",78,"NSANAN0002",-30.2822805555556,150.152063888889,56,226048.015861328,6646499.95865143
"79",79,"NSANET0001",-29.2564805555556,151.707944444444,56,374460.200259942,6762906.13486581
"80",80,"NSANSS0001",-32.7498555555556,148.347694444444,55,626254.921933106,6375640.17589389
"81",81,"NSANSS0002",-32.8352299647222,148.323979966389,55,623914.649997222,6366202.85017942
"82",82,"NSTNSS0001",-33.0839138888889,150.228138888889,56,241268.581812081,6335992.38420316
"83",83,"NSTSYB0001",-33.6733444444444,151.134961111111,56,327099.384438266,6272501.37860052
"84",84,"NSTSYB0002",-33.5947055555556,150.625916666667,56,279698.178696753,6280254.49599935
"85",85,"NSTSYB0003",-33.5266944444444,150.565833333333,56,273944.217859123,6287668.0106885
"86",86,"NSTSYB0004",-33.7050222222222,150.456416666667,56,264266.803027194,6267645.00345085
"87",87,"NSTSYB0005",-33.6479138888889,150.319194444444,56,251381.412273723,6273657.36070817
"88",88,"NSTSYB0006",-33.3110111111111,150.251194444444,56,244083.474692991,6310860.53185265
"89",89,"NSTSYB0007",-33.3293666666667,150.139719444444,56,233757.542435203,6308545.20903867
"90",90,"NSTSYB0008",-33.22035,150.027222222222,56,222937.772714811,6320344.62950279
"91",91,"NSTSYB0009",-33.5788305555556,150.364622222222,56,255400.313772033,6281428.26872968
"92",92,"NTAARP0001",-13.5572916666667,132.270091666667,53,204539.289988006,8499583.23282229
"93",93,"NTAARP0002",-13.5456111111111,132.294363888889,53,207153.736993724,8500905.54163247
"94",94,"NTAARP0003",-13.5169694444444,132.457058333333,53,224740.831079111,8504265.00591345
"95",95,"NTAARP0004",-12.6917831785377,132.986464155063,53,281342.181483494,8596104.0190231
"96",96,"NTAARP0005",-12.727229,132.98496,53,281209.136760762,8592180.81790859
"97",97,"NTABRT0001",-22.2836,133.247327777778,53,319429.40944267,7534734.47211735
"98",98,"NTABRT0002",-22.2836694444444,133.250630555556,53,319769.845997315,7534730.72811544
"99",99,"NTABRT0003",-22.2835805555556,133.269858333333,53,321751.124459783,7534763.39123634
"100",100,"NTABRT0004",-22.2898083333333,133.616422222222,53,357467.99353508,7534441.93280183
"101",101,"NTABRT0005",-22.2910805555556,133.612075,53,357021.387518401,7534296.97135573
"102",102,"NTABRT0006",-22.2890805555556,133.613255555556,53,357140.987639677,7534519.51505571
"103",103,"NTABRT0007",-22.2883483,133.6380666,53,359696.57801851,7534623.8459105
"104",104,"NTABRT0008",-21.9042505,133.448367,53,339717.602862893,7576961.32229979
"105",105,"NTADAC0001",-13.15835,130.777911111111,52,692704.044439529,8544672.0633511
"106",106,"NTADAC0002",-12.739225,132.340336111111,53,211189.985770067,8590223.16963266
"107",107,"NTADMR0001",-19.3530953,134.5673747,53,454562.798374575,7860045.73581827
"108",108,"NTADMR0002",-19.5750838,134.2030725,53,416413.711856557,7835344.03311819
"109",109,"NTAFIN0001",-24.1243027777778,133.467922222222,53,344308.324676534,7331160.3865262
"110",110,"NTAFIN0002",-24.0094222222222,133.434311111111,53,340750.348198964,7343844.81135191
"111",111,"NTAFIN0003",-24.1322027777778,133.477008333333,53,345241.321427502,7330295.59006255
"112",112,"NTAFIN0004",-24.1872416666667,133.376366666667,53,335083.561749196,7324085.39272308
"113",113,"NTAFIN0005",-24.1965,133.373936111111,53,334848.567753682,7323057.19472951
"114",114,"NTAFIN0006",-24.1775916666667,133.379402777778,53,335379.616083397,7325157.6722435
"115",115,"NTAFIN0007",-23.9411861111111,133.436038888889,53,340842.277882073,7351403.32624241
"116",116,"NTAFIN0008",-23.930625,133.415494444444,53,338738.073081466,7352549.5599722
"117",117,"NTAFIN0009",-24.1280194444444,133.390894444444,53,336484.043944562,7330661.04753549
"118",118,"NTAFIN0010",-24.1332916666667,133.373297222222,53,334702.287418162,7330056.52094683
"119",119,"NTAFIN0011",-24.1618805555556,133.327180555556,53,330053.080147875,7326835.17389619
"120",120,"NTAFIN0012",-24.5692277777778,133.142097222222,53,311849.474316907,7281480.98537796
"121",121,"NTAFIN0013",-24.5415361111111,133.184572222222,53,316111.493712938,7284605.4419539
"122",122,"NTAFIN0014",-24.5309111111111,133.169541666667,53,314573.058862559,7285762.12542356
"123",123,"NTAFIN0015",-24.5156972222222,133.222825,53,319950.163229981,7287517.75714117
"124",124,"NTAFIN0016",-24.4843638888889,133.302966666667,53,328028.474226198,7291090.2223909
"125",125,"NTAFIN0017",-24.3774861111111,132.960286111111,53,293119.136958942,7302459.11243119
"126",126,"NTAFIN0018",-24.3646638888889,132.949441666667,53,291997.92904277,7303863.16754289
"127",127,"NTAFIN0019",-24.3581777777778,132.935747222222,53,290597.728830032,7304561.02100621
"128",128,"NTAFIN0020",-24.6685694444444,133.401686111111,53,338270.886988164,7270808.61391034
"129",129,"NTAFIN0021",-24.6720166666667,133.463872222222,53,344568.616211477,7270498.7012095
"130",130,"NTAFIN0022",-24.6311888888889,133.452183333333,53,343334.739314676,7275007.08357413
"131",131,"NTAFIN0023",-24.5597722222222,133.437363888889,53,341744.712801306,7282899.4816695
"132",132,"NTAFIN0024",-24.9175722222222,133.659202777778,53,364602.388253495,7243511.7678352
"133",133,"NTAFIN0025",-24.8183638888889,133.676455555556,53,366238.077270859,7254515.75043923
"134",134,"NTAFIN0026",-23.9072555555556,133.749905555556,53,372753.768354749,7355478.88350725
"135",135,"NTAFIN0027",-23.8357277777778,133.633302777778,53,360806.923969738,7363289.52476851
"136",136,"NTAFIN0028",-25.7699305555556,133.393080555556,53,338858.062793611,7148811.90007095
"137",137,"NTAFIN0029",-25.737475,133.438483333333,53,343369.189825527,7152461.61665553
"138",138,"NTAFIN0030",-25.9481083333333,133.781244444444,53,377970.531329655,7129494.86920968
"139",139,"NTAFIN0031",-25.8998916666667,133.896594444444,53,389476.065961662,7134937.55217298
"140",140,"NTAFIN0032",-23.9537666666667,133.92255,53,390367.925791231,7350473.57468108
"141",141,"NTAFIN0033",-24.0336583333333,133.971755555556,53,395439.594873622,7341664.86242227
"142",142,"NTAGFU0001",-18.9055055555556,137.069263888889,53,717950.131745074,7908352.50977138
"143",143,"NTAGFU0002",-18.9181194444444,137.052238888889,53,716140.102486903,7906977.02528256
"144",144,"NTAGFU0003",-18.6343694444444,137.124438888889,53,724121.943355512,7938299.88388358
"145",145,"NTAGFU0004",-18.6240555555556,137.12345,53,724031.104127269,7939442.91260628
"146",146,"NTAGFU0005",-18.6531916666667,137.121141666667,53,723749.296824235,7936220.30379516
"147",147,"NTAGFU0006",-18.7786916666667,136.847072222222,53,694686.628812666,7922649.08918354
"148",148,"NTAGFU0007",-18.7769138888889,136.826202777778,53,692488.352059982,7922868.5843459
"149",149,"NTAGFU0008",-18.786075,136.865338888889,53,696603.957429637,7921811.72078741
"150",150,"NTAGFU0009",-18.800975,136.983425,53,709035.506682748,7920027.60483117
"151",151,"NTAGFU0010",-17.8962777777778,137.100602777778,53,722545.677342784,8020035.80088766
"152",152,"NTAGFU0011",-17.8957055555556,137.072363888889,53,719553.575698353,8020132.64838727
"153",153,"NTAGFU0012",-17.8956416666667,137.018994444444,53,713897.567223842,8020201.80154708
"154",154,"NTAGFU0013",-17.8959083333333,137.011625,53,713116.247832615,8020180.72891571
"155",155,"NTAGFU0014",-17.7517888888889,136.9389,53,705574.442232658,8036214.40779193
"156",156,"NTAGFU0015",-17.7444611111111,136.94305,53,706022.977563489,8037020.93806397
"157",157,"NTAGFU0016",-17.2208861111111,137.260258333333,53,740357.364598654,8094605.07362123
"158",158,"NTAGFU0017",-17.3548972222222,137.157961111111,53,729308.524965537,8079895.240927
"159",159,"NTAGFU0018",-17.2724861111111,137.183413888889,53,732117.765939393,8088987.1463844
"160",160,"NTAGFU0019",-17.2177416666667,137.236291666667,53,737811.676670098,8094982.79133611
"161",161,"NTAGFU0020",-16.724875,135.96335,53,602694.595663588,8150631.79190602
"162",162,"NTAGFU0021",-16.7154027777778,135.942922222222,53,600521.758271674,8151690.17373983
"163",163,"NTAGFU0022",-16.7310138888889,135.963408333333,53,602697.527236535,8149952.58463781
"164",164,"NTAGFU0023",-16.8238944444444,135.830038888889,53,588436.718572107,8139741.05668407
"165",165,"NTAGFU0024",-16.8260027777778,135.893211111111,53,595166.808364337,8139478.50288295
"166",166,"NTAGFU0025",-16.8252416666667,135.855180555556,53,591114.96458652,8139580.60544518
"167",167,"NTAGFU0026",-15.8091222222222,135.406069444444,53,543487.3262592,8252136.28990764
"168",168,"NTAGFU0027",-15.679275,135.460613888889,53,549360.105618736,8266487.28890707
"169",169,"NTAGFU0028",-15.6292388888889,135.459755555556,53,549280.107538456,8272022.18141942
"170",170,"NTAGFU0029",-15.5381,135.409022222222,53,543861.371331066,8282114.40081432
"171",171,"NTAGFU0030",-14.1348972222222,134.377833333333,53,432849.944558353,8437265.61049117
"172",172,"NTAGFU0031",-14.1258555555556,134.386677777778,53,433801.938979231,8438268.14905393
"173",173,"NTAGFU0032",-14.150625,134.373602777778,53,432397.974246289,8435524.86862419
"174",174,"NTAGFU0033",-14.1769611111111,134.355480555556,53,430450.134270943,8432606.71933749
"175",175,"NTAGFU0034",-14.062225,134.421583333333,53,437552.235945712,8445315.30846192
"176",176,"NTAGFU0035",-14.0478638888889,134.420675,53,437450.265964262,8446903.41461599
"177",177,"NTAGFU0036",-14.674575,133.862983333333,53,377572.258741421,8377359.17973019
"178",178,"NTAGFU0037",-14.673675,133.892355555556,53,380734.761865981,8377474.43496849
"179",179,"NTAGFU0038",-14.689975,133.893744444444,53,380893.151047602,8375672.06963332
"180",180,"NTAGFU0039",-14.6768,133.882252777778,53,379648.536835288,8377123.39545918
"181",181,"NTAGFU0040",-14.6737055555556,133.844775,53,375610.962273151,8377445.42088541
"182",182,"NTAGFU0041",-14.7799944444444,132.891461111111,53,273041.347762012,8364941.64413582
"183",183,"NTAMAC0001",-23.9659083333333,133.3723,53,334386.270887482,7348592.15781916
"184",184,"NTAMAC0002",-23.9616444444444,133.403508333333,53,337556.842395484,7349100.65773461
"185",185,"NTAMAC0003",-23.9590944444444,133.408488888889,53,338060.516089424,7349388.77859362
"186",186,"NTAMGD0001",-20.0230222222222,137.327141666667,53,743447.365844688,7784277.5955538
"187",187,"NTAMGD0002",-20.0246361111111,137.3258,53,743304.466404059,7784100.84192215
"188",188,"NTAMGD0003",-17.3582083333333,133.438933333333,53,334136.922478775,8080143.23232969
"189",189,"NTAMGD0004",-17.5213222222222,133.523488888889,53,343262.068823896,8062164.10348967
"190",190,"NTAMGD0005",-17.4558472222222,133.483566666667,53,338965.707205311,8069376.38173144
"191",191,"NTAPCK0001",-12.6757805555556,132.818102777778,53,263036.608683537,8597727.61791929
"192",192,"NTAPCK0002",-12.820425,132.793452777778,53,260494.406385946,8581698.93767185
"193",193,"NTAPCK0003",-12.625497,132.853924,53,266882.952250398,8603323.96303204
"194",194,"NTAPCK0004",-12.6238344960457,132.860715379604,53,267619.475221683,8603513.96015496
"195",195,"NTAPCK0005",-12.5733706,132.8388484,53,265197.182219772,8609078.52127627
"196",196,"NTAPCK0006",-12.6499321457404,132.865601076437,53,268173.955376716,8600630.50452122
"197",197,"NTAPCK0007",-12.6936751052381,132.854274250021,53,266982.962359199,8595780.09597409
"198",198,"NTAPCK1009",-12.671938,132.942318,53,276529.000522925,8598262.40625196
"199",199,"NTAPCK1010",-12.676906,132.964769,53,278972.47716939,8597731.83194548
"200",200,"NTAPCK1011",-12.701198,132.929794,53,275194.018416425,8595014.0508118
"201",201,"NTAPCK1012",-12.702209,132.932917,53,275534.170203747,8594904.87880861
"202",202,"NTAPCK2013",-12.706168,132.927351,53,274933.001789779,8594462.01192915
"203",203,"NTAPCK2014",-12.699107,132.930501,53,275268.984644811,8595246.02890663
"204",204,"NTASSD0001",-25.3097916666667,136.307027777778,53,631566.458350058,7200107.12823211
"205",205,"NTASSD0003",-25.2994444444444,136.298875,53,630756.80915035,7201261.07747084
"206",206,"NTASSD0004",-25.2532666666667,136.274811111111,53,628382.651232526,7206398.53552654
"207",207,"NTASSD0005",-25.7541111111111,136.546952777778,53,655148.112224229,7150636.13128197
"208",208,"NTASSD0006",-25.7534361111111,136.547825,53,655236.480929513,7150709.87088332
"209",209,"NTASSD0007",-25.7835555555556,136.564875,53,656907.123982215,7147353.46948873
"210",210,"NTASSD0008",-25.7783361111111,136.562461111111,53,656671.90901278,7147934.48143016
"211",211,"NTASSD0009",-24.7817328,136.0114582,53,602248.993989728,7258841.98843823
"212",212,"NTASSD0010",-24.792826,136.021357,53,603240.557551574,7257606.11961513
"213",213,"NTASSD0011",-25.4805472222222,135.115113888889,53,511570.526543731,7181835.21553619
"214",214,"NTASSD0012",-25.5032166666667,135.115711111111,53,511628.373711566,7179324.83778626
"215",215,"NTASSD0013",-25.5240472222222,135.139505555556,53,514017.177037169,7177015.8421928
"216",216,"NTASSD0014",-25.1378694444444,135.3707,53,537365.547063316,7219734.67507953
"217",217,"NTASSD0015",-25.1239333333333,135.616791666667,53,562178.463806651,7221187.07648614
"218",218,"NTASSD0016",-25.1101138888889,135.507997222222,53,551216.503832435,7222763.05623214
"219",219,"NTASSD0017",-25.4765888888889,135.258422222222,53,525975.877156686,7182253.34719745
"220",220,"NTASSD0018",-25.1279333333333,135.522638888889,53,552685.068283772,7220784.21564099
"221",221,"NTASSD0019",-25.0944083333333,135.640791666667,53,564613.472603827,7224445.24339644
"222",222,"NTASTU0001",-15.8768583333333,133.411919444444,53,329966.452419416,8244041.02137221
"223",223,"NTASTU0002",-15.7678388888889,133.378233333333,53,326265.789049408,8256076.43574998
"224",224,"NTASTU0003",-15.70665,133.327522222222,53,320778.360187296,8262804.66176058
"225",225,"NTASTU0004",-14.8638388888889,132.991402777778,53,283886.056926557,8355761.9124721
"226",226,"NTASTU0005",-14.9086444444444,133.047788888889,53,289998.390266686,8350857.5862562
"227",227,"NTATAN0001",-20.6995098,134.2054273,53,417254.85536878,7710905.04047071
"228",228,"NTATAN0002",-20.7228814,134.2003669,53,416740.618198694,7708315.74674371
"229",229,"NTATAN0003",-20.9215447,133.8713681,53,382635.748015454,7686122.37374028
"230",230,"NTATAN0004",-20.9217778,133.886123,53,384170.406675676,7686107.29697174
"231",231,"NTTDAB0001",-13.962875,131.673997222222,52,788906.640046919,8454751.95079217
"232",232,"NTTDAC0001",-13.1398326944444,130.795687083333,52,694645.922374451,8546707.06752221
"233",233,"NTTDMR0001",-18.0800416666667,133.684544444444,53,360795.448906611,8000462.92817279
"234",234,"NTTDMR0002",-18.0724972222222,133.635022222222,53,355547.928724726,8001259.75954926
"235",235,"NTTDMR0003",-18.0720444444444,133.666930555556,53,358924.844858082,8001334.53714511
"236",236,"NTTMGD0001",-17.2829694444444,133.423894444444,53,332470.504686556,8088456.34941874
"237",237,"NTTPCK0001",-12.8719611111111,131.126994444444,52,730819.924902912,8576068.78177392
"238",238,"NTTSTU0001",-16.6302416666667,133.271158333333,53,315595.896775757,8160552.34388115
"239",239,"QDABBN0001",-23.8590080555556,148.158248055556,55,617940.087974411,7360900.85732893
"240",240,"QDABBN0002",-23.8698788888889,148.149388888889,55,617028.139178993,7359704.51172372
"241",241,"QDABBS0001",-24.800125,147.769381944444,55,577764.761612894,7256964.81508313
"242",242,"QDABBS0002",-24.8323980555556,147.641971944444,55,564869.688941223,7253457.7418935
"243",243,"QDABBS0003",-24.8215838888889,147.741085,55,574891.66329934,7254604.44827229
"244",244,"QDABBS0004",-24.7841438888889,147.759626944444,55,576788.582281451,7258739.95192764
"245",245,"QDABBS0005",-24.7685211111111,147.766605,55,577503.702563502,7260465.95040638
"246",246,"QDABBS0006",-27.15261,151.233411111111,56,324948.47686931,6995429.78992686
"247",247,"QDABBS0007",-27.3291811111111,151.24217,56,326091.370146902,6975879.04610397
"248",248,"QDABBS0008",-27.3308711111111,151.249343888889,56,326803.865972657,6975701.78474321
"249",249,"QDABBS0009",-27.3856530555556,151.6128,56,362833.520076296,6970085.07875296
"250",250,"QDABBS0010",-27.6579567354229,151.522344050851,56,354247.709664448,6939814.01132829
"251",251,"QDACHC0001",-24.1046,143.257294444444,54,729445.719615911,7332346.17459494
"252",252,"QDACHC0002",-24.1259555555556,143.169161111111,54,720447.749784663,7330122.08958686
"253",253,"QDACHC0003",-24.1163777777778,143.164894444444,54,720030.387873879,7331189.71619944
"254",254,"QDACHC0004",-23.7187722222222,141.091861111111,54,509363.486709335,7376905.70166651
"255",255,"QDACHC0005",-23.721675,141.072305555556,54,507370.00716205,7376585.48395844
"256",256,"QDACHC0006",-23.7694527777778,141.133497222222,54,513602.233906945,7371291.47767598
"257",257,"QDACHC0007",-23.8356916666667,141.029094444444,54,502962.972324244,7363964.18208657
"258",258,"QDACYP0001",-15.2782333333333,145.252838888889,55,312387.004108021,8310145.85553853
"259",259,"QDACYP0002",-15.2845388888889,145.191505555556,55,305804.873214807,8309394.23171107
"260",260,"QDACYP0003",-15.2767416666667,145.286319444444,55,315981.838040174,8310339.53653555
"261",261,"QDACYP0004",-14.0928361111111,142.977058333333,54,713455.672094936,8441109.4494062
"262",262,"QDACYP0005",-14.1426222222222,142.976261111111,54,713323.201230268,8435601.11638724
"263",263,"QDACYP0006",-14.2266805555556,142.932519444444,54,708523.0903039,8426339.23449478
"264",264,"QDACYP0007",-14.2265944444444,142.985219444444,54,714211.605238501,8426300.94898739
"265",265,"QDACYP0008",-14.2982472222222,143.093208333333,54,725797.027901764,8418269.65165345
"266",266,"QDACYP0009",-14.0673,143.208319444444,54,738460.990837443,8443713.24926291
"267",267,"QDACYP0010",-13.0918611111111,142.772755555556,54,692196.782722407,8552032.01304819
"268",268,"QDACYP0011",-13.206975,142.739772222222,54,688531.826692073,8539321.39957327
"269",269,"QDACYP0012",-13.3202777777778,142.5913,54,672358.718060272,8526893.97383777
"270",270,"QDACYP0013",-12.2021333333333,142.568680555556,54,670656.396375032,8650600.82742937
"271",271,"QDACYP0014",-12.19935,142.549897222222,54,668614.262609022,8650920.47040305
"272",272,"QDACYP0015",-12.2193638888889,142.538511111111,54,667362.711476128,8648713.66684028
"273",273,"QDACYP0016",-11.4971583333333,142.430338888889,54,656003.040116129,8728660.44484448
"274",274,"QDACYP0017",-11.5433055555556,142.439355555556,54,656961.039963106,8723551.34387583
"275",275,"QDACYP0018",-11.0536333333333,142.366755555556,54,649295.778023686,8777748.8396117
"276",276,"QDACYP0019",-10.7275416666667,142.490316666667,54,662972.826101786,8813751.54992614
"277",277,"QDACYP0020",-10.9361666666667,142.466988888889,54,660310.250613139,8790689.22237447
"278",278,"QDACYP0021",-10.937449,142.459743,54,659517.585002632,8790551.23009816
"279",279,"QDACYP0022",-10.7881638888889,142.438255555556,54,657247.145727829,8807073.74359534
"280",280,"QDACYP0023",-12.3322444444444,142.231052777778,54,633854.348893001,8636399.82385169
"281",281,"QDACYP0024",-12.368075,142.204272222222,54,630924.2408282,8632450.0713659
"282",282,"QDADEU0001",-20.5462170581868,146.129021077344,55,409206.781527519,7727830.22355877
"283",283,"QDAEIU0001",-19.5387138888889,144.210019444444,55,207222.304138205,7837177.95298979
"284",284,"QDAEIU0002",-19.5525,144.22415,55,208730.827956971,7835675.181246
"285",285,"QDAEIU0003",-19.4099083333333,144.169586111111,55,202741.441525887,7851374.66532154
"286",286,"QDAEIU0004",-19.4465805555556,144.161472222222,55,201955.739669075,7847298.83856199
"287",287,"QDAEIU0005",-18.4549388888889,143.899397222222,54,806246.310590507,7957026.20828828
"288",288,"QDAEIU0006",-18.4678472222222,143.891697222222,54,805409.579297453,7955609.57807491
"289",289,"QDAEIU0007",-18.4678416666667,143.890752777778,54,805309.772513333,7955611.79030466
"290",290,"QDAEIU0008",-19.8878663419573,146.189186817774,55,415122.61353583,7800723.01531075
"291",291,"QDAEIU0009",-19.887857715793,146.187218701618,55,414916.572297947,7800722.97680961
"292",292,"QDAEIU0010",-19.8933742729914,146.182391024598,55,414414.140001905,7800110.02766918
"293",293,"QDAGUP0001",-20.1087638888889,143.724355555556,54,784868.116920083,7774153.13628886
"294",294,"QDAGUP0002",-20.0309972222222,143.762527777778,54,789004.52844931,7782700.77061788
"295",295,"QDAGUP0003",-20.3992777777778,143.681688888889,54,779882.484079537,7742049.42799029
"296",296,"QDAGUP0004",-20.0137333333333,142.477888888889,54,654594.708768812,7786316.4821525
"297",297,"QDAGUP0005",-19.9913722222222,142.46505,54,653273.122211724,7788803.39663945
"298",298,"QDAGUP0006",-19.95565,142.402102777778,54,646719.622091502,7792813.67342952
"299",299,"QDAGUP0007",-20.084325,141.817025,54,585421.71064535,7778978.08451697
"300",300,"QDAGUP0008",-19.8016944444444,142.021525,54,606994.428981544,7810139.80284732
"301",301,"QDAGUP0009",-19.8458694444444,141.960686111111,54,600593.890109376,7805288.30903275
"302",302,"QDAGUP0010",-19.9148527777778,141.834283333333,54,587319.612630464,7797724.48418814
"303",303,"QDAGUP0011",-19.9398194444444,141.827775,54,586624.779968088,7794964.83823533
"304",304,"QDAGUP0012",-19.5818527777778,140.311727777778,54,427813.572522651,7834644.46375556
"305",305,"QDAGUP0013",-19.297825,140.16375,54,412140.095113043,7866006.43290526
"306",306,"QDAGUP0014",-18.2388388888889,140.787038888889,54,477485.881901509,7983376.82891246
"307",307,"QDAGUP0015",-18.2570472222222,140.732569444444,54,471730.319631351,7981354.7044475
"308",308,"QDAGUP0016",-18.2488555555556,140.748266666667,54,473388.410984718,7982263.38466476
"309",309,"QDAGUP0017",-17.6413777777778,141.086263888889,54,509150.405565632,8049488.21118513
"310",310,"QDAGUP0018",-17.6605388888889,141.105402777778,54,511179.374367958,8047367.34386802
"311",311,"QDAGUP0019",-17.6216583333333,141.073663888889,54,507814.714801548,8051670.37859082
"312",312,"QDAGUP0021",-17.0021916666667,140.993702777778,54,499329.711076473,8120202.50049161
"313",313,"QDAGUP0022",-17.0222388888889,141.055480555556,54,505904.833721274,8117983.94794624
"314",314,"QDAGUP0023",-17.0233861111111,141.037302777778,54,503970.135845801,8117857.49476997
"315",315,"QDAGUP0024",-17.4635388888889,140.847533333333,54,483811.362923145,8069158.3411159
"316",316,"QDAGUP0026",-17.4704861111111,140.847705555556,54,483830.262397019,8068389.78146614
"317",317,"QDAGUP0027",-17.3757277777778,141.175841666667,54,518679.484043357,8078870.75227799
"318",318,"QDAGUP0028",-17.2950416666667,141.178916666667,54,519014.444514539,8087796.68259322
"319",319,"QDAGUP0029",-16.8471638888889,143.158461111111,54,729984.56665548,8136096.4001615
"320",320,"QDAGUP0030",-16.8480416666667,143.158466666667,54,729984.097482135,8135999.23323958
"321",321,"QDAGUP0031",-16.8480583333333,143.157519444444,54,729883.111062453,8135998.49113501
"322",322,"QDAMGD0001",-23.5207694444444,144.225891666667,55,216731.510430242,7396091.12971488
"323",323,"QDAMGD0002",-23.5094777777778,144.226038888889,55,216722.365377058,7397342.49269904
"324",324,"QDAMGD0003",-23.5308277777778,144.303463888889,55,224677.551678945,7395127.8619223
"325",325,"QDAMGD0004",-23.5140738333333,144.341707355556,55,228549.83687914,7397056.95110609
"326",326,"QDAMGD0005",-23.5177361111111,144.333286111111,55,227697.020776424,7396635.24712114
"327",327,"QDAMGD0006",-23.6647083333333,144.041794444444,55,198251.836684543,7379765.56614295
"328",328,"QDAMGD0007",-23.6581722222222,144.094941666667,55,203661.504487107,7380601.3103991
"329",329,"QDAMGD0008",-23.6460138888889,144.074980555556,55,201596.495752849,7381906.91292585
"330",330,"QDAMGD0009",-24.0941638888889,143.3365,54,737518.879843852,7333370.32507099
"331",331,"QDAMGD0010",-24.0912138888889,143.353413888889,54,739244.404987717,7333668.36530155
"332",332,"QDAMGD0011",-24.0806305555556,143.315183333333,54,735375.857818526,7334905.43586772
"333",333,"QDAMGD0012",-24.8218222222222,144.823608333333,55,280030.794382087,7253026.99737202
"334",334,"QDAMGD0013",-22.5161777777778,143.050230555556,54,710884.145056216,7508592.29526391
"335",335,"QDAMGD0014",-22.50515,143.025197222222,54,708325.01335857,7509848.62906699
"336",336,"QDAMGD0015",-22.5629305555556,143.058172222222,54,711629.939875016,7503403.47641936
"337",337,"QDAMGD0016",-22.5089638888889,143.139880555556,54,720119.84917589,7509261.99616346
"338",338,"QDAMGD0017",-22.1149666666667,143.299425,54,737202.744999725,7552655.19851532
"339",339,"QDAMGD0018",-22.1181777777778,143.337166666667,54,741092.158659528,7552240.19329065
"340",340,"QDAMGD0019",-22.0701222222222,142.231813888889,54,627093.340292037,7558898.06931212
"341",341,"QDAMGD0020",-22.0636027777778,142.223008333333,54,626190.50897252,7559627.11997491
"342",342,"QDAMGD0021",-22.3808,141.299880555556,54,530870.703855953,7524992.07775998
"343",343,"QDAMGD0022",-22.3687444444444,141.287280555556,54,529576.156937446,7526329.06275017
"344",344,"QDAMGD0023",-23.6872416666667,140.986636111111,54,498637.479722573,7380399.39389004
"345",345,"QDAMGD0024",-23.6464194444444,141.003738888889,54,500381.318194331,7384918.84551644
"346",346,"QDAMGD0025",-20.3379472222222,143.872438888889,54,799921.619163346,7748506.25066992
"347",347,"QDAMGD0026",-20.3961916666667,143.860777777778,54,798591.057964604,7742075.72183941
"348",348,"QDAMGD0027",-20.0695166666667,138.174561111111,54,204482.091246895,7778324.10227486
"349",349,"QDAMGD0028",-19.9491388888889,138.098630555556,54,196303.970715708,7791521.8971561
"350",350,"QDAMII0001",-19.50785,140.221358333333,54,418297.904372318,7842793.11805259
"351",351,"QDAMII0002",-20.0078944444444,138.160591666667,54,202904.080664112,7785124.88003031
"352",352,"QDAMUL0001",-24.7336472222222,144.683438888889,55,265693.286992992,7262562.02793686
"353",353,"QDAMUL0002",-24.7381527777778,144.701591666667,55,267538.365087763,7262093.8549988
"354",354,"QDAMUL0003",-24.7551222222222,144.708322222222,55,268250.825988157,7260225.35384487
"355",355,"QDASEQ0001",-27.388974,152.880106,56,488145.890818373,6970475.40973436
"356",356,"QDASEQ0002",-26.9026219444444,151.632718888889,56,364220.629673166,7023617.05649426
"357",357,"QDASEQ0003",-27.391123,152.876739,56,487813.22549898,6970237.04968784
"358",358,"QDASEQ0004",-27.390056,152.875777,56,487717.994904557,6970355.14199684
"359",359,"QDASSD0001",-23.7640694444444,138.476516666667,54,242811.511351225,7369610.55214699
"360",360,"QDASSD0002",-23.8277194444444,138.389702777778,54,234089.23063677,7362398.91331633
"361",361,"QDASSD0003",-23.8315722222222,138.407416666667,54,235902.390124679,7362005.20821944
"362",362,"QDASSD0004",-23.680125,138.433775,54,238285.715399087,7378832.32984631
"363",363,"QDASSD0005",-23.6944388888889,138.440997222222,54,239051.074903695,7377259.81521501
"364",364,"QDASSD0006",-23.8795416666667,138.098419444444,54,204517.579164978,7356079.2199167
"365",365,"QDASSD0007",-23.8804888888889,138.096425,54,204316.512413562,7355970.08844144
"366",366,"QDASSD0008",-23.9541527777778,138.136986111111,54,208614.864800334,7347891.94153443
"367",367,"QDASSD0009",-23.9673083333333,138.140975,54,209050.629333272,7346442.46388033
"368",368,"QDASSD0010",-23.731025,138.000386111111,54,194180.185707575,7372328.53450709
"369",369,"QDASSD0011",-23.2366333333333,138.226080555556,54,216145.55251761,7427572.24191568
"370",370,"QDASSD0012",-23.3444972222222,138.252244444444,54,219051.108456137,7415672.75872776
"371",371,"QDASSD0013",-23.2941888888889,138.226025,54,216261.907327895,7421195.36037389
"372",372,"QDASSD0014",-23.1757861111111,138.167288888889,54,209994.605937207,7434197.6157367
"373",373,"QDASSD0015",-23.188075,138.193094444444,54,212664.264286044,7432887.31398003
"374",374,"SAABHC0001",-31.9228805555556,140.465169444444,54,449439.83145402,6467987.58113251
"375",375,"SAABHC0002",-31.9833694444444,140.502377777778,54,452988.178077432,6461299.54035893
"376",376,"SAABHC0003",-31.9426555555556,140.546602777778,54,457147.378135434,6465830.77083384
"377",377,"SAABHC0004",-32.0189972222222,140.526855555556,54,455317.971455634,6457360.78660993
"378",378,"SAABHC0005",-31.9732123531821,140.583642862064,54,460661.260218511,6462457.8217492
"379",379,"SAABHC0006",-31.9046965345642,140.680164670566,54,469758.567284642,6470083.28764986
"380",380,"SAAEYB0002",-35.1010595017196,137.395733562074,53,718367.260535846,6113123.65927489
"381",381,"SAAEYB0003",-35.1726705844467,137.165134496676,53,697172.085674761,6105661.53666927
"382",382,"SAAEYB0004",-35.1536276675088,137.078354169249,53,689312.217271111,6107942.53610355
"383",383,"SAAEYB0005",-35.113453,137.017442,53,683853.421859298,6112513.04024434
"384",384,"SAAEYB0006",-35.132789,137.095945,53,690963.460160444,6110220.4189409
"385",385,"SAAEYB0007",-35.2704748,136.8777863,53,670795.625913918,6095345.17286398
"386",386,"SAAEYB0008",-35.0493487203366,137.213925289641,53,701920.229015298,6119243.32282367
"387",387,"SAAEYB0009",-35.2553630961802,136.848181144853,53,668133.774416663,6097071.95118693
"388",388,"SAAEYB0010",-35.246255,136.926715,53,675298.703443497,6097946.32119969
"389",389,"SAAEYB0011",-35.156909,137.046928,53,686441.776739937,6107637.92876133
"390",390,"SAAEYB0012",-35.1725933091166,136.946590517549,53,677267.388390035,6106081.70685899
"391",391,"SAAEYB0013",-35.1897168287742,137.096902886899,53,690917.59936797,6103903.89657158
"392",392,"SAAEYB0021",-33.8388221207133,136.129233067226,53,604481.360756365,6255141.48402759
"393",393,"SAAEYB0022",-33.8352958348223,136.018886214555,53,594275.046647879,6255639.07969578
"394",394,"SAAEYB0023",-33.8109867050971,136.147319838707,53,606189.318402702,6258209.45227546
"395",395,"SAAEYB0024",-33.7616102915026,136.067405126058,53,598849.258552201,6263763.94638082
"396",396,"SAAEYB0025",-34.6620865346686,135.37095427325,53,533988.843962487,6164366.63328504
"397",397,"SAAEYB0026",-34.6702565665773,135.392463514687,53,535956.118216875,6163453.18264436
"398",398,"SAAEYB0027",-34.6799485006395,135.391065811798,53,535823.891473969,6162378.93069215
"399",399,"SAAEYB0028",-34.688537987332,135.387597043682,53,535502.463750543,6161427.65966558
"400",400,"SAAEYB0029",-33.265793866005,136.937198090851,53,680434.225984263,6317572.95433702
"401",401,"SAAEYB0030",-33.1909190686092,136.823457430335,53,669983.57288701,6326066.38181914
"402",402,"SAAEYB0031",-33.2081081678862,136.90071180528,53,677151.672132768,6324032.12130628
"403",403,"SAAEYB0032",-33.2023505004681,136.849443665604,53,672383.949221787,6324756.25998944
"404",404,"SAAEYB0033",-33.2233481080784,136.924063302282,53,679297.325763417,6322302.37111009
"405",405,"SAAFLB0003",-34.97365,138.646998,54,285194.98943543,6127349.9537661
"406",406,"SAAFLB0004",-35.0703472222222,138.5786,54,279210.000598916,6116474.02741812
"407",407,"SAAFLB0005",-33.0267694444444,138.103255555556,54,229432.807875152,6342015.64669041
"408",408,"SAAFLB0006",-33.0857361111111,138.162691666667,54,235163.057813322,6335626.85276983
"409",409,"SAAFLB0007",-31.8236888888889,138.299702777778,54,244413.317233556,6475929.483583
"410",410,"SAAFLB0008",-31.8377861111111,138.351191666667,54,249326.519735463,6474486.29375941
"411",411,"SAAFLB0030",-29.9784833333333,138.015119444444,54,211987.400676109,6679848.08498273
"412",412,"SAAFLB0031",-29.971575,137.954566666667,53,785106.036484456,6680689.95178076
"413",413,"SAAGAW0001",-32.9832472222222,137.197208333333,53,705313.485207705,6348426.49594649
"414",414,"SAAGAW0002",-32.9801194444444,137.244272222222,53,709719.583872547,6348680.4890891
"415",415,"SAAGAW0003",-32.97155,137.248361111111,53,710122.064632619,6349622.63485958
"416",416,"SAAGAW0004",-30.87168877,135.4403808,53,542097.804571373,6584535.01691652
"417",417,"SAAGAW0005",-30.8032510114135,135.390123508285,53,537319.93908445,6592137.39956
"418",418,"SAAGAW0006",-30.533632,135.547127,53,552484.912378744,6621954.17640321
"419",419,"SAAGAW0007",-30.5473675778894,135.526835008113,53,550531.198294754,6620441.27487489
"420",420,"SAAGAW0008",-30.6796833723201,135.538546009711,53,551584.281323953,6605772.61468946
"421",421,"SAAGVD0001",-29.3453361111111,130.446161111111,52,640393.063330189,6752884.69873316
"422",422,"SAAGVD0002",-29.3464916666667,130.450477777778,52,640810.582288838,6752751.45194696
"423",423,"SAAGVD0003",-29.3216888888889,130.446161111111,52,640425.472545331,6755505.17607511
"424",424,"SAAGVD0004",-30.8147527777778,132.134261111111,53,225837.050744715,6587413.72498743
"425",425,"SAAKAN0001",-35.6486444444444,137.368027777778,53,714387.137177242,6052437.97525765
"426",426,"SAAKAN0002",-35.643269,137.217397,53,700761.103748955,6053352.56466285
"427",427,"SAAKAN0003",-35.7440833333333,137.334044444444,53,711058.125954009,6041923.74970745
"428",428,"SAAKAN0004",-35.723154,136.973161,53,678467.113122744,6044962.43733508
"429",429,"SAAKAN0005",-35.810624,136.88294,53,670119.454393477,6035419.84936325
"430",430,"SAAKAN0006",-35.900621287,136.896083468,53,671113.483506732,6025413.42064924
"431",431,"SAAKAN0007",-35.908982,136.586576,53,643164.215644469,6024983.97707625
"432",432,"SAAKAN0008",-35.904381,137.551283,53,730242.287062179,6023649.69908472
"433",433,"SAAKAN0009",-35.943027,137.324832,53,709700.234492373,6019872.60894036
"434",434,"SAAKAN0010",-35.842017,137.906987,53,762557.086213124,6029671.84792869
"435",435,"SAAKAN0012",-35.884354,137.989879,53,769902.208993409,6024748.28323575
"436",436,"SAAMDD0007",-34.3623461111111,139.499723611111,54,362038.003992959,6196646.98539102
"437",437,"SAAMDD0008",-34.3417311111111,139.507722222222,54,362739.992370827,6198943.99612175
"438",438,"SAAMDD0009",-34.3579019444444,139.485928611111,54,360761.987395396,6197120.99712475
"439",439,"SAAMDD0010",-34.3205658333333,139.502423888889,54,362218.002259442,6201284.00577377
"440",440,"SAAMDD0011",-34.3199805555556,139.530028611111,54,364756.996255646,6201386.00580116
"441",441,"SAANUL0001",-30.9657583333333,132.087641666667,53,221812.546448055,6570553.15350153
"442",442,"SAANUL0002",-31.3933722222222,131.277372222222,52,716540.438996409,6524558.7457615
"443",443,"SAANUL0003",-31.482375,131.266791666667,52,715330.427824547,6514711.58142644
"444",444,"SAANUL0004",-31.5111777777778,131.306630555556,52,719048.585087854,6511439.13978537
"445",445,"SAARIV0001",-34.0843027777778,140.757602777778,54,477637.254564709,6228470.12352653
"446",446,"SAARIV0002",-34.0833416666667,140.758477777778,54,477717.727528324,6228576.88247683
"447",447,"SAARIV0003",-34.0838888888889,140.7602,54,477876.758364569,6228516.58053906
"448",448,"SAARIV0004",-34.2615666666667,140.386861111111,54,443551.695812341,6208671.36977298
"449",449,"SAARIV0005",-34.2634722222222,140.387733333333,54,443633.268852178,6208460.55550318
"450",450,"SAARIV0006",-34.2636333333333,140.389852777778,54,443828.49980731,6208443.86260732
"451",451,"SAARIV0007",-34.15945,139.926763888889,54,401072.384914269,6219644.0111374
"452",452,"SAARIV0008",-34.1591472222222,139.925416666667,54,400947.843068367,6219676.27845971
"453",453,"SAARIV0009",-34.1583777777778,139.927861111111,54,401172.278524078,6219763.97121929
"454",454,"SAASTP0001",-26.2781722222222,134.9992,53,499920.127364013,7093509.75223535
"455",455,"SAASTP0002",-26.2746083333333,135.015597222222,53,501557.286643854,7093904.35195406
"456",456,"SAASTP0003",-26.2739,135.072966666667,53,507285.317958936,7093980.83871498
"457",457,"SAASTP0004",-26.0881422222222,135.452201944444,53,545221.780560879,7114476.43093168
"458",458,"SAASTP0005",-26.0959083333333,135.423503333333,53,542348.989351548,7113626.00280557
"459",459,"SAASTP0006",-26.340247,135.873785,53,587194.985289873,7086340.04512702
"460",460,"SAASTP0007",-26.3550416666667,135.816591666667,53,581477.054200069,7084738.80836945
"461",461,"SAASTP0008",-26.3688777777778,135.788761111111,53,578690.728224881,7083223.65249775
"462",462,"SAASTP0009",-26.3502527777778,135.704627777778,53,570308.159587541,7085335.04025857
"463",463,"SAASTP0010",-26.3666833333333,135.581711111111,53,558034.977404689,7083576.42499169
"464",464,"SAASTP0011",-26.4805,135.457647222222,53,545612.633602055,7071020.82177142
"465",465,"SAASTP0012",-26.6227944444444,135.433727777778,53,543175.280975234,7055269.39659265
"466",466,"SAASTP0013",-26.5741027777778,135.307391666667,53,530612.063143478,7060698.63603415
"467",467,"SAASTP0014",-27.86115,136.649369444444,53,662390.283115229,6917086.085543
"468",468,"SAASTP0015",-27.8656666666667,136.678330555556,53,665235.283088953,6916546.92554859
"469",469,"SAASTP0016",-27.8349611111111,136.629922222222,53,660513.862980252,6920013.3828734
"470",470,"SAASTP0017",-27.8397833333333,136.639730555556,53,661472.789496098,6919466.21464478
"471",471,"SAASTP0018",-28.4334277777778,136.428380555556,53,639884.008608881,6853952.76711871
"472",472,"SAASTP0019",-28.4196569444444,136.481239722222,53,645080.01255771,6855416.00409734
"473",473,"SAASTP0020",-28.4376444444444,136.458813888889,53,642859.087714072,6853449.78597971
"474",474,"SAASTP0021",-28.4024694444444,136.532908333333,53,650165.59679061,6857257.06662633
"475",475,"SAASTP0022",-28.2056083333333,134.536,53,454464.9591387,6879933.85424499
"476",476,"SAASTP0023",-28.20895,134.584947222222,53,459269.75421262,6879581.0805295
"477",477,"SAASTP0024",-27.9941,134.973888888889,53,497432.549802966,6903450.92774723
"478",478,"SAASTP0025",-27.9597227777778,134.971319444444,53,497179.007521805,6907258.99954033
"479",479,"SAASTP0026",-27.788875,134.892207777778,53,489381.008633987,6926180.01160375
"480",480,"SAASTP0027",-27.73725,134.843755555556,53,484600.53975207,6931893.46530637
"481",481,"SAASTP0028",-27.7105611111111,134.844616666667,53,484681.681191346,6934849.92550172
"482",482,"SAASTP0029",-28.0870777777778,135.861472222222,53,584635.723915874,6892851.93735504
"483",483,"SAASTP0030",-29.290199,139.179877,54,323201.96450076,6758487.97418604
"484",484,"SAASTP0031",-29.276984,139.175572,54,322760.904800533,6759946.02489114
"485",485,"SAASTP0032",-29.2894861111111,139.182461111111,54,323451.79038982,6758570.88075318
"486",486,"SAASTP0033",-30.3605802,135.3898437,53,537462.99267767,6641193.92320427
"487",487,"SAASTP0034",-30.3633961,135.5281127,53,550749.000834066,6640828.07382637
"488",488,"SASMDD0001",-34.0026583333333,140.586408333333,54,461806.770710137,6237472.18108974
"489",489,"SASMDD0002",-34.0116972222222,140.592691666667,54,462390.995352346,6236472.28085907
"490",490,"SASMDD0003",-33.9945305555556,140.585636111111,54,461731.814711705,6238373.09352423
"491",491,"SASMDD0004",-33.9967638888889,140.734627777778,54,475492.488165447,6238171.10167688
"492",492,"SASMDD0005",-33.9743111111111,140.725780555556,54,474668.771658107,6240658.47481587
"493",493,"SASMDD0006",-33.9727416666667,140.727261111111,54,474805.076592494,6240832.856506
"494",494,"SASMDD0008",-34.0441527777778,140.76035,54,477880.274703676,6232922.53462433
"495",495,"SASMDD0009",-34.060282,140.69458,54,471815.01424147,6231117.96807521
"496",496,"SASMDD0011",-34.0188944444444,140.709527777778,54,473181.41723184,6235711.00745894
"497",497,"SASMDD0012",-34.0591388888889,140.754347222222,54,477330.205465712,6231259.57097981
"498",498,"SASMDD0013",-34.0567027777778,140.734869444444,54,475532.015666237,6231525.19854869
"499",499,"SASMDD0014",-34.0377583333333,140.705413888889,54,472807.608806298,6233618.31184763
"500",500,"SASMDD0016",-33.9569027777778,140.718544444444,54,473995.030956339,6242586.8629348
"501",501,"SASMDD0017",-33.9555916666667,140.717997222222,54,473944.070774711,6242732.09709953
"502",502,"SASMDD0018",-34.0030722222222,140.576116666667,54,460856.567495485,6237422.40503371
"503",503,"SASRIV0001",-34.0378277777778,140.755972222222,54,477474.532291147,6233622.89034122
"504",504,"SASRIV0002",-34.0428277777778,140.780633333333,54,479752.117641491,6233073.64778718
"505",505,"SATEYB0001",-34.5043055555556,138.703188888889,54,289135.729284937,6179530.40886695
"506",506,"SATEYB0002",-33.4890277777778,138.080141666667,54,228707.375110147,6290680.99834234
"507",507,"SATFLB0001",-34.6090083333333,138.861344444444,54,303904.100276959,6168235.78935244
"508",508,"SATFLB0002",-34.6830972222222,138.9086,54,308408.319810373,6160109.04225482
"509",509,"SATFLB0003",-34.576925,139.006103,54,317108.837584994,6172066.27501202
"510",510,"SATFLB0004",-31.3277361111111,138.567330555556,54,268528.502389591,6531519.88799127
"511",511,"SATFLB0005",-31.3154611111111,138.566366666667,54,268406.691890897,6532878.87566581
"512",512,"SATFLB0006",-30.7756535799,138.7975706812,54,289227.211891749,6593187.39911455
"513",513,"SATFLB0007",-31.5438831689,138.5945790071,54,271646.995205051,6507611.00524445
"514",514,"SATFLB0008",-32.320958599,137.954389863,53,778134.619149562,6420151.50674272
"515",515,"SATFLB0009",-32.310521035,137.968270713,53,779473.994642249,6421273.00190797
"516",516,"SATFLB0010",-32.828511335,138.0326702171,54,222217.841586016,6363822.33772689
"517",517,"SATFLB0011",-32.748419987,138.1362667681,54,231678.646705505,6372973.45362978
"518",518,"SATFLB0012",-34.88076551,138.7082603,54,290552.578139316,6137783.26038146
"519",519,"SATFLB0013",-33.9141962,138.60380994,54,278470.234277487,6244772.18755602
"520",520,"SATFLB0014",-34.00513798,138.95937014,54,311548.562748743,6235397.00377167
"521",521,"SATFLB0015",-34.93342691,138.72695366,54,292394.006291845,6131980.74902752
"522",522,"SATFLB0016",-30.343475,139.339691666667,54,340410.40651031,6641985.50876223
"523",523,"SATFLB0017",-30.3318111111111,139.373672222222,54,343658.53059815,6643325.63045531
"524",524,"SATFLB0018",-30.2190444444444,139.324130555556,54,338710.989152487,6655754.92608128
"525",525,"SATFLB0019",-30.2195305555556,139.232869444444,54,329927.326349527,6655568.16427427
"526",526,"SATFLB0020",-30.2556777777778,139.227233333333,54,329447.254911943,6651553.2243657
"527",527,"SATFLB0021",-30.4121111111111,139.219941666667,54,329017.780046833,6634203.16744681
"528",528,"SATFLB0022",-30.4060055555556,139.226058333333,54,329594.795286367,6634889.14274237
"529",529,"SATFLB0023",-30.5994361111111,139.073613888889,54,315314.396034117,6613208.44816353
"530",530,"SATFLB0024",-30.760856,138.579558,54,268322.204725854,6594396.95641731
"531",531,"SATFLB0025",-30.7850138888889,138.632936111111,54,273489.461614465,6591827.9210078
"532",532,"SATFLB0026",-34.8877555555556,138.78705,54,297771.758646881,6137169.89542047
"533",533,"SATFLB0027",-35.0830805555556,138.679005555556,54,288399.910968897,6115279.40648185
"534",534,"SATFLB0028",-33.5530833333333,138.393272222222,54,257988.268044677,6284351.37057574
"535",535,"SATKAN0001",-35.6082694444444,138.261275,54,251919.613414871,6056045.0744475
"536",536,"SATKAN0002",-35.2721111111111,138.690175,54,289905.678525478,6094333.91631315
"537",537,"SATKAN0003",-35.4609416666667,138.604038888889,54,282576.831505271,6073200.03268016
"538",538,"SATKAN0004",-34.9271666666667,139.038147222222,54,320807.042609864,6133276.96775727
"539",539,"SATSTP0001",-30.5616638888889,139.436313888889,54,350033.536477148,6617934.38397392
"540",540,"SATSTP0002",-30.6563277777778,139.547355555556,54,360819.697895287,6607584.82799723
"541",541,"SATSTP0003",-29.7552833333333,138.849177777778,54,292026.138473012,6706392.83397897
"542",542,"SATSTP0004",-29.7914694444444,138.831855555556,54,290426.16570264,6702350.43791783
"543",543,"SATSTP0005",-29.4565972222222,138.848797222222,54,291374.950076708,6739499.04298372
"544",544,"SATSTP0006",-29.5305,138.8167,54,288415.11386741,6731249.61320146
"545",545,"SATSTP0007",-29.53599751,138.81710684,54,288466.000087167,6730640.99963587
"546",546,"SATSTP0008",-29.38785704,138.88137852,54,294397.000066412,6747176.00031391
"547",547,"TCABEL0001",-41.5471406810866,147.66851653021,55,555755.915268136,5400286.49828451
"548",548,"TCABEL0002",-41.5408580528683,147.663959801777,55,555381.231630721,5400986.93256448
"549",549,"TCABEL0003",-41.5341425,147.6698156,55,555875.449467742,5401728.72844533
"550",550,"TCATCH0001",-41.761479,146.719595,55,476690.993307883,5376667.94807872
"551",551,"TCATCH0002",-41.9248706161916,146.682830149199,55,473701.857779508,5358516.61544772
"552",552,"TCATCH0003",-41.9620443003241,146.677560695713,55,473280.465501614,5354387.66812983
"553",553,"TCATCH0004",-41.9883908433958,146.835712574777,55,486391.631493881,5351499.67351247
"554",554,"TCATCH0005",-41.9768076457322,146.663981425394,55,472161.621195041,5352744.19309267
"555",555,"TCATCH0006",-41.9658046875666,146.652027274331,55,471166.283713781,5353961.88139105
"556",556,"TCATCH0007",-41.8833038363591,146.457591793785,55,454996.987691785,5363038.0684571
"557",557,"TCATCH0008",-41.8570515353586,146.587633197976,55,465772.402197262,5366012.79183906
"558",558,"TCATCH0009",-41.8859211273348,146.615100467001,55,468066.638586568,5362818.0826066
"559",559,"TCATCH0010",-41.791483,146.682467,55,473616.979340478,5373326.03649437
"560",560,"TCATCH0011",-41.852076869417,146.689365493025,55,474214.479893426,5366600.66093426
"561",561,"TCATCH0012",-42.0925648019984,147.085724332715,55,507089.187262926,5339942.77324046
"562",562,"TCATNM0001",-41.7741562,147.3154927,55,526220.555111244,5375250.36566316
"563",563,"TCATNM0002",-42.0520786960724,147.416814352398,55,534491.444060543,5344357.47714361
"564",564,"TCATNM0003",-42.0368028126304,147.433013848709,55,535840.541775921,5346046.90028387
"565",565,"TCATNM0004",-41.8456347956553,147.483909252638,55,540172.978794604,5367249.3587283
"566",566,"TCATNM0005",-41.7968974901796,147.607968395943,55,550510.396466048,5372595.0011267
"567",567,"TCATNM0006",-42.0524099125732,147.549261768962,55,545451.280488555,5344258.81045412
"568",568,"VCAAUA0001",-36.9089694444444,147.287730555556,55,525631.650459011,5915187.21679694
"569",569,"VCAAUA0002",-36.9145111111111,147.281038888889,55,525033.730185283,5914574.2456584
"570",570,"VCAAUA0003",-36.8621694444444,147.320052777778,55,528528.397441518,5920369.64406913
"571",571,"VCAAUA0004",-36.9077583333333,147.290138888889,55,525846.599004393,5915320.91796375
"572",572,"VCAAUA0005",-36.8926777777778,147.298661111111,55,526611.026522667,5916991.48861611
"573",573,"VCAAUA0006",-36.9162194444444,147.212772222222,55,518952.398593591,5914400.47617762
"574",574,"VCAAUA0007",-36.9078611111111,147.255583333333,55,522768.231147498,5915318.32047681
"575",575,"VCAAUA0008",-36.9030583333333,147.252316666667,55,522478.633772073,5915851.87576129
"576",576,"VCAAUA0009",-36.8940083333333,147.302516666667,55,526954.093716926,5916842.80589067
"577",577,"VCAAUA0010",-36.856725,147.353497222222,55,531511.764950791,5920963.09113136
"578",578,"VCAAUA0011",-37.1107194444444,147.164316666667,55,514599.030259398,5892832.41611977
"579",579,"VCAAUA0012",-37.1001194444444,147.155558333333,55,513822.804806612,5894009.64131102
"580",580,"VCAAUA0013",-37.4082555555556,146.751063888889,55,477969.607728419,5859807.87659034
"581",581,"VCAAUA0014",-37.4020805555556,146.755061111111,55,478321.576186534,5860493.86423036
"582",582,"VCAAUA0015",-37.3888472222222,146.764569444444,55,479159.453009927,5861964.12522851
"583",583,"VCAMDD0001",-34.9809861111111,141.610538888889,54,555725.932669813,6128895.27924469
"584",584,"VCAMDD0002",-34.9822944444444,141.651483333333,54,559462.177520152,6128726.58992431
"585",585,"VCAMDD0003",-34.9982944444444,141.728361111111,54,566466.153233682,6126903.75959854
"586",586,"WAAAVW0001",-31.9022361111111,118.943630555556,50,683796.505721181,6468752.74399656
"587",587,"WAAAVW0002",-31.8458333333333,118.905125,50,680264.518979239,6475070.64821558
"588",588,"WAAAVW0003",-32.4795055555556,116.9389,50,494259.01494147,6406411.07366076
"589",589,"WAAAVW0004",-32.4797055555556,116.935613888889,50,493950.263703263,6406388.72190936
"590",590,"WAAAVW0005",-29.6168112,116.966213,50,496728.87557204,6723673.36074893
"591",591,"WAAAVW0006",-29.6035453984477,116.9675461692,50,496857.536405097,6725143.26925956
"592",592,"WAAAVW0007",-29.6720517,116.9664337,50,496752.016475463,6717552.60116645
"593",593,"WAACAR0001",-26.4081439438969,114.366712441,50,237327.75710328,7076429.62199796
"594",594,"WAACAR0002",-26.48102,114.27782,50,228627.696813452,7068168.49279042
"595",595,"WAACAR0003",-26.5150794065721,114.098356445687,50,210813.476567423,7064001.4085266
"596",596,"WAACAR0004",-26.3680647,114.2202138,50,222611.763786518,7080564.1712907
"597",597,"WAACEK0001",-16.4615166666667,126.397922222222,52,222166.924383759,8178224.48131693
"598",598,"WAACEK0002",-17.0525694444444,125.242397222222,51,738672.169147128,8113259.33943891
"599",599,"WAACEK0003",-17.2379694444444,125.295561111111,51,744090.685986923,8092669.69715988
"600",600,"WAACOO0001",-31.3996111111111,119.518944444444,50,739500.598825827,6523365.72389322
"601",601,"WAACOO0003",-31.3999722222222,119.647861111111,50,751760.918055056,6523037.44817302
"602",602,"WAACOO0004",-31.3988611111111,119.646555555556,50,751639.711238402,6523163.64660687
"603",603,"WAACOO0005",-31.6028805555556,119.809605555556,50,766568.215058293,6500153.959231
"604",604,"WAACOO0006",-31.5963777777778,119.824122222222,50,767964.66464971,6500839.56981623
"605",605,"WAACOO0007",-31.6067222222222,119.807547222222,50,766361.905751241,6499732.95615937
"606",606,"WAACOO0008",-31.60951,119.79227,50,764904.076862926,6499460.96820883
"607",607,"WAACOO0009",-31.2391138888889,120.326108333333,51,245330.231751989,6540814.51745313
"608",608,"WAACOO0010",-31.2318083333333,120.329833333333,51,245665.540981323,6541633.18537378
"609",609,"WAACOO0011",-31.252836247,120.341938607,51,246875.103793754,6539329.33750277
"610",610,"WAACOO0012",-31.2373611111111,120.332297222222,51,245915.182901059,6541023.13943238
"611",611,"WAACOO0016",-31.2032166666667,120.308216666667,51,243528.586912606,6544753.58896665
"612",612,"WAACOO0017",-31.1696361111111,120.304930555556,51,243124.615997139,6548469.55556113
"613",613,"WAACOO0018",-31.195625,120.317888888889,51,244430.036508469,6545617.8069366
"614",614,"WAACOO0019",-31.2071083333333,120.265136111111,51,239433.136181952,6544221.23478061
"615",615,"WAACOO0020",-30.192,120.655138888889,51,274248.817656003,6657615.22265607
"616",616,"WAACOO0021",-30.1923333333333,120.650611111111,51,273813.54741576,6657569.28215666
"617",617,"WAACOO0022",-30.1953055555556,120.63275,51,272100.341615892,6657204.16108507
"618",618,"WAACOO0023",-30.1927941666667,120.641466944444,51,272934.007679233,6657499.99021316
"619",619,"WAACOO0024",-30.1854222222222,120.644138888889,51,273174.412304972,6658322.55563923
"620",620,"WAACOO0025",-30.1951194444444,120.598783333333,51,268828.924839036,6657156.29469543
"621",621,"WAACOO0026",-30.5303861111111,120.665680555556,51,276036.931079144,6620122.75854997
"622",622,"WAACOO0027",-30.5014861111111,120.660041666667,51,275429.290295516,6623315.44841039
"623",623,"WAACOO0028",-30.4875833333333,120.658136111111,51,275214.37402483,6624852.93843266
"624",624,"WAACOO0029",-30.4328972222222,120.626683333333,51,272067.136003975,6630852.49460862
"625",625,"WAACOO0030",-32.0121722222222,126.263391666667,52,241503.500223355,6454941.13137385
"626",626,"WAACOO0031",-30.6853222222222,120.257422222222,51,237272.667735255,6602060.98143071
"627",627,"WAACOO0032",-30.7885305555556,120.314936111111,51,243058.519195195,6590750.65199
"628",628,"WAADAL0001",-17.4152666666667,124.945525,51,706659.319002097,8073454.74369302
"629",629,"WAADAL0002",-17.8930594,122.6500285,51,462928.643605438,8021611.09972745
"630",630,"WAADAL0003",-17.88259,122.62896,51,460694.596347288,8022765.08557781
"631",631,"WAADAL0004",-17.8915288930075,122.655865779901,51,463546.661563732,8021781.58044065
"632",632,"WAADAL0005",-17.4848908014956,123.031530253269,51,503347.432257076,8066802.36203696
"633",633,"WAAESP0001",-34.4769,117.754269444444,50,569264.201557308,6184706.14859228
"634",634,"WAAGAS0001",-23.4091333333333,120.559705555556,51,250623.018806124,7409077.37057623
"635",635,"WAAGAS0002",-23.3847,120.479138888889,51,242338.879157277,7411642.30755632
"636",636,"WAAGES0001",-27.5238166666667,114.528980555556,50,255939.857046593,6953112.04410178
"637",637,"WAAGES0002",-27.5095444444444,114.608266666667,50,263743.013447081,6954847.44926073
"638",638,"WAAGES0003",-27.6053944444444,114.692158333333,50,272230.570717495,6944382.48994694
"639",639,"WAAGES0004",-27.4970724972627,114.71816978296,50,274577.276524758,6956434.25682154
"640",640,"WAAGES0005",-27.5296808057064,114.674852716393,50,270364.407574432,6952741.10337152
"641",641,"WAAGSD0001",-19.8124638888889,121.474191666667,51,340189.657012271,7808549.86351956
"642",642,"WAAGVD0001",-29.6692638888889,125.13025,51,706159.944598017,6715964.35465034
"643",643,"WAAHAM0001",-31.9848333333333,128.285241666667,52,432475.369739479,6461022.31084981
"644",644,"WAAHAM0002",-31.8882611111111,128.237330555556,52,427873.619106637,6471696.0128878
"645",645,"WAAHAM0003",-31.7691,128.288088888889,52,432587.441905808,6484936.85611151
"646",646,"WAAHAM0004",-31.9524472222222,127.274283333333,52,336901.834919199,6463535.04633567
"647",647,"WAAHAM0005",-32.2258722222222,127.440336111111,52,353035.815151003,6433460.80292122
"648",648,"WAAHAM0006",-32.2191416666667,126.301886111111,52,245715.876214994,6432080.08435362
"649",649,"WAAJAF0001",-34.6191722222222,117.155436111111,50,514249.209312567,6169176.98253674
"650",650,"WAAJAF0002",-34.5995416666667,117.266086111111,50,524398.528615859,6171332.60663858
"651",651,"WAAJAF0003",-34.4036277777778,117.687625,50,563199.312638773,6192874.81867038
"652",652,"WAALSD0001",-25.0966444444444,120.723963888889,51,270466.919218362,7222416.50823727
"653",653,"WAALSD0002",-25.0572027777778,120.7392,51,271930.848080218,7226811.89177249
"654",654,"WAALSD0003",-25.2688666666667,120.6275,51,261071.630872716,7203168.07607728
"655",655,"WAAMAL0001",-32.0631416666667,126.279308333333,52,243149.958944875,6449326.71115433
"656",656,"WAAMAL0002",-32.814725,119.142836111111,50,700611.598288348,6367218.80806594
"657",657,"WAAMAL0003",-32.8745888888889,119.158022222222,50,701897.924123265,6360551.56728927
"658",658,"WAAMUR0001",-28.0651111111111,121.013705555556,51,304798.085550066,6893992.6079143
"659",659,"WAAMUR0002",-28.143125,120.966122222222,51,300265.399524783,6885270.1947253
"660",660,"WAAMUR0003",-26.8731969,116.6355751,50,463802.903281636,7027557.20688806
"661",661,"WAAMUR0004",-26.4917943,116.5814233,50,458285.554014672,7069783.22188649
"662",662,"WAAMUR0005",-26.5686423,116.6085684,50,461016.774858519,7061280.57313392
"663",663,"WAAMUR0006",-26.6949439,116.7166219,50,471809.051307023,7047320.47822862
"664",664,"WAAMUR0007",-26.7993437125397,116.648383773263,50,465052.493310033,7035740.62243353
"665",665,"WAAMUR0008",-26.7456814,116.8295422,50,483050.103700381,7041721.02763601
"666",666,"WAAMUR0028",-27.3891611111111,120.698586111111,51,272420.506594759,6968357.021601
"667",667,"WAAMUR0029",-27.3993694444444,120.682205555556,51,270821.242020292,6967195.6899188
"668",668,"WAAMUR0030",-27.382775,120.691152777778,51,271672.092259086,6969051.09859175
"669",669,"WAAMUR0031",-27.4386166666667,120.655516666667,51,268263.450331234,6962796.87453195
"670",670,"WAANOK0001",-15.2243456777205,126.214664839634,52,200767.853603064,8314949.07150068
"671",671,"WAANOK0002",-15.2295384,126.2081139,52,200070.958591636,8314365.12141642
"672",672,"WAANOK0003",-14.8470567,126.2793561,52,207207.364563724,8356807.87305135
"673",673,"WAANOK0004",-14.783264094,126.493138724,52,230148.749334144,8364138.7016302
"674",674,"WAANOK0005",-14.796853,126.540517,52,235268.050967203,8362690.98892724
"675",675,"WAANOK0006",-14.84238,126.28239,52,207527.78719114,8357329.61518255
"676",676,"WAANOK0007",-14.57553,126.56193,52,237309.661160939,8387214.26962947
"677",677,"WAANOK0008",-14.7823306,126.4903962,52,229852.209238527,8364238.73336595
"678",678,"WAANUL0001",-31.7340666666667,125.869944444444,51,771912.255105331,6485456.61343778
"679",679,"WAANUL0002",-31.6990694444444,125.861055555556,51,771171.736930212,6489359.97817788
"680",680,"WAANUL0003",-29.7187777777778,125.315836111111,51,724015.344533361,6710130.56206012
"681",681,"WAANUL0004",-29.4734361111111,127.071927777778,52,313049.695050328,6738011.81940542
"682",682,"WAANUL0005",-30.0122638888889,127.690208333333,52,373683.622462934,6679133.45723193
"683",683,"WAANUL0006",-30.0255694444444,127.730944444444,52,377628.885830926,6677703.14117602
"684",684,"WAANUL0007",-30.0354805555556,127.789519444444,52,383289.140269397,6676665.95105091
"685",685,"WAANUL0008",-30.0722555555556,127.91645,52,395566.778453547,6672713.23964495
"686",686,"WAANUL0009",-29.6561055555556,127.068638888889,52,313067.593707743,6717760.66670406
"687",687,"WAAPIL0001",-22.6008194444444,118.281502777778,50,631721.152327858,7500102.12400597
"688",688,"WAAPIL0002",-21.5912222222222,117.066358333333,50,506869.020721487,7612416.42671871
"689",689,"WAAPIL0003",-21.5411027777778,117.057005555556,50,505902.905134,7617964.04118458
"690",690,"WAAPIL0004",-21.3949305555556,117.169836111111,50,517604.036984033,7634133.77874083
"691",691,"WAAPIL0005",-21.5712388888889,117.056258333333,50,505824.327213217,7614628.60200839
"692",692,"WAAPIL0006",-21.5642444444444,117.059097222222,50,506118.526032204,7615402.64002004
"693",693,"WAAPIL0007",-21.6771416666667,116.973991666667,50,497309.363597374,7602908.00800208
"694",694,"WAAPIL0008",-21.6628833333333,117.704727777778,50,572914.614857174,7604320.83105559
"695",695,"WAAPIL0009",-21.8727972222222,117.824405555556,50,585173.656055737,7581024.20319707
"696",696,"WAAPIL0010",-21.8570333333333,117.97935,50,601193.931833417,7582675.31310937
"697",697,"WAAPIL0011",-21.891925,117.999286111111,50,603228.933395013,7578799.68212146
"698",698,"WAAPIL0012",-22.6208583333333,118.314302777778,50,635073.392950352,7497854.1602619
"699",699,"WAAPIL0013",-22.6108555555556,118.293936111111,50,632989.636944547,7498979.94180046
"700",700,"WAAPIL0014",-22.635899029,118.224854816,50,625865.92827042,7496267.33707153
"701",701,"WAAPIL0015",-22.6092777777778,117.93565,50,596163.630090124,7499430.13365971
"702",702,"WAAPIL0016",-22.7235888888889,118.268075,50,630224.870825041,7486521.60612389
"703",703,"WAAPIL0017",-22.1338722222222,119.023691666667,50,708721.829283812,7550965.95086754
"704",704,"WAAPIL0018",-22.3355416666667,118.987772222222,50,704722.750650493,7528682.571767
"705",705,"WAAPIL0019",-22.3029222222222,119.012908333333,50,707360.517677219,7532260.45322098
"706",706,"WAAPIL0020",-21.6144333333333,117.120475,50,512468.872678908,7609844.04046044
"707",707,"WAAPIL0021",-21.6064388888889,117.116136111111,50,512020.468199782,7610729.21456851
"708",708,"WAAPIL0022",-21.5814194444444,117.097355555556,50,510078.349306365,7613499.71678623
"709",709,"WAAPIL0023",-22.255,118.695491666667,50,674713.781901786,7537968.44388643
"710",710,"WAAPIL0024",-22.4671,119.085222222222,50,714560.169601321,7513977.63043713
"711",711,"WAAPIL0025",-22.7082138888889,119.708686111111,50,778256.612306998,7486239.8747934
"712",712,"WAAPIL0026",-22.7669277777778,119.631438888889,50,770201.652642224,7479878.57137751
"713",713,"WAAPIL0027",-22.6915666666667,119.773977777778,50,785002.010220042,7487960.12830672
"714",714,"WAAPIL0028",-22.6765527777778,119.840088888889,50,791830.064013991,7489494.98984065
"715",715,"WAAPIL0029",-22.6619361111111,119.917738888889,50,799845.529896041,7490959.68171275
"716",716,"WAAPIL0030",-23.3147388888889,119.632483333333,50,769216.863238436,7419189.09340369
"717",717,"WAAPIL0031",-23.1460472222222,119.265341666667,50,731947.203597013,7438509.67914167
"718",718,"WAAPIL0032",-23.1856638888889,119.237930555556,50,729072.135332144,7434165.099548
"719",719,"WAAPIL0033",-23.2140083333333,119.202358333333,50,725382.183278371,7431081.28431525
"720",720,"WAAPIL0034",-23.3019861111111,120.217119444444,51,215367.109794295,7420313.98120039
"721",721,"WAAPIL0035",-23.365975,120.344155555556,51,228497.201206539,7413469.12492677
"722",722,"WAASWA0001",-32.3442472222222,115.902391666667,50,396711.531379369,6420876.71837996
"723",723,"WAASWA0002",-32.3351555555556,115.907163888889,50,397150.351528354,6421889.18768702
"724",724,"WAASWA0003",-32.3373194444444,115.913566666667,50,397755.398114106,6421655.43611495
"725",725,"WAASWA0004",-31.3754861111111,115.713483333333,50,377660.456405099,6528068.37908225
"726",726,"WAAVIB0001",-15.5786611111111,128.367061111111,52,432139.595594993,8277569.21221235
"727",727,"WAAVIB0002",-15.7198138888889,128.271597222222,52,421957.560202172,8261922.43908824
"728",728,"WAAVIB0003",-16.0062611111111,128.023327777778,52,395503.238375859,8230126.45207002
"729",729,"WAAVIB0004",-15.8196055555556,128.097883333333,52,403391.575848727,8250811.34092225
"730",730,"WAAYAL0002",-26.2520621508029,113.298021246241,49,729525.313809109,7094364.70217805
"731",731,"WAAYAL0004",-26.2546195063196,113.3012957223,49,729847.437586747,7094075.52987019
"732",732,"WAAYAL0005",-26.38997799,113.3111487,49,730563.443696581,7079059.77135548
"733",733,"WAAYAL0006",-29.4468232,116.9988937,50,499892.713133079,6742508.55024715
"734",734,"WAAYAL0007",-29.506912846362,116.952379968716,50,495384.622694248,6735849.71316813
"735",735,"WAAYAL0008",-29.4822659,117.0301964,50,502927.371403048,6738581.15075449
"736",736,"WAGCOO0001",-30.4361277777778,120.642905555556,51,273633.0152024,6630526.95540403
"737",737,"WAGCOO0002",-30.3509916666667,120.642691666667,51,273415.892610892,6639964.79067283
"738",738,"WAGCOO0004",-30.4652583333333,120.806083333333,51,289370.622589948,6627613.19996393
